Age,Group_Size,Travel_Mode,Location,Activity_Type,Duration_Minutes,Hotel_Star,Carbon_Footprint_kg_CO2
23,2,Walking,Kandy,Vehicle Travel,62,3,0.434
66,8,Private Vehicle,Badulla,Vehicle Travel,189,2,17.366
59,10,Flight,Trincomalee,Flight,308,3,202.103
45,1,Private Vehicle,Badulla,Private / Hired Vehicle,47,5,0.477
45,1,Private Vehicle,Yala,Sightseeing,65,3,0.105
72,4,Public Transport,Polonnaruwa,Cultural / Temple Visit,61,2,0.36
23,10,Ferry,Bentota,Ferry,68,3,3.402
61,7,Public Transport,Yala,Spa / Ayurveda,115,5,5.837
30,9,Public Transport,Bentota,Airport Transfer,101,3,6.57
23,4,N/A,Trincomalee,Meal,89,3,9.959
51,2,Public Bus,Nuwara Eliya,Vehicle Travel,216,2,3.969
79,5,Private Vehicle,Trincomalee,Shopping,85,3,2.294
64,2,Ferry,Polonnaruwa,Ferry,70,5,0.811
65,9,N/A,Ella,Resting,174,4,0.842
63,2,Private Vehicle,Dambulla,Private / Hired Vehicle,118,3,2.083
67,3,Private Vehicle,Kalpitiya,Spa / Ayurveda,201,5,4.451
50,5,Walking,Colombo,Walking,56,3,0.003
26,5,Public Transport,Hikkaduwa,Airport Transfer,57,5,2.864
70,7,N/A,Arugam Bay,Meal,54,1,8.913
46,4,Walking,Mirissa,Walking,60,3,0.003
49,14,Private Vehicle,Sigiriya,Vehicle Travel,66,5,14.389
41,12,Private Vehicle,Nuwara Eliya,Airport Transfer,127,5,15.465
29,13,Walking,Sigiriya,Walking,54,4,0.007
76,7,Flight,Ella,Flight,297,4,151.279
67,7,Private Vehicle,Yala,Vehicle Travel,174,5,20.726
58,7,Train,Kalpitiya,Vehicle Travel,189,4,13.813
43,4,Public Bus,Dambulla,Vehicle Travel,236,3,9.086
69,3,Boat,Ella,Boat Ride,48,3,0.702
52,6,Public Transport,Jaffna,Shopping,136,4,3.893
45,1,Private Vehicle,Kandy,Airport Transfer,47,4,0.455
46,1,Public Transport,Kandy,Spa / Ayurveda,132,5,1.004
32,12,N/A,Mirissa,Resting,126,3,0.765
23,1,N/A,Bentota,Meal,49,2,1.393
52,5,Walking,Negombo,Vehicle Travel,303,2,5.04
73,7,Walking,Ella,Other,188,5,0.828
22,2,Bicycle,Galle,Vehicle Travel,140,1,1.883
72,13,Private Vehicle,Negombo,Sightseeing,113,5,3.136
70,2,Private Vehicle,Nuwara Eliya,Sightseeing,164,1,0.488
35,13,Jeep,Kandy,Wildlife Safari,286,3,54.438
57,10,Private Vehicle,Dambulla,Other,201,5,4.334
28,2,Public Transport,Negombo,Airport Transfer,88,3,1.253
65,1,Private Vehicle,Haputale,Sightseeing,102,5,0.226
62,3,Flight,Jaffna,Flight,106,2,18.137
40,4,N/A,Arugam Bay,Resting,59,4,0.129
22,2,Private Vehicle,Hikkaduwa,Airport Transfer,138,4,3.134
79,20,Private Vehicle,Dambulla,Vehicle Travel,108,5,36.519
46,2,Tuk-Tuk,Mirissa,Vehicle Travel,181,2,3.806
74,11,Cruise,Bentota,Cruise,406,3,119.799
60,1,Private Vehicle,Kalpitiya,Vehicle Travel,234,4,3.151
67,18,N/A,Negombo,Resting,80,5,0.861
65,2,Train,Kalpitiya,Vehicle Travel,302,5,6.569
30,4,Private Vehicle,Jaffna,Vehicle Travel,118,5,7.752
40,6,Walking,Yala,Other,50,4,0.181
47,1,Private Vehicle,Polonnaruwa,Private / Hired Vehicle,59,4,0.585
49,11,Public Transport,Mirissa,Spa / Ayurveda,128,5,9.779
20,2,Flight,Dambulla,Flight,205,5,31.991
52,6,Walking,Kalpitiya,Walking,60,5,0.005
27,6,Private Vehicle,Sigiriya,Sightseeing,180,5,2.154
64,7,Private Vehicle,Ella,Sightseeing,164,5,2.743
61,1,Private Vehicle,Galle,Private / Hired Vehicle,122,2,1.14
76,2,N/A,Jaffna,Meal,47,3,3.124
64,1,Tuk-Tuk,Polonnaruwa,Vehicle Travel,299,5,4.647
41,3,Public Transport,Badulla,Spa / Ayurveda,125,4,2.399
78,1,Boat,Colombo,Boat Ride,78,2,0.353
43,14,Private Vehicle,Colombo,Sightseeing,148,4,3.795
38,5,N/A,Hikkaduwa,Resting,210,4,0.597
75,7,Private Vehicle,Sigiriya,Sightseeing,44,5,0.741
41,3,Tuk-Tuk,Arugam Bay,Vehicle Travel,287,5,13.092
22,2,Train,Kandy,Vehicle Travel,120,1,1.938
47,5,Private Vehicle,Kandy,Medical / Hospital Visit,55,3,2.259
68,3,Private Vehicle,Trincomalee,Vehicle Travel,285,1,9.151
29,3,N/A,Hikkaduwa,Resting,121,5,0.207
47,4,Jeep,Kalpitiya,Wildlife Safari,233,2,14.685
26,5,Walking,Arugam Bay,Jogging,35,4,0.026
61,19,Bicycle,Mirissa,Vehicle Travel,197,4,30.707
47,2,N/A,Kalpitiya,Resting,171,4,0.19
38,5,Private Vehicle,Yala,Vehicle Travel,149,4,10.73
32,1,Water,Nuwara Eliya,Swimming / Snorkeling,86,4,0.077
53,3,Public Transport,Polonnaruwa,Shopping,178,4,2.547
60,9,Private Vehicle,Colombo,Vehicle Travel,70,2,8.47
77,2,Walking,Sigiriya,Walking,24,3,0.001
45,6,Tuk-Tuk,Galle,Vehicle Travel,131,4,9.256
28,4,Walking,Mirissa,Walking,76,3,0.003
70,1,Flight,Sigiriya,Flight,123,4,9.268
57,15,Public Transport,Bentota,Spa / Ayurveda,135,3,14.38
62,4,Walking,Hikkaduwa,Vehicle Travel,222,5,4.754
24,10,Public Bus,Sigiriya,Vehicle Travel,211,2,24.806
37,4,Private Vehicle,Anuradhapura,Shopping,191,4,3.859
66,15,Walking,Arugam Bay,Vehicle Travel,202,2,12.612
70,3,Private Vehicle,Galle,Private / Hired Vehicle,40,4,1.456
45,4,Private Vehicle,Haputale,Vehicle Travel,195,3,9.87
68,10,N/A,Badulla,Beach Leisure,252,4,2.385
71,3,Public Bus,Negombo,Vehicle Travel,212,2,6.79
42,3,Walking,Galle,Other,148,4,0.241
74,20,Walking,Arugam Bay,Sightseeing,159,4,1.713
36,6,Bicycle,Anuradhapura,Vehicle Travel,118,5,5.698
33,8,Private Vehicle,Ella,Other,77,4,0.994
60,7,Tuk-Tuk,Kalpitiya,Vehicle Travel,107,4,9.815
58,11,Private Vehicle,Yala,Sightseeing,54,5,1.331
26,12,Flight,Hikkaduwa,Flight,147,2,95.605
70,6,Tuk-Tuk,Hikkaduwa,Vehicle Travel,208,4,16.993
30,3,Public Transport,Bentota,Sightseeing,227,3,1.002
68,1,Private Vehicle,Bentota,Shopping,105,4,0.633
18,7,Walking,Badulla,Walking,56,1,0.004
68,11,Private Vehicle,Polonnaruwa,Airport Transfer,127,3,13.886
67,4,Flight,Trincomalee,Flight,386,4,123.737
67,1,Private Vehicle,Trincomalee,Medical / Hospital Visit,103,3,0.959
59,3,Public Transport,Colombo,Cultural / Temple Visit,52,3,0.208
47,5,Private Vehicle,Nuwara Eliya,Vehicle Travel,287,3,20.861
62,12,Private Vehicle,Colombo,Vehicle Travel,51,5,8.99
35,2,Private Vehicle,Polonnaruwa,Vehicle Travel,224,2,5.26
67,7,Public Transport,Haputale,Spa / Ayurveda,90,3,4.574
53,10,Flight,Ella,Flight,287,5,233.242
46,15,Public Bus,Sigiriya,Vehicle Travel,53,5,9.168
49,1,Flight,Anuradhapura,Flight,179,1,9.939
53,15,N/A,Polonnaruwa,Resting,64,4,0.57
20,7,Bicycle,Yala,Vehicle Travel,212,1,9.517
26,10,Private Vehicle,Colombo,Vehicle Travel,243,5,35.2
33,1,Private Vehicle,Jaffna,Private / Hired Vehicle,80,3,0.658
25,5,Public Transport,Galle,Sightseeing,140,3,0.899
45,7,Walking,Mirissa,Vehicle Travel,100,3,2.485
60,3,Private Vehicle,Kalpitiya,Other,96,4,0.612
59,4,Flight,Kandy,Flight,402,2,89.398
47,6,Walking,Badulla,Walking,138,4,0.009
71,6,Private Vehicle,Hikkaduwa,Vehicle Travel,95,3,8.408
53,1,Walking,Kandy,Cultural / Temple Visit,65,4,0.039
22,4,Jeep,Nuwara Eliya,Wildlife Safari,159,5,13.826
66,2,Flight,Ella,Flight,347,2,41.291
54,14,Public Bus,Kalpitiya,Vehicle Travel,171,2,24.546
57,18,Private Vehicle,Negombo,Private / Hired Vehicle,68,3,12.792
53,3,Walking,Anuradhapura,Vehicle Travel,155,4,2.115
52,2,Flight,Trincomalee,Flight,243,1,28.311
23,2,Tuk-Tuk,Bentota,Vehicle Travel,198,4,4.388
53,5,Private Vehicle,Yala,Vehicle Travel,185,4,13.741
68,13,Public Bus,Mirissa,Vehicle Travel,317,4,49.706
37,5,Water,Ella,Surfing,111,4,0.505
55,1,Public Transport,Dambulla,Airport Transfer,75,1,0.492
19,1,Water,Haputale,Swimming / Snorkeling,117,3,0.101
39,2,Water,Badulla,Surfing,117,4,0.199
45,12,Private Vehicle,Ella,Vehicle Travel,114,3,16.672
79,7,Private Vehicle,Yala,Vehicle Travel,203,4,22.632
31,6,Private Vehicle,Sigiriya,Sightseeing,227,5,3.0
35,3,Public Transport,Mirissa,Sightseeing,201,1,0.754
43,15,Walking,Bentota,Jogging,34,3,0.062
80,3,Flight,Anuradhapura,Flight,268,3,49.403
71,12,N/A,Galle,Resting,116,2,0.665
20,13,Public Transport,Jaffna,Airport Transfer,49,5,6.678
32,5,Walking,Trincomalee,Other,115,5,0.356
69,13,N/A,Jaffna,Meal,51,3,20.191
21,2,Walking,Bentota,Vehicle Travel,179,5,1.643
71,8,Public Transport,Dambulla,Public Transport,80,1,0.697
35,1,Public Transport,Mirissa,Shopping,134,5,0.638
75,5,Jeep,Ella,Wildlife Safari,218,5,22.085
36,2,Private Vehicle,Anuradhapura,Airport Transfer,123,2,2.257
45,1,N/A,Hikkaduwa,Meal,59,4,1.94
59,1,Private Vehicle,Galle,Vehicle Travel,196,4,3.044
25,3,Public Transport,Anuradhapura,Sightseeing,128,3,0.577
53,6,Private Vehicle,Kalpitiya,Medical / Hospital Visit,78,3,3.791
49,4,Cruise,Yala,Cruise,481,4,39.519
67,3,Public Bus,Trincomalee,Vehicle Travel,201,2,6.133
80,20,Walking,Hikkaduwa,Hiking,119,2,0.339
59,15,Public Transport,Bentota,Shopping,87,3,6.049
43,1,N/A,Polonnaruwa,Other,102,4,0.214
43,4,Bicycle,Colombo,Vehicle Travel,297,3,8.224
44,7,Private Vehicle,Arugam Bay,Vehicle Travel,171,4,17.445
69,9,Private Vehicle,Jaffna,Vehicle Travel,185,2,22.361
38,3,N/A,Nuwara Eliya,Resting,156,2,0.23
28,9,Walking,Dambulla,Walking,138,4,0.014
39,1,Public Transport,Kandy,Sightseeing,114,2,0.129
19,3,Tuk-Tuk,Hikkaduwa,Vehicle Travel,273,4,10.086
24,9,Walking,Mirissa,Hiking,101,3,0.136
23,7,Walking,Dambulla,Jogging,49,4,0.051
66,12,Private Vehicle,Nuwara Eliya,Vehicle Travel,143,3,24.284
63,1,Cruise,Ella,Cruise,340,5,9.784
61,2,Public Bus,Jaffna,Vehicle Travel,187,1,2.808
47,1,Private Vehicle,Badulla,Other,80,5,0.145
63,2,Boat,Dambulla,Boat Ride,77,3,0.796
28,1,Walking,Nuwara Eliya,Vehicle Travel,278,1,0.872
74,5,Ferry,Yala,Ferry,159,4,3.939
49,5,Cruise,Sigiriya,Cruise,608,3,65.077
77,8,Public Transport,Dambulla,Public Transport,58,3,0.581
27,4,Public Transport,Trincomalee,Spa / Ayurveda,112,5,3.127
49,1,Private Vehicle,Yala,Private / Hired Vehicle,159,4,1.866
61,8,Private Vehicle,Colombo,Vehicle Travel,175,4,19.92
49,1,Cruise,Mirissa,Cruise,372,5,11.2
46,12,Private Vehicle,Yala,Spa / Ayurveda,82,3,6.682
28,1,Bicycle,Colombo,Vehicle Travel,91,1,0.612
42,5,N/A,Ella,Meal,55,5,11.158
33,13,Private Vehicle,Negombo,Private / Hired Vehicle,192,3,24.609
36,6,Jeep,Negombo,Wildlife Safari,136,2,14.388
61,7,Cruise,Arugam Bay,Cruise,356,1,54.138
57,8,Private Vehicle,Dambulla,Vehicle Travel,208,3,18.77
56,1,Private Vehicle,Negombo,Medical / Hospital Visit,56,3,0.454
40,8,N/A,Mirissa,Resting,74,3,0.319
78,13,Walking,Nuwara Eliya,Vehicle Travel,226,4,12.778
23,18,Train,Yala,Vehicle Travel,169,4,28.991
39,4,Private Vehicle,Polonnaruwa,Vehicle Travel,273,5,15.541
25,3,Public Transport,Bentota,Spa / Ayurveda,112,2,2.018
39,10,Tuk-Tuk,Hikkaduwa,Vehicle Travel,144,2,17.24
78,6,Tuk-Tuk,Polonnaruwa,Vehicle Travel,203,4,15.908
41,2,Flight,Trincomalee,Flight,166,2,19.403
75,2,Tuk-Tuk,Trincomalee,Vehicle Travel,181,3,4.799
49,2,Walking,Ella,Hiking,150,4,0.055
62,5,Boat,Arugam Bay,Boat Ride,81,4,1.796
46,2,N/A,Colombo,Resting,90,2,0.092
34,1,Public Bus,Galle,Vehicle Travel,185,4,2.095
66,1,Private Vehicle,Trincomalee,Vehicle Travel,64,4,0.939
79,15,N/A,Nuwara Eliya,Resting,77,5,0.713
34,1,Walking,Bentota,Vehicle Travel,327,3,1.131
67,1,Walking,Anuradhapura,Walking,74,4,0.001
34,4,Jeep,Arugam Bay,Wildlife Safari,117,4,7.804
63,2,Public Bus,Hikkaduwa,Vehicle Travel,162,3,2.853
67,17,Walking,Yala,Jogging,42,4,0.1
46,14,Train,Polonnaruwa,Vehicle Travel,90,4,12.665
64,4,Private Vehicle,Arugam Bay,Medical / Hospital Visit,36,3,1.151
35,4,Walking,Badulla,Vehicle Travel,60,3,0.986
22,4,Bicycle,Badulla,Bicycle Ride,90,3,0.01
24,1,Flight,Yala,Flight,274,4,19.003
46,3,Public Bus,Dambulla,Vehicle Travel,151,1,4.086
74,1,Boat,Arugam Bay,Boat Ride,143,4,0.65
26,1,Flight,Kalpitiya,Flight,397,2,23.679
46,6,Private Vehicle,Dambulla,Other,130,4,1.297
62,1,Train,Bentota,Vehicle Travel,252,4,2.182
30,1,Walking,Bentota,Sightseeing,201,4,0.099
63,5,N/A,Kalpitiya,Resting,112,4,0.321
37,4,Public Transport,Trincomalee,Public Transport,84,3,0.381
68,1,Private Vehicle,Hikkaduwa,Other,148,3,0.261
54,1,Public Transport,Hikkaduwa,Shopping,204,4,0.898
52,2,Public Transport,Ella,Public Transport,58,2,0.13
29,2,Private Vehicle,Nuwara Eliya,Private / Hired Vehicle,189,4,3.599
47,11,Public Transport,Haputale,Spa / Ayurveda,82,4,5.817
71,14,Water,Sigiriya,Swimming / Snorkeling,131,5,1.961
19,4,Cruise,Kalpitiya,Cruise,316,3,25.19
65,4,Tuk-Tuk,Anuradhapura,Vehicle Travel,217,4,10.66
49,9,Private Vehicle,Polonnaruwa,Sightseeing,218,1,2.982
63,7,Public Transport,Jaffna,Public Transport,28,5,0.305
59,2,Walking,Kandy,Hiking,306,4,0.095
45,1,Private Vehicle,Sigiriya,Vehicle Travel,208,4,2.711
37,4,Private Vehicle,Badulla,Spa / Ayurveda,187,4,5.31
57,6,N/A,Nuwara Eliya,Resting,154,3,0.528
26,1,Private Vehicle,Nuwara Eliya,Sightseeing,181,4,0.344
54,3,Public Bus,Galle,Vehicle Travel,206,5,6.954
23,3,Public Bus,Mirissa,Vehicle Travel,140,2,4.106
58,2,Public Bus,Polonnaruwa,Vehicle Travel,128,5,3.562
57,5,Water,Haputale,Surfing,143,5,0.772
23,7,Public Transport,Kalpitiya,Public Transport,77,5,0.699
65,5,Public Bus,Kalpitiya,Vehicle Travel,251,5,17.158
44,2,Tuk-Tuk,Haputale,Vehicle Travel,161,3,3.705
67,1,N/A,Jaffna,Meal,75,4,2.473
20,11,Public Transport,Polonnaruwa,Public Transport,62,2,0.787
29,5,Tuk-Tuk,Mirissa,Vehicle Travel,80,4,4.899
49,1,Bicycle,Galle,Vehicle Travel,102,2,0.744
29,2,Public Transport,Colombo,Public Transport,131,5,0.387
38,11,Private Vehicle,Kandy,Sightseeing,92,3,1.629
59,10,Public Bus,Bentota,Vehicle Travel,147,2,13.149
27,13,Private Vehicle,Arugam Bay,Spa / Ayurveda,229,1,17.309
60,7,Water,Mirissa,Swimming / Snorkeling,76,4,0.576
24,4,Private Vehicle,Trincomalee,Medical / Hospital Visit,53,2,1.373
29,4,Ferry,Anuradhapura,Ferry,136,2,2.585
55,2,Walking,Negombo,Hiking,243,2,0.072
67,7,Jeep,Kalpitiya,Wildlife Safari,306,3,34.907
28,6,Tuk-Tuk,Nuwara Eliya,Vehicle Travel,177,5,13.684
36,1,Private Vehicle,Sigiriya,Sightseeing,114,3,0.204
76,13,N/A,Haputale,Resting,126,3,0.934
80,3,Water,Badulla,Swimming / Snorkeling,59,2,0.14
54,1,N/A,Bentota,Meal,63,1,1.637
46,3,Cruise,Trincomalee,Cruise,333,3,26.386
39,13,Private Vehicle,Jaffna,Private / Hired Vehicle,170,2,20.482
56,14,Walking,Mirissa,Jogging,29,1,0.039
55,5,Public Transport,Kalpitiya,Sightseeing,175,2,1.288
36,16,Train,Galle,Vehicle Travel,173,3,21.628
19,13,Private Vehicle,Trincomalee,Shopping,60,4,4.365
27,11,Water,Nuwara Eliya,Surfing,154,1,1.128
78,12,Public Transport,Dambulla,Airport Transfer,56,4,6.456
44,4,Walking,Jaffna,Jogging,21,4,0.011
48,10,N/A,Negombo,Beach Leisure,94,5,0.898
47,6,Private Vehicle,Haputale,Shopping,144,2,4.308
67,9,Train,Dambulla,Vehicle Travel,144,4,13.261
22,2,Boat,Kalpitiya,Boat Ride,57,5,0.652
23,9,Water,Polonnaruwa,Swimming / Snorkeling,56,5,0.491
35,16,Walking,Mirissa,Walking,71,5,0.012
48,3,Public Transport,Anuradhapura,Public Transport,123,2,0.43
60,19,Public Transport,Bentota,Airport Transfer,101,5,21.371
48,4,Private Vehicle,Anuradhapura,Private / Hired Vehicle,140,5,6.128
45,2,Jeep,Mirissa,Wildlife Safari,406,2,13.079
77,1,N/A,Polonnaruwa,Meal,48,2,1.386
28,10,N/A,Anuradhapura,Meal,47,5,19.034
54,6,Private Vehicle,Jaffna,Vehicle Travel,161,2,11.292
52,3,Public Transport,Yala,Public Transport,93,4,0.358
47,7,Ferry,Mirissa,Ferry,181,3,5.139
68,3,Train,Polonnaruwa,Vehicle Travel,248,4,8.508
34,4,Public Transport,Yala,Airport Transfer,101,2,2.863
78,12,Private Vehicle,Anuradhapura,Vehicle Travel,87,4,17.037
38,8,Tuk-Tuk,Nuwara Eliya,Vehicle Travel,25,4,2.333
52,10,Private Vehicle,Arugam Bay,Medical / Hospital Visit,39,5,4.074
50,6,Bicycle,Arugam Bay,Vehicle Travel,203,2,8.296
71,20,Bicycle,Ella,Vehicle Travel,99,2,13.853
45,2,Private Vehicle,Badulla,Cultural / Temple Visit,138,2,0.435
35,2,Flight,Kalpitiya,Flight,287,1,29.854
19,1,Private Vehicle,Sigiriya,Vehicle Travel,93,5,1.363
40,6,Cruise,Haputale,Cruise,556,2,65.465
70,7,Walking,Sigiriya,Vehicle Travel,184,2,4.971
18,9,Public Bus,Yala,Vehicle Travel,106,5,9.719
74,3,Public Transport,Galle,Spa / Ayurveda,117,3,2.086
52,1,Public Transport,Mirissa,Sightseeing,83,3,0.106
26,7,Boat,Arugam Bay,Boat Ride,68,4,2.47
37,20,Private Vehicle,Sigiriya,Sightseeing,150,3,5.515
52,3,Public Transport,Sigiriya,Shopping,172,5,2.897
37,2,Walking,Haputale,Walking,122,4,0.003
24,3,Walking,Hikkaduwa,Vehicle Travel,104,3,1.09
59,4,Walking,Ella,Vehicle Travel,129,4,2.164
60,2,N/A,Galle,Meal,48,5,3.52
25,3,Flight,Kandy,Flight,100,3,19.279
35,7,Walking,Nuwara Eliya,Shopping,104,4,1.239
33,3,N/A,Negombo,Meal,59,3,4.259
59,4,N/A,Kandy,Resting,216,4,0.524
64,1,Train,Nuwara Eliya,Vehicle Travel,144,4,1.497
63,14,Ferry,Colombo,Ferry,79,1,4.397
77,4,N/A,Mirissa,Resting,57,3,0.114
66,3,Private Vehicle,Polonnaruwa,Private / Hired Vehicle,102,2,2.844
38,1,Walking,Trincomalee,Vehicle Travel,89,4,0.371
24,7,N/A,Haputale,Meal,43,4,8.68
56,12,Train,Hikkaduwa,Vehicle Travel,123,3,13.385
75,1,N/A,Dambulla,Resting,106,1,0.049
79,1,Walking,Bentota,Jogging,23,5,0.004
32,1,Public Bus,Kalpitiya,Vehicle Travel,52,3,0.51
32,7,N/A,Mirissa,Beach Leisure,187,3,0.914
20,14,Public Bus,Kandy,Vehicle Travel,329,2,44.193
26,4,Bicycle,Kandy,Vehicle Travel,99,4,2.797
52,3,Flight,Kalpitiya,Flight,224,3,40.07
52,10,N/A,Sigiriya,Meal,52,5,16.821
41,9,Flight,Arugam Bay,Flight,177,4,114.06
37,2,Private Vehicle,Dambulla,Medical / Hospital Visit,109,1,1.416
70,1,Tuk-Tuk,Dambulla,Vehicle Travel,218,4,3.086
46,3,Public Transport,Colombo,Spa / Ayurveda,73,3,1.151
68,10,Public Transport,Mirissa,Sightseeing,158,1,1.701
78,8,Walking,Haputale,Cultural / Temple Visit,70,4,0.325
37,8,Private Vehicle,Bentota,Sightseeing,131,2,1.489
30,11,Private Vehicle,Trincomalee,Private / Hired Vehicle,50,5,6.799
78,2,Public Transport,Sigiriya,Public Transport,60,4,0.154
57,3,Private Vehicle,Negombo,Vehicle Travel,67,2,2.695
36,1,Ferry,Galle,Ferry,136,5,0.766
57,12,Public Transport,Trincomalee,Sightseeing,224,4,4.498
50,6,Bicycle,Yala,Vehicle Travel,283,2,11.814
75,3,Private Vehicle,Mirissa,Private / Hired Vehicle,98,4,3.811
34,1,Public Bus,Arugam Bay,Vehicle Travel,97,5,1.064
80,9,Bicycle,Badulla,Vehicle Travel,255,3,14.488
76,10,Walking,Badulla,Sightseeing,144,3,0.795
29,8,Jeep,Sigiriya,Wildlife Safari,185,3,21.738
28,2,N/A,Colombo,Beach Leisure,323,3,0.547
51,14,Public Bus,Arugam Bay,Vehicle Travel,90,2,12.162
20,10,Private Vehicle,Jaffna,Sightseeing,168,4,2.95
36,8,Walking,Dambulla,Walking,64,5,0.006
45,7,Bicycle,Trincomalee,Vehicle Travel,98,4,5.902
79,14,Private Vehicle,Jaffna,Spa / Ayurveda,130,2,12.179
80,15,Public Bus,Colombo,Vehicle Travel,104,3,16.628
27,6,Public Transport,Dambulla,Public Transport,64,1,0.355
74,4,Walking,Bentota,Jogging,33,3,0.02
23,3,Walking,Anuradhapura,Sightseeing,119,4,0.217
65,11,Train,Yala,Vehicle Travel,219,3,19.514
71,7,N/A,Kandy,Meal,69,5,18.165
74,1,Private Vehicle,Arugam Bay,Sightseeing,233,3,0.391
32,1,Walking,Anuradhapura,Hiking,131,4,0.019
74,14,Private Vehicle,Nuwara Eliya,Medical / Hospital Visit,58,5,6.941
25,13,Boat,Nuwara Eliya,Boat Ride,72,4,4.412
50,16,N/A,Colombo,Meal,46,5,26.061
47,4,Walking,Kalpitiya,Jogging,26,5,0.018
37,10,Private Vehicle,Sigiriya,Vehicle Travel,112,4,16.59
19,11,Public Transport,Kalpitiya,Shopping,71,3,3.45
66,3,Cruise,Polonnaruwa,Cruise,380,3,29.858
39,1,Water,Arugam Bay,Surfing,125,5,0.137
59,20,Walking,Polonnaruwa,Walking,118,1,0.022
43,1,Private Vehicle,Nuwara Eliya,Vehicle Travel,176,5,2.999
41,6,N/A,Ella,Beach Leisure,326,3,1.482
73,7,Flight,Kalpitiya,Flight,296,4,145.826
23,8,Private Vehicle,Mirissa,Spa / Ayurveda,123,3,6.23
64,2,Private Vehicle,Hikkaduwa,Private / Hired Vehicle,111,5,2.511
65,9,Jeep,Haputale,Wildlife Safari,178,1,22.814
41,2,Tuk-Tuk,Colombo,Vehicle Travel,183,3,4.664
34,11,Water,Ella,Swimming / Snorkeling,63,5,0.755
18,2,Train,Badulla,Vehicle Travel,213,3,4.051
77,8,N/A,Galle,Meal,72,3,17.839
77,10,Bicycle,Yala,Bicycle Ride,107,5,0.035
33,2,Water,Colombo,Surfing,132,5,0.281
20,2,Private Vehicle,Bentota,Vehicle Travel,44,2,1.07
25,10,Walking,Ella,Walking,95,4,0.011
22,1,Private Vehicle,Sigiriya,Private / Hired Vehicle,72,3,0.782
70,2,Private Vehicle,Polonnaruwa,Vehicle Travel,118,2,3.108
74,4,Private Vehicle,Sigiriya,Shopping,84,4,1.867
27,15,Private Vehicle,Polonnaruwa,Other,106,2,2.376
65,6,N/A,Kalpitiya,Resting,183,3,0.621
29,4,Private Vehicle,Trincomalee,Vehicle Travel,194,3,10.19
41,18,Private Vehicle,Trincomalee,Spa / Ayurveda,144,5,23.005
55,5,Private Vehicle,Bentota,Spa / Ayurveda,133,4,5.283
63,4,Walking,Hikkaduwa,Walking,92,2,0.003
73,4,Flight,Polonnaruwa,Flight,178,5,64.941
20,3,N/A,Kalpitiya,Meal,59,5,6.875
30,3,Flight,Ella,Flight,106,3,19.069
35,8,N/A,Hikkaduwa,Resting,160,5,0.804
37,1,Private Vehicle,Galle,Vehicle Travel,114,3,1.437
80,8,Private Vehicle,Arugam Bay,Vehicle Travel,335,3,35.075
66,2,Private Vehicle,Kandy,Shopping,86,3,0.829
38,4,Public Transport,Jaffna,Public Transport,91,2,0.412
79,1,Walking,Kalpitiya,Walking,142,4,0.001
49,6,Public Transport,Polonnaruwa,Airport Transfer,56,4,2.819
49,9,N/A,Negombo,Other,88,5,1.882
45,3,Water,Jaffna,Swimming / Snorkeling,69,3,0.182
27,1,Private Vehicle,Mirissa,Medical / Hospital Visit,61,2,0.498
76,2,N/A,Kandy,Resting,84,3,0.089
18,11,Train,Negombo,Vehicle Travel,87,2,6.892
28,2,Public Transport,Hikkaduwa,Shopping,132,5,1.414
32,10,Walking,Galle,Other,179,4,1.024
35,3,Private Vehicle,Mirissa,Private / Hired Vehicle,46,4,1.48
26,2,Boat,Anuradhapura,Boat Ride,45,4,0.422
19,9,Walking,Trincomalee,Jogging,36,3,0.039
60,5,Boat,Polonnaruwa,Boat Ride,149,2,3.418
79,1,Private Vehicle,Bentota,Private / Hired Vehicle,49,3,0.44
25,16,N/A,Haputale,Meal,73,5,43.632
36,1,Public Bus,Yala,Vehicle Travel,204,3,1.998
49,3,Public Transport,Trincomalee,Shopping,90,1,1.026
76,4,N/A,Colombo,Beach Leisure,291,4,1.368
61,5,Water,Galle,Surfing,96,2,0.391
66,10,Private Vehicle,Sigiriya,Other,164,4,3.229
54,1,Water,Badulla,Swimming / Snorkeling,89,1,0.066
44,15,Walking,Sigiriya,Jogging,43,4,0.076
30,7,Train,Anuradhapura,Vehicle Travel,237,3,15.074
72,16,Private Vehicle,Kalpitiya,Sightseeing,203,5,5.766
68,11,Walking,Bentota,Sightseeing,141,4,0.964
19,15,Train,Polonnaruwa,Vehicle Travel,103,1,10.747
63,7,Public Bus,Galle,Vehicle Travel,137,4,10.377
23,3,Public Transport,Galle,Sightseeing,125,4,0.583
64,4,Walking,Colombo,Cultural / Temple Visit,91,4,0.189
70,8,Flight,Galle,Flight,120,5,76.846
26,4,Private Vehicle,Mirissa,Sightseeing,132,5,0.979
45,9,N/A,Kandy,Meal,52,2,11.693
25,1,Water,Mirissa,Surfing,75,3,0.061
53,11,Train,Jaffna,Vehicle Travel,179,3,19.4
76,2,N/A,Nuwara Eliya,Meal,49,4,3.547
23,16,Private Vehicle,Colombo,Vehicle Travel,126,5,29.112
43,1,Walking,Ella,Walking,137,4,0.002
79,1,Walking,Galle,Cultural / Temple Visit,108,3,0.056
36,11,Private Vehicle,Trincomalee,Vehicle Travel,143,5,21.522
26,11,Private Vehicle,Haputale,Sightseeing,172,4,3.178
48,9,N/A,Yala,Meal,54,3,14.639
50,16,Cruise,Mirissa,Cruise,341,5,150.331
59,2,Train,Bentota,Vehicle Travel,54,3,0.976
37,11,Private Vehicle,Kandy,Spa / Ayurveda,209,4,15.545
78,3,Public Bus,Nuwara Eliya,Vehicle Travel,75,3,2.572
50,6,Bicycle,Arugam Bay,Bicycle Ride,54,5,0.011
36,4,Water,Kalpitiya,Swimming / Snorkeling,77,3,0.289
78,1,Flight,Nuwara Eliya,Flight,125,3,9.314
76,6,Cruise,Badulla,Cruise,208,4,32.04
49,9,Walking,Mirissa,Sightseeing,71,5,0.373
19,2,Bicycle,Anuradhapura,Bicycle Ride,39,2,0.002
55,15,Walking,Mirissa,Walking,60,2,0.008
52,5,N/A,Hikkaduwa,Meal,49,5,9.053
27,2,N/A,Hikkaduwa,Beach Leisure,205,4,0.365
57,7,Water,Kalpitiya,Swimming / Snorkeling,76,3,0.497
70,2,Private Vehicle,Hikkaduwa,Vehicle Travel,162,3,4.615
24,1,Private Vehicle,Colombo,Vehicle Travel,54,3,0.652
63,8,Tuk-Tuk,Anuradhapura,Vehicle Travel,191,4,16.875
26,1,Water,Haputale,Swimming / Snorkeling,46,4,0.046
65,1,Private Vehicle,Nuwara Eliya,Spa / Ayurveda,80,4,0.591
44,9,Water,Arugam Bay,Swimming / Snorkeling,95,1,0.615
18,1,Cruise,Trincomalee,Cruise,327,5,9.189
78,11,N/A,Jaffna,Resting,130,1,0.68
28,11,N/A,Kalpitiya,Meal,61,5,22.363
55,1,Bicycle,Trincomalee,Vehicle Travel,190,1,1.135
29,5,Walking,Colombo,Walking,119,2,0.006
76,1,N/A,Nuwara Eliya,Meal,74,2,2.331
64,7,Bicycle,Mirissa,Vehicle Travel,33,3,1.797
68,1,Bicycle,Dambulla,Vehicle Travel,49,3,0.384
45,16,Public Bus,Mirissa,Vehicle Travel,103,4,16.568
47,2,Public Transport,Negombo,Public Transport,129,5,0.38
57,8,Water,Nuwara Eliya,Swimming / Snorkeling,59,4,0.473
67,1,Water,Kandy,Surfing,134,4,0.13
71,2,Private Vehicle,Haputale,Vehicle Travel,136,3,3.327
19,4,Walking,Jaffna,Jogging,24,5,0.015
59,6,Train,Negombo,Vehicle Travel,317,2,16.621
24,20,Public Transport,Badulla,Spa / Ayurveda,109,3,12.313
36,1,Private Vehicle,Ella,Sightseeing,251,2,0.364
70,1,Walking,Kalpitiya,Walking,103,2,0.001
33,3,Private Vehicle,Anuradhapura,Vehicle Travel,162,4,6.702
68,3,Public Bus,Mirissa,Vehicle Travel,93,2,2.891
47,13,Jeep,Anuradhapura,Wildlife Safari,142,2,28.419
32,14,Public Bus,Ella,Vehicle Travel,231,5,43.071
39,13,Private Vehicle,Kalpitiya,Vehicle Travel,169,2,26.031
51,1,Tuk-Tuk,Bentota,Vehicle Travel,49,4,0.689
66,4,Private Vehicle,Colombo,Other,102,3,0.735
56,9,Walking,Ella,Hiking,231,5,0.36
76,3,Train,Badulla,Vehicle Travel,272,4,8.976
72,8,Private Vehicle,Polonnaruwa,Vehicle Travel,173,1,15.18
65,2,N/A,Hikkaduwa,Beach Leisure,318,5,0.661
55,3,Walking,Dambulla,Walking,172,3,0.006
36,12,Tuk-Tuk,Mirissa,Vehicle Travel,242,3,29.169
43,2,Public Transport,Haputale,Shopping,107,4,0.874
25,17,Walking,Kandy,Hiking,118,4,0.325
41,3,Walking,Kandy,Walking,118,3,0.004
76,1,Tuk-Tuk,Hikkaduwa,Vehicle Travel,257,3,3.312
44,2,N/A,Badulla,Resting,96,2,0.094
25,2,Public Transport,Jaffna,Airport Transfer,87,4,1.223
59,5,Public Bus,Badulla,Vehicle Travel,53,5,3.094
78,1,Train,Yala,Vehicle Travel,95,3,0.804
72,7,Walking,Hikkaduwa,Walking,98,5,0.008
35,13,Private Vehicle,Trincomalee,Private / Hired Vehicle,159,2,17.755
46,3,Jeep,Kalpitiya,Wildlife Safari,270,4,15.165
51,2,N/A,Mirissa,Beach Leisure,227,5,0.513
33,4,Private Vehicle,Yala,Vehicle Travel,182,4,10.303
34,10,Public Bus,Nuwara Eliya,Vehicle Travel,193,2,17.341
32,6,N/A,Bentota,Meal,47,3,8.81
80,1,Private Vehicle,Kandy,Sightseeing,170,2,0.288
64,6,Walking,Ella,Hiking,163,4,0.172
70,5,Cruise,Trincomalee,Cruise,469,5,67.51
69,3,N/A,Colombo,Other,138,3,0.722
78,1,Private Vehicle,Arugam Bay,Private / Hired Vehicle,127,2,1.161
24,18,Private Vehicle,Colombo,Vehicle Travel,245,3,48.542
73,2,Private Vehicle,Ella,Sightseeing,143,4,0.593
22,2,Private Vehicle,Hikkaduwa,Sightseeing,73,4,0.271
47,1,Cruise,Colombo,Cruise,366,3,9.283
55,6,Private Vehicle,Bentota,Medical / Hospital Visit,62,4,3.347
40,4,Private Vehicle,Ella,Cultural / Temple Visit,69,2,0.466
27,2,N/A,Kandy,Beach Leisure,146,4,0.234
30,4,N/A,Nuwara Eliya,Meal,65,3,7.799
69,8,Bicycle,Galle,Bicycle Ride,53,2,0.011
38,3,Public Transport,Kandy,Public Transport,130,4,0.448
37,14,N/A,Hikkaduwa,Resting,83,4,0.699
76,3,Private Vehicle,Galle,Spa / Ayurveda,91,3,2.215
27,2,Tuk-Tuk,Haputale,Vehicle Travel,287,4,6.709
75,16,Public Bus,Arugam Bay,Vehicle Travel,123,4,25.83
76,11,Private Vehicle,Yala,Vehicle Travel,198,3,25.193
55,3,Public Transport,Kalpitiya,Shopping,96,5,1.536
28,12,Private Vehicle,Dambulla,Vehicle Travel,90,5,12.895
27,5,Walking,Yala,Other,114,2,0.291
35,3,Public Transport,Badulla,Sightseeing,103,5,0.469
54,12,Public Transport,Trincomalee,Public Transport,49,4,0.642
27,10,Public Transport,Negombo,Public Transport,136,2,1.495
46,3,Private Vehicle,Badulla,Cultural / Temple Visit,74,4,0.45
25,7,Public Bus,Negombo,Vehicle Travel,138,1,7.866
52,3,Private Vehicle,Jaffna,Cultural / Temple Visit,82,4,0.471
19,1,Public Transport,Mirissa,Cultural / Temple Visit,58,5,0.114
62,16,Cruise,Hikkaduwa,Cruise,238,3,86.359
21,6,Train,Badulla,Vehicle Travel,204,4,10.747
30,7,Private Vehicle,Negombo,Private / Hired Vehicle,70,3,4.882
29,7,Ferry,Sigiriya,Ferry,109,4,4.037
70,6,Private Vehicle,Colombo,Sightseeing,255,5,3.708
21,3,Private Vehicle,Dambulla,Vehicle Travel,161,2,5.09
45,17,Walking,Arugam Bay,Hiking,331,4,0.811
55,7,Private Vehicle,Yala,Vehicle Travel,188,3,14.994
50,8,Public Transport,Haputale,Sightseeing,193,4,2.618
60,4,Private Vehicle,Ella,Private / Hired Vehicle,75,4,3.481
68,3,N/A,Colombo,Meal,46,4,5.051
42,1,Jeep,Negombo,Wildlife Safari,240,3,4.067
70,3,Walking,Haputale,Shopping,77,4,0.449
38,2,Private Vehicle,Polonnaruwa,Vehicle Travel,326,4,8.495
80,8,Public Bus,Kalpitiya,Vehicle Travel,103,4,8.227
49,13,Walking,Kalpitiya,Other,85,4,0.544
64,3,Private Vehicle,Hikkaduwa,Airport Transfer,102,5,3.2
73,3,Private Vehicle,Haputale,Spa / Ayurveda,161,3,2.928
67,8,Private Vehicle,Bentota,Shopping,75,1,2.418
71,1,Walking,Negombo,Shopping,109,5,0.198
51,15,Flight,Kandy,Flight,308,1,262.931
20,3,Public Transport,Trincomalee,Public Transport,56,5,0.238
49,1,Private Vehicle,Sigiriya,Vehicle Travel,181,4,2.839
29,2,Cruise,Haputale,Cruise,232,5,11.875
74,15,Private Vehicle,Yala,Cultural / Temple Visit,91,4,2.778
32,2,Private Vehicle,Nuwara Eliya,Other,103,5,0.463
32,8,Public Bus,Jaffna,Vehicle Travel,279,4,23.313
33,1,Walking,Kandy,Walking,167,4,0.002
58,2,N/A,Galle,Resting,161,3,0.187
53,13,Boat,Yala,Boat Ride,55,1,2.691
77,1,Bicycle,Mirissa,Vehicle Travel,100,3,0.897
44,1,Walking,Jaffna,Other,148,5,0.081
35,5,Walking,Kandy,Other,91,3,0.257
21,12,Public Bus,Hikkaduwa,Vehicle Travel,98,4,14.095
18,3,Train,Kandy,Vehicle Travel,114,4,3.009
41,1,Private Vehicle,Polonnaruwa,Vehicle Travel,139,3,1.698
76,19,Bicycle,Colombo,Vehicle Travel,61,5,10.232
50,8,Private Vehicle,Colombo,Private / Hired Vehicle,202,1,12.457
74,12,Private Vehicle,Trincomalee,Sightseeing,73,4,1.515
24,10,Walking,Polonnaruwa,Vehicle Travel,82,3,2.611
23,8,N/A,Dambulla,Other,37,1,0.377
70,4,Public Bus,Mirissa,Vehicle Travel,128,2,5.58
24,3,Walking,Ella,Walking,96,4,0.003
21,9,Private Vehicle,Badulla,Vehicle Travel,223,2,26.186
43,9,Walking,Colombo,Walking,86,5,0.01
76,16,Private Vehicle,Bentota,Private / Hired Vehicle,214,4,41.294
61,6,Private Vehicle,Dambulla,Vehicle Travel,207,2,15.784
24,3,Bicycle,Mirissa,Vehicle Travel,121,3,3.051
70,5,Walking,Dambulla,Walking,137,2,0.006
71,7,Boat,Dambulla,Boat Ride,49,4,1.974
68,4,Private Vehicle,Haputale,Shopping,194,4,5.657
74,10,Private Vehicle,Trincomalee,Other,89,1,1.331
33,6,Private Vehicle,Polonnaruwa,Vehicle Travel,72,4,5.855
79,1,Walking,Ella,Walking,41,3,0.0
38,6,Public Transport,Ella,Spa / Ayurveda,141,4,5.333
68,7,Train,Colombo,Vehicle Travel,97,1,5.409
54,14,Cruise,Nuwara Eliya,Cruise,167,1,38.957
67,4,Bicycle,Galle,Vehicle Travel,145,3,4.806
57,6,Private Vehicle,Polonnaruwa,Private / Hired Vehicle,140,4,9.628
58,5,Bicycle,Arugam Bay,Vehicle Travel,321,4,12.745
56,5,Private Vehicle,Yala,Other,95,3,0.797
67,1,Jeep,Mirissa,Wildlife Safari,164,2,2.832
64,14,Private Vehicle,Anuradhapura,Vehicle Travel,107,4,19.97
26,14,Public Transport,Jaffna,Sightseeing,190,1,3.394
70,6,N/A,Colombo,Beach Leisure,199,4,1.198
51,6,Tuk-Tuk,Negombo,Vehicle Travel,98,3,8.021
38,1,Walking,Kalpitiya,Hiking,168,3,0.025
50,6,Public Transport,Colombo,Spa / Ayurveda,146,4,5.384
78,4,Train,Kandy,Vehicle Travel,62,2,2.26
72,9,Ferry,Galle,Ferry,77,4,3.904
70,1,Walking,Mirissa,Hiking,146,2,0.025
47,9,Public Transport,Dambulla,Shopping,97,3,4.279
67,3,Private Vehicle,Polonnaruwa,Spa / Ayurveda,137,4,3.02
42,7,Private Vehicle,Dambulla,Vehicle Travel,91,1,6.69
61,7,N/A,Jaffna,Other,60,4,0.765
58,2,Water,Negombo,Swimming / Snorkeling,75,4,0.134
33,4,Water,Sigiriya,Swimming / Snorkeling,84,5,0.266
34,12,Public Transport,Negombo,Sightseeing,103,2,1.888
21,7,Cruise,Ella,Cruise,558,2,81.779
26,1,N/A,Badulla,Resting,164,3,0.079
45,4,Tuk-Tuk,Colombo,Vehicle Travel,129,5,8.736
48,3,Public Transport,Haputale,Spa / Ayurveda,98,3,1.622
28,7,Private Vehicle,Arugam Bay,Vehicle Travel,86,3,7.341
44,7,Public Bus,Mirissa,Vehicle Travel,302,4,23.937
56,1,Private Vehicle,Ella,Sightseeing,174,1,0.264
32,7,Public Transport,Bentota,Public Transport,74,4,0.614
39,9,Walking,Kalpitiya,Walking,119,3,0.012
41,10,Water,Colombo,Surfing,206,4,1.936
49,1,Tuk-Tuk,Ella,Vehicle Travel,167,4,2.122
41,3,Private Vehicle,Mirissa,Vehicle Travel,81,3,2.879
64,4,N/A,Polonnaruwa,Meal,61,4,8.079
38,2,Public Transport,Yala,Spa / Ayurveda,80,4,1.082
45,4,Public Bus,Kandy,Vehicle Travel,150,2,6.206
41,1,Walking,Galle,Vehicle Travel,96,5,0.425
29,1,Flight,Kalpitiya,Flight,318,4,20.304
61,8,Private Vehicle,Nuwara Eliya,Vehicle Travel,175,5,23.798
32,2,Walking,Jaffna,Jogging,28,4,0.008
36,9,Walking,Haputale,Sightseeing,146,3,0.704
67,1,Public Transport,Anuradhapura,Spa / Ayurveda,98,3,0.545
77,6,Private Vehicle,Kandy,Vehicle Travel,49,3,3.937
60,4,Cruise,Polonnaruwa,Cruise,406,1,36.128
75,11,Walking,Dambulla,Other,100,3,0.56
71,10,Public Transport,Hikkaduwa,Public Transport,126,3,1.762
48,4,Public Transport,Haputale,Cultural / Temple Visit,83,1,0.464
66,7,Bicycle,Dambulla,Bicycle Ride,39,5,0.009
38,2,Flight,Hikkaduwa,Flight,119,2,13.852
47,6,N/A,Bentota,Meal,40,4,7.972
51,1,Walking,Kandy,Jogging,23,4,0.003
78,4,Private Vehicle,Negombo,Vehicle Travel,157,4,10.186
71,2,Private Vehicle,Polonnaruwa,Vehicle Travel,69,2,1.617
48,13,N/A,Hikkaduwa,Beach Leisure,217,4,2.468
59,4,Walking,Hikkaduwa,Jogging,47,4,0.028
30,6,Public Transport,Negombo,Spa / Ayurveda,88,5,3.795
68,3,Public Transport,Sigiriya,Cultural / Temple Visit,63,3,0.285
52,3,Ferry,Galle,Ferry,110,1,1.469
51,2,Train,Mirissa,Vehicle Travel,77,4,1.68
66,14,Cruise,Haputale,Cruise,119,3,43.665
57,11,Private Vehicle,Galle,Vehicle Travel,84,4,13.521
22,1,Private Vehicle,Kandy,Shopping,157,4,0.849
36,9,Public Transport,Negombo,Shopping,164,4,6.956
29,4,Private Vehicle,Yala,Vehicle Travel,91,5,4.895
64,1,N/A,Haputale,Meal,54,4,1.635
20,5,Bicycle,Arugam Bay,Vehicle Travel,122,5,6.082
30,1,N/A,Trincomalee,Beach Leisure,290,4,0.303
55,2,Walking,Kandy,Walking,129,2,0.002
61,8,Private Vehicle,Badulla,Vehicle Travel,121,4,14.468
49,2,Public Transport,Bentota,Public Transport,80,4,0.18
72,13,Water,Yala,Surfing,77,5,1.237
75,8,N/A,Mirissa,Meal,71,3,17.613
26,12,Public Bus,Kalpitiya,Vehicle Travel,108,3,15.416
78,7,Private Vehicle,Dambulla,Vehicle Travel,215,5,23.419
56,12,Walking,Dambulla,Walking,35,1,0.004
58,3,Public Bus,Galle,Vehicle Travel,66,4,2.328
23,6,Walking,Kandy,Hiking,154,4,0.163
57,5,Bicycle,Polonnaruwa,Bicycle Ride,43,2,0.006
63,14,Bicycle,Haputale,Vehicle Travel,117,2,13.152
54,1,Public Transport,Mirissa,Sightseeing,57,5,0.1
23,6,Walking,Haputale,Jogging,30,1,0.021
50,10,Private Vehicle,Bentota,Other,62,4,1.379
76,3,Private Vehicle,Anuradhapura,Private / Hired Vehicle,123,4,4.284
63,12,N/A,Ella,Beach Leisure,308,4,3.344
26,3,Flight,Dambulla,Flight,248,3,47.607
78,2,Private Vehicle,Hikkaduwa,Sightseeing,197,1,0.511
78,6,Private Vehicle,Nuwara Eliya,Airport Transfer,61,5,4.695
28,4,Private Vehicle,Badulla,Sightseeing,89,2,0.488
68,1,Public Bus,Colombo,Vehicle Travel,305,3,3.404
43,1,N/A,Dambulla,Meal,63,5,2.238
55,2,Public Transport,Nuwara Eliya,Public Transport,129,3,0.329
46,10,Ferry,Dambulla,Ferry,57,3,2.763
67,13,Public Transport,Arugam Bay,Airport Transfer,45,5,6.586
80,6,Private Vehicle,Nuwara Eliya,Vehicle Travel,55,2,4.422
68,1,Private Vehicle,Kandy,Vehicle Travel,129,2,1.759
76,6,N/A,Mirissa,Meal,65,3,11.759
77,12,Public Transport,Ella,Sightseeing,186,4,3.639
23,10,Walking,Yala,Cultural / Temple Visit,126,5,0.683
33,3,Bicycle,Badulla,Vehicle Travel,154,4,3.43
63,1,N/A,Kalpitiya,Meal,43,5,1.605
55,14,Private Vehicle,Arugam Bay,Private / Hired Vehicle,74,1,8.439
21,12,Public Transport,Negombo,Public Transport,110,4,1.699
23,1,Walking,Polonnaruwa,Hiking,135,2,0.018
50,11,Private Vehicle,Mirissa,Vehicle Travel,208,5,36.064
56,1,Walking,Nuwara Eliya,Jogging,34,5,0.006
28,1,Public Transport,Polonnaruwa,Spa / Ayurveda,99,3,0.58
28,10,Flight,Kandy,Flight,97,5,73.458
26,6,N/A,Trincomalee,Resting,110,4,0.371
53,4,Public Transport,Dambulla,Public Transport,39,2,0.191
18,14,Private Vehicle,Jaffna,Private / Hired Vehicle,149,4,21.327
54,12,Public Transport,Bentota,Airport Transfer,85,5,9.646
47,1,Private Vehicle,Yala,Other,65,3,0.106
47,7,Flight,Arugam Bay,Flight,492,1,177.406
60,10,Ferry,Negombo,Ferry,88,5,5.084
50,6,Public Transport,Badulla,Airport Transfer,83,3,4.249
63,19,Private Vehicle,Dambulla,Private / Hired Vehicle,166,3,34.684
66,8,Boat,Bentota,Boat Ride,34,4,1.352
75,1,Private Vehicle,Galle,Vehicle Travel,53,4,0.723
68,2,Private Vehicle,Arugam Bay,Vehicle Travel,108,3,2.56
50,11,Tuk-Tuk,Kalpitiya,Vehicle Travel,260,2,35.473
49,20,Walking,Mirissa,Shopping,148,5,5.999
32,1,Train,Bentota,Vehicle Travel,177,3,1.45
55,1,Walking,Kandy,Walking,160,4,0.002
26,10,Private Vehicle,Sigiriya,Medical / Hospital Visit,61,5,6.898
76,1,Private Vehicle,Negombo,Vehicle Travel,98,1,1.11
71,1,Water,Hikkaduwa,Surfing,78,5,0.091
25,13,Private Vehicle,Arugam Bay,Vehicle Travel,51,4,8.912
67,11,Walking,Bentota,Jogging,51,5,0.089
25,13,Tuk-Tuk,Ella,Vehicle Travel,79,3,9.014
63,7,Boat,Badulla,Boat Ride,71,3,2.235
23,3,N/A,Yala,Other,127,4,0.669
48,14,Private Vehicle,Dambulla,Vehicle Travel,176,5,39.756
59,3,Walking,Arugam Bay,Cultural / Temple Visit,115,5,0.225
63,2,Train,Jaffna,Vehicle Travel,111,3,2.063
44,13,Public Bus,Mirissa,Vehicle Travel,149,4,23.11
76,8,Public Transport,Anuradhapura,Public Transport,154,2,1.167
66,13,Water,Haputale,Surfing,119,4,1.5
31,1,Ferry,Arugam Bay,Ferry,119,5,0.622
60,16,Flight,Dambulla,Flight,209,4,215.053
64,7,N/A,Haputale,Meal,55,3,11.439
39,8,Jeep,Anuradhapura,Wildlife Safari,196,5,30.906
64,14,Private Vehicle,Nuwara Eliya,Shopping,87,2,6.367
74,4,Public Bus,Badulla,Vehicle Travel,111,3,4.904
69,9,Private Vehicle,Dambulla,Sightseeing,100,4,1.646
66,7,Walking,Dambulla,Walking,147,4,0.012
57,10,Flight,Haputale,Flight,253,4,200.443
35,13,Public Transport,Colombo,Airport Transfer,86,4,10.819
68,8,Private Vehicle,Haputale,Vehicle Travel,119,1,10.413
40,1,Private Vehicle,Galle,Sightseeing,228,2,0.367
51,2,Cruise,Galle,Cruise,444,4,21.792
37,16,Walking,Nuwara Eliya,Vehicle Travel,57,4,4.047
37,17,N/A,Galle,Beach Leisure,173,4,3.208
27,17,Private Vehicle,Kandy,Cultural / Temple Visit,100,3,2.712
78,1,Bicycle,Galle,Vehicle Travel,147,1,1.102
27,4,Public Transport,Arugam Bay,Sightseeing,103,4,0.68
23,10,N/A,Anuradhapura,Beach Leisure,294,3,2.417
76,10,Private Vehicle,Bentota,Spa / Ayurveda,63,4,4.72
52,1,Public Bus,Ella,Vehicle Travel,66,3,0.81
45,7,Walking,Badulla,Walking,56,3,0.004
64,1,N/A,Bentota,Resting,68,3,0.039
42,5,Walking,Arugam Bay,Vehicle Travel,94,1,1.478
26,2,Walking,Galle,Walking,90,4,0.002
63,1,Flight,Nuwara Eliya,Flight,305,3,17.989
29,1,N/A,Nuwara Eliya,Meal,73,3,2.227
52,14,Tuk-Tuk,Badulla,Vehicle Travel,175,5,33.39
77,9,Public Transport,Ella,Spa / Ayurveda,111,3,5.633
76,15,Train,Trincomalee,Vehicle Travel,191,4,27.518
40,5,Private Vehicle,Trincomalee,Spa / Ayurveda,121,3,4.859
67,4,Walking,Kandy,Jogging,25,3,0.013
56,3,Walking,Anuradhapura,Walking,70,1,0.002
48,7,Walking,Kandy,Cultural / Temple Visit,133,5,0.527
26,3,Private Vehicle,Ella,Other,64,3,0.315
41,9,Private Vehicle,Hikkaduwa,Sightseeing,125,4,1.858
59,11,Public Bus,Jaffna,Vehicle Travel,276,5,39.572
80,13,Public Transport,Arugam Bay,Cultural / Temple Visit,42,1,0.664
18,2,Public Transport,Nuwara Eliya,Shopping,98,4,0.975
63,5,Private Vehicle,Mirissa,Private / Hired Vehicle,44,2,1.733
71,2,Walking,Haputale,Jogging,50,3,0.013
77,1,N/A,Polonnaruwa,Beach Leisure,186,5,0.224
44,9,Private Vehicle,Ella,Private / Hired Vehicle,159,1,12.743
25,6,Private Vehicle,Hikkaduwa,Private / Hired Vehicle,94,5,6.31
35,9,Walking,Nuwara Eliya,Jogging,45,4,0.054
71,1,N/A,Kalpitiya,Beach Leisure,225,3,0.203
73,20,Walking,Arugam Bay,Walking,64,1,0.014
58,20,N/A,Negombo,Meal,55,4,35.606
25,5,Walking,Trincomalee,Hiking,240,3,0.18
25,12,Walking,Hikkaduwa,Jogging,32,2,0.042
48,2,Public Bus,Haputale,Vehicle Travel,164,3,3.151
55,9,Public Transport,Galle,Public Transport,76,1,0.709
20,13,Private Vehicle,Haputale,Medical / Hospital Visit,67,5,9.488
61,11,Flight,Arugam Bay,Flight,388,3,284.536
52,11,Private Vehicle,Galle,Spa / Ayurveda,132,3,10.674
18,5,Private Vehicle,Yala,Airport Transfer,28,4,1.299
24,11,Tuk-Tuk,Kandy,Vehicle Travel,30,4,3.687
46,8,Public Transport,Trincomalee,Sightseeing,146,5,2.194
63,1,N/A,Arugam Bay,Beach Leisure,172,5,0.178
70,1,N/A,Anuradhapura,Beach Leisure,165,2,0.127
45,10,Private Vehicle,Yala,Spa / Ayurveda,162,3,11.195
36,7,Private Vehicle,Mirissa,Vehicle Travel,69,4,6.633
79,5,Private Vehicle,Polonnaruwa,Sightseeing,73,1,0.554
46,14,Train,Anuradhapura,Vehicle Travel,101,4,15.518
37,8,Jeep,Colombo,Wildlife Safari,187,1,23.49
45,4,Public Transport,Jaffna,Shopping,106,5,2.415
18,4,Walking,Haputale,Vehicle Travel,130,4,2.197
37,7,N/A,Anuradhapura,Beach Leisure,300,4,2.146
50,10,Public Bus,Galle,Vehicle Travel,201,3,20.755
75,6,Public Transport,Haputale,Spa / Ayurveda,129,5,5.689
64,5,Flight,Yala,Flight,160,4,54.918
67,9,Public Bus,Anuradhapura,Vehicle Travel,129,5,13.986
52,9,Private Vehicle,Sigiriya,Sightseeing,115,5,2.338
24,11,Public Transport,Negombo,Public Transport,126,1,1.175
42,1,Cruise,Galle,Cruise,510,1,9.75
80,10,Private Vehicle,Mirissa,Shopping,136,2,6.842
20,5,Private Vehicle,Bentota,Cultural / Temple Visit,78,4,0.634
73,1,Private Vehicle,Anuradhapura,Spa / Ayurveda,222,4,1.697
61,8,Private Vehicle,Nuwara Eliya,Vehicle Travel,225,3,23.609
35,9,Public Transport,Polonnaruwa,Public Transport,128,5,1.724
67,5,Bicycle,Arugam Bay,Bicycle Ride,92,2,0.011
70,10,Private Vehicle,Haputale,Cultural / Temple Visit,76,4,1.503
20,3,N/A,Polonnaruwa,Meal,87,3,6.607
24,2,Cruise,Dambulla,Cruise,158,3,6.643
59,3,Private Vehicle,Arugam Bay,Sightseeing,105,1,0.396
80,4,Flight,Haputale,Flight,112,4,35.839
19,8,Train,Jaffna,Vehicle Travel,128,4,9.502
59,12,Private Vehicle,Yala,Vehicle Travel,170,3,26.924
26,9,Ferry,Bentota,Ferry,126,4,6.141
58,2,Private Vehicle,Haputale,Private / Hired Vehicle,223,4,5.008
57,3,Walking,Sigiriya,Sightseeing,96,3,0.174
23,1,Public Transport,Kalpitiya,Shopping,175,4,0.815
60,8,Public Transport,Nuwara Eliya,Spa / Ayurveda,156,3,7.003
74,2,Train,Dambulla,Vehicle Travel,93,5,2.237
72,5,Private Vehicle,Sigiriya,Private / Hired Vehicle,71,4,4.571
19,10,Public Transport,Polonnaruwa,Public Transport,164,2,1.69
33,8,Train,Polonnaruwa,Vehicle Travel,211,4,15.062
33,3,Private Vehicle,Negombo,Airport Transfer,68,3,1.488
46,3,N/A,Badulla,Resting,204,5,0.318
27,7,Private Vehicle,Trincomalee,Private / Hired Vehicle,179,4,14.069
71,6,Tuk-Tuk,Polonnaruwa,Vehicle Travel,231,1,13.871
66,1,N/A,Jaffna,Resting,134,4,0.071
68,13,Walking,Colombo,Vehicle Travel,79,2,3.862
30,5,Bicycle,Yala,Vehicle Travel,80,5,4.377
18,5,Train,Colombo,Vehicle Travel,78,5,4.123
75,2,Private Vehicle,Hikkaduwa,Private / Hired Vehicle,101,4,2.537
36,4,Private Vehicle,Ella,Vehicle Travel,133,4,6.712
59,3,N/A,Bentota,Meal,31,4,3.442
75,2,Private Vehicle,Kalpitiya,Vehicle Travel,124,3,3.166
20,6,N/A,Negombo,Meal,55,2,8.458
18,5,Walking,Bentota,Sightseeing,142,5,0.401
18,13,Tuk-Tuk,Trincomalee,Vehicle Travel,247,3,34.836
27,15,Public Transport,Jaffna,Cultural / Temple Visit,39,3,0.893
21,2,Ferry,Anuradhapura,Ferry,53,2,0.457
69,1,Public Bus,Negombo,Vehicle Travel,320,5,4.481
56,10,Flight,Galle,Flight,109,5,80.817
79,20,Bicycle,Yala,Vehicle Travel,126,3,20.224
68,12,Private Vehicle,Sigiriya,Vehicle Travel,237,3,35.924
78,1,Private Vehicle,Hikkaduwa,Shopping,130,5,0.986
33,2,N/A,Mirissa,Meal,57,3,3.413
36,1,Private Vehicle,Polonnaruwa,Private / Hired Vehicle,79,5,0.905
71,11,Public Transport,Anuradhapura,Public Transport,140,5,2.232
33,6,N/A,Nuwara Eliya,Meal,58,4,10.492
21,5,Private Vehicle,Colombo,Private / Hired Vehicle,44,2,1.762
60,6,Private Vehicle,Kalpitiya,Airport Transfer,61,4,4.285
68,2,Boat,Bentota,Boat Ride,88,5,0.877
78,7,Flight,Dambulla,Flight,105,3,47.958
76,1,N/A,Anuradhapura,Meal,70,5,2.844
25,7,Private Vehicle,Bentota,Vehicle Travel,152,3,11.402
66,9,Tuk-Tuk,Nuwara Eliya,Vehicle Travel,73,5,9.616
71,8,Private Vehicle,Dambulla,Sightseeing,248,4,3.628
61,3,Flight,Sigiriya,Flight,161,2,29.931
69,11,Private Vehicle,Sigiriya,Private / Hired Vehicle,38,3,4.037
70,9,Walking,Negombo,Walking,101,1,0.007
46,1,Private Vehicle,Trincomalee,Vehicle Travel,173,3,2.3
20,2,Walking,Negombo,Other,156,5,0.175
46,7,Private Vehicle,Galle,Cultural / Temple Visit,102,3,1.163
30,3,Flight,Badulla,Flight,185,5,42.065
25,1,Flight,Nuwara Eliya,Flight,101,2,6.115
25,1,Private Vehicle,Galle,Other,132,4,0.251
61,1,Bicycle,Galle,Vehicle Travel,32,5,0.324
49,5,Tuk-Tuk,Bentota,Vehicle Travel,194,4,9.805
52,7,Bicycle,Yala,Vehicle Travel,85,5,5.788
64,2,Tuk-Tuk,Kandy,Vehicle Travel,41,5,1.18
52,9,Private Vehicle,Mirissa,Vehicle Travel,295,4,35.716
57,3,Private Vehicle,Mirissa,Shopping,74,4,1.302
23,3,Walking,Dambulla,Jogging,38,1,0.013
71,2,Public Bus,Colombo,Vehicle Travel,145,3,2.862
46,10,Public Bus,Kandy,Vehicle Travel,135,3,15.191
27,16,Water,Nuwara Eliya,Swimming / Snorkeling,49,5,0.87
69,5,Water,Yala,Swimming / Snorkeling,133,4,0.67
64,1,Flight,Jaffna,Flight,272,4,17.67
21,2,Public Bus,Nuwara Eliya,Vehicle Travel,149,5,4.22
30,1,Public Transport,Anuradhapura,Sightseeing,145,2,0.2
18,12,Private Vehicle,Trincomalee,Private / Hired Vehicle,97,5,13.172
35,1,Walking,Trincomalee,Jogging,24,2,0.003
24,17,Tuk-Tuk,Trincomalee,Vehicle Travel,90,3,17.794
62,6,N/A,Mirissa,Meal,47,4,10.097
50,5,Private Vehicle,Dambulla,Vehicle Travel,69,3,4.389
79,12,N/A,Polonnaruwa,Beach Leisure,182,4,1.962
65,1,Private Vehicle,Badulla,Vehicle Travel,99,4,1.547
56,10,Walking,Anuradhapura,Cultural / Temple Visit,125,5,0.743
50,1,Bicycle,Bentota,Vehicle Travel,107,2,0.715
21,12,Public Transport,Sigiriya,Shopping,38,2,1.832
22,5,Private Vehicle,Anuradhapura,Vehicle Travel,77,1,3.902
56,1,Boat,Trincomalee,Boat Ride,41,3,0.194
18,12,Cruise,Mirissa,Cruise,196,2,54.407
20,1,Private Vehicle,Kandy,Vehicle Travel,86,3,1.024
31,1,Ferry,Badulla,Ferry,129,5,0.751
73,11,Public Transport,Colombo,Airport Transfer,54,5,5.84
46,5,Jeep,Yala,Wildlife Safari,215,5,22.761
62,13,N/A,Arugam Bay,Resting,75,1,0.454
43,7,Walking,Bentota,Vehicle Travel,143,4,4.392
28,7,Tuk-Tuk,Nuwara Eliya,Vehicle Travel,125,2,9.048
41,3,Private Vehicle,Trincomalee,Spa / Ayurveda,143,3,2.954
23,1,Private Vehicle,Colombo,Private / Hired Vehicle,174,3,1.66
66,16,N/A,Negombo,Resting,164,5,1.802
29,1,Water,Hikkaduwa,Surfing,191,4,0.184
41,5,Public Transport,Dambulla,Public Transport,32,3,0.182
79,2,Cruise,Polonnaruwa,Cruise,645,4,32.646
55,2,Train,Kalpitiya,Vehicle Travel,59,5,1.349
46,6,Private Vehicle,Galle,Other,138,1,1.242
52,11,Bicycle,Polonnaruwa,Bicycle Ride,74,5,0.023
67,10,Public Transport,Jaffna,Public Transport,79,2,0.966
34,12,N/A,Galle,Resting,203,2,1.172
58,3,Boat,Badulla,Boat Ride,42,5,0.7
72,5,Walking,Polonnaruwa,Vehicle Travel,209,1,3.602
54,1,Public Bus,Sigiriya,Vehicle Travel,242,4,2.939
46,9,Walking,Kalpitiya,Jogging,21,2,0.026
27,3,Private Vehicle,Negombo,Vehicle Travel,96,4,3.904
33,6,Boat,Yala,Boat Ride,171,4,4.874
77,2,Walking,Ella,Hiking,58,5,0.024
52,11,Private Vehicle,Negombo,Spa / Ayurveda,193,5,15.94
36,11,Private Vehicle,Haputale,Cultural / Temple Visit,71,4,1.534
44,13,Walking,Ella,Hiking,249,3,0.441
54,1,Walking,Colombo,Walking,110,2,0.001
51,20,Walking,Nuwara Eliya,Walking,78,4,0.02
62,2,N/A,Sigiriya,Beach Leisure,164,3,0.24
34,3,Private Vehicle,Anuradhapura,Shopping,84,1,1.183
58,2,Walking,Badulla,Jogging,53,5,0.019
45,2,Flight,Badulla,Flight,521,3,67.55
77,6,Private Vehicle,Hikkaduwa,Vehicle Travel,172,1,12.337
27,2,Private Vehicle,Nuwara Eliya,Other,155,5,0.551
27,4,Water,Nuwara Eliya,Swimming / Snorkeling,124,4,0.437
47,8,Ferry,Kandy,Ferry,175,4,7.665
50,12,Boat,Dambulla,Boat Ride,148,2,7.848
61,8,Public Bus,Nuwara Eliya,Vehicle Travel,120,3,10.354
43,6,Walking,Kalpitiya,Vehicle Travel,226,4,5.774
75,1,Public Transport,Mirissa,Cultural / Temple Visit,86,3,0.132
47,11,Private Vehicle,Arugam Bay,Private / Hired Vehicle,65,4,6.661
26,1,Private Vehicle,Haputale,Medical / Hospital Visit,54,3,0.463
25,2,Private Vehicle,Ella,Airport Transfer,33,2,0.522
79,1,Public Transport,Arugam Bay,Public Transport,51,1,0.052
26,8,Private Vehicle,Sigiriya,Sightseeing,71,3,1.052
77,3,Flight,Ella,Flight,88,3,15.491
35,7,Walking,Haputale,Shopping,220,4,2.516
23,3,Private Vehicle,Mirissa,Sightseeing,112,4,0.659
37,4,N/A,Ella,Meal,38,2,4.381
56,5,Train,Galle,Vehicle Travel,281,4,14.291
44,1,N/A,Bentota,Meal,61,3,1.689
67,4,Cruise,Polonnaruwa,Cruise,296,3,32.414
56,7,Flight,Galle,Flight,211,5,104.802
43,6,Walking,Negombo,Walking,62,4,0.004
57,1,Flight,Galle,Flight,138,4,9.926
79,8,Train,Bentota,Vehicle Travel,108,3,7.631
43,3,Walking,Trincomalee,Shopping,92,2,0.387
27,1,N/A,Galle,Beach Leisure,182,4,0.191
43,1,Bicycle,Anuradhapura,Vehicle Travel,242,4,1.821
70,5,Private Vehicle,Sigiriya,Vehicle Travel,177,4,11.075
31,3,Flight,Colombo,Flight,46,5,9.886
77,8,Private Vehicle,Colombo,Airport Transfer,126,3,10.347
55,2,Private Vehicle,Galle,Sightseeing,154,5,0.726
55,10,Cruise,Negombo,Cruise,340,4,90.762
37,3,Private Vehicle,Colombo,Sightseeing,144,3,0.629
75,7,Boat,Trincomalee,Boat Ride,68,1,1.937
20,11,Water,Colombo,Swimming / Snorkeling,130,4,1.401
36,4,Flight,Nuwara Eliya,Flight,253,3,64.352
44,1,Private Vehicle,Ella,Vehicle Travel,181,4,2.607
48,6,Train,Bentota,Vehicle Travel,294,4,14.663
47,20,Walking,Negombo,Vehicle Travel,153,3,10.384
27,17,Public Transport,Yala,Sightseeing,199,4,5.215
32,2,Train,Colombo,Vehicle Travel,71,4,1.476
24,10,Public Transport,Galle,Public Transport,29,3,0.308
54,3,Walking,Bentota,Walking,44,5,0.002
40,1,N/A,Sigiriya,Meal,58,1,1.451
53,8,Cruise,Jaffna,Cruise,527,5,113.74
55,5,Private Vehicle,Anuradhapura,Vehicle Travel,42,1,2.162
62,6,Public Transport,Negombo,Sightseeing,215,2,1.826
52,11,N/A,Sigiriya,Beach Leisure,215,4,2.176
58,3,Private Vehicle,Hikkaduwa,Shopping,92,2,1.461
54,8,Public Bus,Galle,Vehicle Travel,200,3,15.888
59,3,Private Vehicle,Badulla,Other,194,2,1.034
56,1,Private Vehicle,Badulla,Vehicle Travel,94,4,1.295
37,4,Private Vehicle,Sigiriya,Vehicle Travel,62,4,3.396
33,16,Public Bus,Nuwara Eliya,Vehicle Travel,79,1,11.317
67,5,Flight,Colombo,Flight,288,3,93.989
39,1,Private Vehicle,Badulla,Cultural / Temple Visit,84,2,0.129
52,8,Public Transport,Colombo,Public Transport,59,5,0.671
30,17,Public Transport,Colombo,Cultural / Temple Visit,105,2,2.574
45,14,Walking,Kandy,Walking,57,4,0.009
51,6,Public Bus,Sigiriya,Vehicle Travel,184,3,9.344
57,4,Public Transport,Badulla,Sightseeing,111,4,0.681
51,6,Tuk-Tuk,Ella,Vehicle Travel,65,5,5.157
40,11,Train,Jaffna,Vehicle Travel,276,3,27.802
78,12,N/A,Hikkaduwa,Resting,120,4,0.728
50,11,Flight,Dambulla,Flight,174,3,124.711
68,4,Public Bus,Hikkaduwa,Vehicle Travel,287,4,14.005
64,1,Cruise,Badulla,Cruise,227,3,5.878
53,6,Flight,Hikkaduwa,Flight,220,3,84.042
73,1,Public Transport,Polonnaruwa,Sightseeing,101,2,0.127
26,1,Public Transport,Bentota,Shopping,159,2,0.629
76,5,Flight,Yala,Flight,213,5,97.243
71,8,Private Vehicle,Negombo,Spa / Ayurveda,167,4,10.002
49,12,N/A,Kalpitiya,Meal,67,3,27.908
64,10,Private Vehicle,Colombo,Private / Hired Vehicle,152,4,17.268
50,12,Private Vehicle,Yala,Vehicle Travel,205,4,34.097
34,10,Public Transport,Polonnaruwa,Spa / Ayurveda,142,3,8.192
68,9,N/A,Galle,Other,87,3,1.433
33,1,Train,Anuradhapura,Vehicle Travel,98,4,0.891
37,7,N/A,Trincomalee,Resting,101,3,0.343
50,1,Cruise,Kandy,Cruise,331,4,10.127
70,1,Private Vehicle,Haputale,Cultural / Temple Visit,106,2,0.201
42,1,Train,Anuradhapura,Vehicle Travel,217,1,1.571
49,11,Walking,Dambulla,Walking,93,4,0.011
20,9,Public Transport,Yala,Public Transport,143,4,1.4
25,16,Bicycle,Yala,Bicycle Ride,118,5,0.068
21,18,Public Transport,Badulla,Airport Transfer,143,2,20.614
22,13,Flight,Kalpitiya,Flight,166,4,161.525
72,1,Private Vehicle,Trincomalee,Other,138,5,0.288
71,13,Train,Arugam Bay,Vehicle Travel,130,4,16.422
69,12,Flight,Dambulla,Flight,286,5,256.293
21,13,Public Bus,Hikkaduwa,Vehicle Travel,175,5,21.432
22,1,N/A,Badulla,Beach Leisure,115,5,0.109
35,1,N/A,Bentota,Resting,133,5,0.083
53,14,Public Transport,Galle,Airport Transfer,21,4,2.662
39,2,Private Vehicle,Ella,Vehicle Travel,123,3,2.917
48,3,Private Vehicle,Trincomalee,Private / Hired Vehicle,45,5,1.63
28,4,Private Vehicle,Bentota,Private / Hired Vehicle,88,5,3.724
64,1,Public Transport,Polonnaruwa,Public Transport,100,2,0.121
37,1,N/A,Kalpitiya,Other,38,3,0.067
22,20,Walking,Ella,Walking,48,3,0.01
64,13,Public Bus,Badulla,Vehicle Travel,236,5,39.436
74,14,Private Vehicle,Mirissa,Vehicle Travel,34,3,5.935
18,3,Walking,Sigiriya,Walking,97,3,0.003
45,2,Public Transport,Nuwara Eliya,Shopping,180,4,1.419
70,4,Cruise,Ella,Cruise,149,1,13.388
62,4,Private Vehicle,Arugam Bay,Medical / Hospital Visit,46,5,1.706
71,1,Walking,Kandy,Sightseeing,64,3,0.034
44,10,Walking,Galle,Walking,24,2,0.002
41,20,Public Transport,Dambulla,Public Transport,103,3,2.161
62,5,Private Vehicle,Arugam Bay,Private / Hired Vehicle,93,4,4.893
27,4,Flight,Trincomalee,Flight,273,4,76.221
33,4,Private Vehicle,Bentota,Vehicle Travel,216,3,10.458
55,1,Tuk-Tuk,Jaffna,Vehicle Travel,332,3,3.987
60,2,Public Transport,Bentota,Airport Transfer,26,5,0.501
25,5,Boat,Colombo,Boat Ride,48,4,1.136
50,4,N/A,Jaffna,Resting,168,4,0.354
40,6,Train,Kandy,Vehicle Travel,245,3,12.722
49,12,Public Transport,Hikkaduwa,Airport Transfer,61,5,7.157
78,2,Water,Haputale,Surfing,191,4,0.352
22,1,Private Vehicle,Hikkaduwa,Vehicle Travel,242,3,3.098
80,1,Flight,Jaffna,Flight,416,5,27.478
46,1,Flight,Badulla,Flight,167,5,13.999
66,6,Walking,Nuwara Eliya,Hiking,190,4,0.177
44,11,Flight,Dambulla,Flight,322,4,265.844
37,13,N/A,Nuwara Eliya,Meal,41,3,16.149
66,7,Cruise,Colombo,Cruise,282,4,58.052
61,4,Private Vehicle,Nuwara Eliya,Medical / Hospital Visit,50,2,1.516
27,1,Private Vehicle,Trincomalee,Private / Hired Vehicle,115,4,1.141
62,4,Flight,Kandy,Flight,397,3,105.998
65,3,Public Transport,Sigiriya,Public Transport,106,3,0.395
42,13,Walking,Colombo,Hiking,278,5,0.716
76,5,Flight,Nuwara Eliya,Flight,170,2,56.878
58,2,Private Vehicle,Negombo,Private / Hired Vehicle,150,5,3.643
39,3,Private Vehicle,Ella,Vehicle Travel,69,3,2.684
18,1,Walking,Sigiriya,Other,109,1,0.049
60,14,Walking,Galle,Hiking,118,1,0.222
31,1,Public Transport,Anuradhapura,Public Transport,104,3,0.129
65,1,Private Vehicle,Dambulla,Vehicle Travel,219,3,2.855
51,2,Train,Trincomalee,Vehicle Travel,19,3,0.294
47,11,Flight,Nuwara Eliya,Flight,149,4,125.613
28,5,N/A,Bentota,Other,68,3,0.588
62,7,Walking,Hikkaduwa,Sightseeing,59,1,0.183
28,3,Private Vehicle,Arugam Bay,Cultural / Temple Visit,85,3,0.429
44,1,Walking,Arugam Bay,Walking,48,2,0.001
70,12,Private Vehicle,Kalpitiya,Vehicle Travel,63,1,8.577
75,2,Walking,Polonnaruwa,Vehicle Travel,33,2,0.282
80,1,Walking,Nuwara Eliya,Shopping,119,4,0.222
78,6,Public Transport,Negombo,Public Transport,80,4,0.631
53,1,Public Transport,Dambulla,Airport Transfer,84,5,0.741
30,1,Public Transport,Kalpitiya,Shopping,135,4,0.636
70,11,Ferry,Sigiriya,Ferry,95,4,6.423
68,5,Private Vehicle,Negombo,Vehicle Travel,135,3,8.499
80,2,Private Vehicle,Ella,Vehicle Travel,82,1,1.935
59,3,Private Vehicle,Yala,Sightseeing,154,4,0.997
26,9,Private Vehicle,Kandy,Sightseeing,171,3,2.201
49,1,Walking,Mirissa,Vehicle Travel,127,3,0.5
46,1,Tuk-Tuk,Hikkaduwa,Vehicle Travel,70,5,1.015
71,7,Private Vehicle,Yala,Vehicle Travel,139,2,12.612
42,7,Private Vehicle,Yala,Vehicle Travel,307,1,19.797
38,18,N/A,Nuwara Eliya,Meal,49,5,29.231
23,4,Private Vehicle,Dambulla,Spa / Ayurveda,92,3,2.044
70,1,Walking,Haputale,Hiking,93,3,0.013
65,6,Flight,Galle,Flight,168,2,67.046
20,7,Train,Sigiriya,Vehicle Travel,149,3,8.796
45,1,Public Transport,Mirissa,Sightseeing,140,5,0.263
48,6,Private Vehicle,Anuradhapura,Private / Hired Vehicle,82,4,5.401
47,2,N/A,Colombo,Meal,36,3,1.929
75,12,Flight,Colombo,Flight,414,3,336.482
27,12,Private Vehicle,Nuwara Eliya,Spa / Ayurveda,200,3,13.97
37,4,Cruise,Badulla,Cruise,190,4,19.976
29,17,Private Vehicle,Mirissa,Vehicle Travel,42,3,9.135
33,18,Private Vehicle,Sigiriya,Spa / Ayurveda,136,2,15.222
75,1,Walking,Kandy,Walking,68,4,0.001
77,3,Private Vehicle,Dambulla,Airport Transfer,99,5,3.172
20,7,Public Transport,Anuradhapura,Spa / Ayurveda,135,5,7.862
57,1,Flight,Anuradhapura,Flight,248,5,20.516
32,4,Private Vehicle,Jaffna,Cultural / Temple Visit,84,4,0.602
30,2,Boat,Nuwara Eliya,Boat Ride,51,4,0.532
36,16,Jeep,Negombo,Wildlife Safari,293,5,102.488
30,4,Private Vehicle,Bentota,Vehicle Travel,202,1,9.322
48,10,Jeep,Negombo,Wildlife Safari,424,3,68.526
80,4,Tuk-Tuk,Trincomalee,Vehicle Travel,150,2,6.735
54,1,Private Vehicle,Galle,Other,54,5,0.121
63,12,Flight,Mirissa,Flight,77,5,72.269
49,1,Public Transport,Kandy,Airport Transfer,42,5,0.45
18,1,Boat,Negombo,Boat Ride,136,3,0.604
23,3,Private Vehicle,Anuradhapura,Sightseeing,108,5,0.701
34,8,Public Transport,Hikkaduwa,Spa / Ayurveda,181,1,7.555
33,3,Train,Nuwara Eliya,Vehicle Travel,182,2,4.026
70,1,Boat,Yala,Boat Ride,41,4,0.215
71,3,Public Transport,Bentota,Airport Transfer,100,4,3.01
71,2,Public Transport,Sigiriya,Public Transport,109,5,0.302
58,1,Bicycle,Bentota,Vehicle Travel,242,3,1.797
53,6,Bicycle,Kandy,Bicycle Ride,118,3,0.02
58,1,Train,Anuradhapura,Vehicle Travel,160,3,1.627
43,3,Tuk-Tuk,Galle,Vehicle Travel,83,1,1.868
60,7,Walking,Trincomalee,Vehicle Travel,256,5,9.339
68,9,Bicycle,Kandy,Vehicle Travel,93,3,5.393
66,2,N/A,Colombo,Beach Leisure,225,2,0.376
56,3,Public Bus,Yala,Vehicle Travel,127,3,3.495
21,2,Train,Sigiriya,Vehicle Travel,41,4,0.747
63,16,Walking,Kalpitiya,Vehicle Travel,73,5,5.633
41,2,Boat,Sigiriya,Boat Ride,63,2,0.556
64,2,Public Transport,Anuradhapura,Shopping,64,2,0.609
51,4,Public Bus,Nuwara Eliya,Vehicle Travel,274,5,12.191
73,2,Water,Kalpitiya,Swimming / Snorkeling,48,4,0.103
39,1,N/A,Dambulla,Meal,56,3,1.587
76,1,Private Vehicle,Ella,Sightseeing,115,2,0.193
71,7,N/A,Sigiriya,Meal,77,5,23.024
38,7,Public Transport,Ella,Cultural / Temple Visit,60,4,0.703
48,7,Private Vehicle,Ella,Vehicle Travel,33,2,2.411
51,10,Public Transport,Nuwara Eliya,Public Transport,39,2,0.431
66,3,N/A,Kalpitiya,Meal,71,2,5.809
61,14,Public Transport,Arugam Bay,Cultural / Temple Visit,51,3,1.027
71,9,Walking,Anuradhapura,Walking,144,2,0.013
41,11,Private Vehicle,Ella,Vehicle Travel,123,3,17.572
49,9,Walking,Ella,Shopping,118,2,1.399
45,3,Water,Jaffna,Swimming / Snorkeling,101,3,0.253
75,3,Water,Dambulla,Surfing,98,3,0.256
37,4,Train,Jaffna,Vehicle Travel,67,3,2.402
54,1,N/A,Hikkaduwa,Resting,77,5,0.049
25,4,Tuk-Tuk,Sigiriya,Vehicle Travel,268,3,12.835
71,1,Walking,Haputale,Jogging,41,5,0.007
42,1,Private Vehicle,Polonnaruwa,Shopping,123,5,0.798
39,15,Walking,Kalpitiya,Vehicle Travel,48,5,3.348
54,8,Private Vehicle,Hikkaduwa,Vehicle Travel,276,2,24.466
49,6,Bicycle,Hikkaduwa,Vehicle Travel,25,3,1.111
71,3,Private Vehicle,Kandy,Vehicle Travel,84,4,3.481
51,6,Walking,Ella,Walking,90,2,0.006
50,13,Walking,Galle,Jogging,27,2,0.046
24,7,Public Bus,Arugam Bay,Vehicle Travel,142,1,8.31
19,7,Private Vehicle,Jaffna,Vehicle Travel,188,4,18.122
43,5,Public Transport,Galle,Spa / Ayurveda,119,5,3.651
80,3,N/A,Dambulla,Meal,66,3,6.011
75,8,Train,Trincomalee,Vehicle Travel,157,5,11.466
57,18,N/A,Jaffna,Resting,113,4,1.244
57,4,Private Vehicle,Haputale,Vehicle Travel,167,1,8.644
42,4,Private Vehicle,Jaffna,Private / Hired Vehicle,101,3,3.595
29,4,Private Vehicle,Colombo,Airport Transfer,102,1,3.237
18,4,Walking,Dambulla,Vehicle Travel,88,5,1.648
39,19,Private Vehicle,Kalpitiya,Private / Hired Vehicle,170,4,29.845
37,9,Private Vehicle,Kandy,Sightseeing,129,4,2.115
30,3,Boat,Trincomalee,Boat Ride,81,4,1.22
34,3,Water,Arugam Bay,Surfing,165,3,0.418
19,4,Train,Ella,Vehicle Travel,140,5,5.946
56,1,N/A,Sigiriya,Meal,41,5,1.463
76,5,Public Transport,Kalpitiya,Cultural / Temple Visit,62,4,0.489
61,11,Private Vehicle,Anuradhapura,Medical / Hospital Visit,60,3,6.099
46,8,Ferry,Trincomalee,Ferry,182,1,6.818
44,2,Private Vehicle,Dambulla,Shopping,81,1,0.588
37,9,Public Transport,Yala,Shopping,164,2,4.953
26,9,Private Vehicle,Kalpitiya,Private / Hired Vehicle,62,4,5.08
55,2,Walking,Arugam Bay,Walking,43,4,0.001
53,7,N/A,Badulla,Resting,76,5,0.329
18,7,Bicycle,Galle,Bicycle Ride,118,2,0.02
44,12,Public Bus,Kalpitiya,Vehicle Travel,140,3,17.03
35,1,Boat,Galle,Boat Ride,66,1,0.244
28,2,Public Bus,Polonnaruwa,Vehicle Travel,118,5,3.141
62,5,Cruise,Hikkaduwa,Cruise,228,4,28.5
51,1,Walking,Jaffna,Jogging,54,3,0.007
57,4,Private Vehicle,Kalpitiya,Sightseeing,246,4,2.182
62,10,Flight,Mirissa,Flight,61,4,38.612
79,1,Private Vehicle,Hikkaduwa,Spa / Ayurveda,149,3,0.912
68,5,Private Vehicle,Dambulla,Cultural / Temple Visit,76,2,0.651
57,19,Walking,Polonnaruwa,Hiking,193,3,0.604
73,5,Cruise,Nuwara Eliya,Cruise,365,3,45.862
48,5,Private Vehicle,Polonnaruwa,Private / Hired Vehicle,149,4,6.397
80,6,Public Bus,Jaffna,Vehicle Travel,112,3,6.273
65,2,Private Vehicle,Colombo,Vehicle Travel,71,4,1.966
59,1,Train,Haputale,Vehicle Travel,78,4,0.805
74,8,Flight,Dambulla,Flight,243,4,138.589
50,4,Private Vehicle,Kalpitiya,Other,149,5,1.27
63,3,Train,Dambulla,Vehicle Travel,186,3,5.18
35,1,Cruise,Bentota,Cruise,290,4,7.982
78,12,Walking,Bentota,Other,73,1,0.367
57,1,Public Transport,Sigiriya,Shopping,104,4,0.511
67,10,Private Vehicle,Yala,Airport Transfer,43,4,5.144
47,4,Walking,Colombo,Sightseeing,188,2,0.343
72,7,Walking,Negombo,Shopping,97,1,0.883
22,2,Private Vehicle,Dambulla,Vehicle Travel,284,4,7.785
25,1,Walking,Badulla,Vehicle Travel,60,4,0.224
49,6,Walking,Jaffna,Vehicle Travel,309,4,7.058
64,8,Public Transport,Badulla,Spa / Ayurveda,83,3,3.87
68,2,Cruise,Nuwara Eliya,Cruise,200,4,10.71
45,4,Walking,Arugam Bay,Jogging,36,4,0.021
58,4,Private Vehicle,Dambulla,Vehicle Travel,330,3,15.861
52,2,Public Bus,Dambulla,Vehicle Travel,105,4,2.37
78,6,Water,Dambulla,Swimming / Snorkeling,98,4,0.643
59,1,Private Vehicle,Arugam Bay,Private / Hired Vehicle,154,5,1.975
44,5,Flight,Kandy,Flight,329,3,102.703
79,1,Walking,Kalpitiya,Other,91,3,0.05
24,5,Flight,Anuradhapura,Flight,406,5,142.142
80,3,Private Vehicle,Mirissa,Vehicle Travel,96,5,4.849
27,4,Bicycle,Galle,Bicycle Ride,106,3,0.012
36,4,Train,Haputale,Vehicle Travel,219,5,10.241
69,14,Tuk-Tuk,Sigiriya,Vehicle Travel,196,2,30.952
64,5,Jeep,Badulla,Wildlife Safari,416,5,44.145
79,11,Walking,Negombo,Vehicle Travel,227,2,9.018
65,2,Flight,Bentota,Flight,140,3,16.999
58,3,Public Transport,Anuradhapura,Shopping,192,5,3.033
39,1,N/A,Badulla,Resting,144,2,0.07
18,4,Private Vehicle,Jaffna,Sightseeing,105,5,0.903
25,8,N/A,Hikkaduwa,Beach Leisure,199,3,1.318
36,12,N/A,Mirissa,Resting,62,2,0.367
20,6,Bicycle,Nuwara Eliya,Vehicle Travel,77,5,3.331
50,7,Bicycle,Galle,Vehicle Travel,51,4,3.044
66,2,Train,Colombo,Vehicle Travel,166,5,3.541
78,1,Flight,Yala,Flight,240,5,17.706
48,10,Walking,Hikkaduwa,Other,33,1,0.149
73,1,Private Vehicle,Bentota,Sightseeing,111,3,0.222
80,1,Cruise,Nuwara Eliya,Cruise,465,3,11.79
72,15,Public Transport,Anuradhapura,Public Transport,86,4,1.849
47,17,Walking,Nuwara Eliya,Jogging,28,1,0.05
38,7,Private Vehicle,Yala,Private / Hired Vehicle,158,3,11.874
79,4,Public Transport,Jaffna,Public Transport,49,5,0.258
33,12,Tuk-Tuk,Sigiriya,Vehicle Travel,147,2,18.514
43,2,Bicycle,Colombo,Vehicle Travel,94,4,1.654
22,4,Walking,Galle,Hiking,177,3,0.106
68,3,Walking,Yala,Walking,104,1,0.003
58,14,Bicycle,Ella,Bicycle Ride,135,2,0.039
23,14,Private Vehicle,Dambulla,Cultural / Temple Visit,80,2,1.758
31,7,Train,Ella,Vehicle Travel,275,4,17.977
52,1,Flight,Colombo,Flight,255,2,15.362
52,5,Private Vehicle,Mirissa,Private / Hired Vehicle,81,5,4.09
68,2,Walking,Mirissa,Hiking,127,5,0.048
34,13,N/A,Hikkaduwa,Meal,51,2,17.619
76,1,Public Bus,Ella,Vehicle Travel,67,5,0.893
46,1,Tuk-Tuk,Hikkaduwa,Vehicle Travel,288,5,4.351
69,9,Public Transport,Kalpitiya,Airport Transfer,54,1,3.468
33,4,Cruise,Mirissa,Cruise,607,5,71.287
20,12,Private Vehicle,Anuradhapura,Sightseeing,90,3,1.981
21,1,Walking,Arugam Bay,Walking,72,4,0.001
41,11,Private Vehicle,Polonnaruwa,Private / Hired Vehicle,165,2,12.944
78,1,Train,Galle,Vehicle Travel,162,5,1.978
21,1,Walking,Negombo,Hiking,86,5,0.017
41,5,Private Vehicle,Sigiriya,Cultural / Temple Visit,69,5,0.695
24,2,Tuk-Tuk,Kalpitiya,Vehicle Travel,77,5,2.016
76,6,Private Vehicle,Galle,Shopping,47,1,1.18
60,1,Train,Trincomalee,Vehicle Travel,286,4,2.417
66,1,Bicycle,Yala,Vehicle Travel,145,3,1.221
62,9,Jeep,Arugam Bay,Wildlife Safari,150,2,22.952
59,2,Ferry,Anuradhapura,Ferry,134,2,1.251
66,8,Cruise,Colombo,Cruise,283,5,72.189
18,10,Ferry,Kalpitiya,Ferry,137,4,7.704
72,1,N/A,Trincomalee,Meal,53,1,1.191
64,10,Walking,Mirissa,Walking,127,5,0.017
64,2,Water,Trincomalee,Surfing,180,5,0.38
42,4,Private Vehicle,Trincomalee,Private / Hired Vehicle,85,3,3.27
68,1,Bicycle,Mirissa,Bicycle Ride,49,3,0.001
42,12,N/A,Yala,Other,128,4,3.031
21,6,Private Vehicle,Galle,Sightseeing,49,4,0.471
75,5,Private Vehicle,Colombo,Other,78,3,0.776
32,17,Private Vehicle,Trincomalee,Private / Hired Vehicle,192,4,31.533
24,3,Walking,Ella,Sightseeing,163,1,0.206
57,13,N/A,Arugam Bay,Meal,59,4,21.759
32,9,Cruise,Mirissa,Cruise,95,3,19.746
72,15,Ferry,Jaffna,Ferry,160,3,12.161
45,14,Private Vehicle,Ella,Spa / Ayurveda,110,3,10.405
18,20,Private Vehicle,Hikkaduwa,Airport Transfer,54,4,10.249
77,1,Private Vehicle,Haputale,Vehicle Travel,38,3,0.46
50,11,Public Transport,Anuradhapura,Sightseeing,121,3,2.042
34,11,Train,Galle,Vehicle Travel,102,2,7.95
60,7,Walking,Trincomalee,Hiking,234,5,0.335
51,2,Tuk-Tuk,Mirissa,Vehicle Travel,82,3,2.141
19,17,Train,Anuradhapura,Vehicle Travel,268,3,46.465
65,2,Private Vehicle,Jaffna,Spa / Ayurveda,128,2,1.57
43,5,N/A,Dambulla,Resting,69,4,0.202
62,5,Walking,Jaffna,Vehicle Travel,79,3,1.476
74,1,Private Vehicle,Dambulla,Vehicle Travel,118,3,1.728
56,9,Private Vehicle,Galle,Vehicle Travel,220,5,32.128
60,1,Public Transport,Sigiriya,Public Transport,45,4,0.058
34,8,Ferry,Jaffna,Ferry,63,4,2.429
32,12,Bicycle,Sigiriya,Bicycle Ride,27,3,0.008
44,3,Private Vehicle,Badulla,Sightseeing,140,5,0.822
71,9,Jeep,Hikkaduwa,Wildlife Safari,347,5,65.223
51,1,Walking,Yala,Hiking,120,4,0.02
39,12,Walking,Dambulla,Jogging,49,4,0.078
67,16,Walking,Badulla,Hiking,237,5,0.7
71,1,Walking,Colombo,Vehicle Travel,211,5,1.076
74,8,Private Vehicle,Jaffna,Private / Hired Vehicle,43,2,3.41
36,5,Walking,Yala,Other,88,5,0.251
62,5,Cruise,Dambulla,Cruise,246,4,33.065
55,9,Water,Bentota,Swimming / Snorkeling,54,4,0.431
46,5,Private Vehicle,Bentota,Vehicle Travel,120,3,9.172
43,7,N/A,Dambulla,Resting,130,3,0.427
25,2,Public Transport,Kalpitiya,Shopping,178,5,1.883
35,4,Private Vehicle,Galle,Cultural / Temple Visit,84,4,0.638
52,12,Public Bus,Mirissa,Vehicle Travel,218,2,24.086
73,1,Private Vehicle,Dambulla,Shopping,144,4,0.794
72,6,N/A,Ella,Beach Leisure,79,2,0.394
29,2,Walking,Hikkaduwa,Walking,71,3,0.001
60,12,Bicycle,Badulla,Vehicle Travel,74,4,7.73
23,6,Walking,Polonnaruwa,Hiking,124,4,0.114
60,4,Public Transport,Ella,Public Transport,127,2,0.581
39,2,Public Bus,Badulla,Vehicle Travel,163,2,2.58
46,4,Public Transport,Anuradhapura,Public Transport,125,3,0.542
63,16,Ferry,Arugam Bay,Ferry,208,4,17.652
44,5,Tuk-Tuk,Sigiriya,Vehicle Travel,140,5,10.458
68,5,Train,Hikkaduwa,Vehicle Travel,254,4,10.993
51,9,Private Vehicle,Galle,Other,150,4,2.762
80,4,Walking,Negombo,Vehicle Travel,237,3,4.039
58,4,Walking,Kandy,Walking,45,2,0.002
36,3,Water,Polonnaruwa,Swimming / Snorkeling,70,5,0.223
66,1,N/A,Bentota,Meal,57,4,1.772
43,9,Private Vehicle,Trincomalee,Vehicle Travel,84,2,9.443
51,13,N/A,Nuwara Eliya,Beach Leisure,191,4,2.467
26,14,Public Transport,Galle,Cultural / Temple Visit,100,4,2.32
25,13,Bicycle,Colombo,Bicycle Ride,137,3,0.042
54,4,Public Transport,Badulla,Sightseeing,208,1,1.097
29,3,Jeep,Galle,Wildlife Safari,229,4,13.581
80,7,Water,Kandy,Swimming / Snorkeling,146,1,0.771
71,16,N/A,Trincomalee,Resting,93,3,0.787
62,9,Walking,Badulla,Hiking,133,5,0.244
64,5,Public Bus,Kandy,Vehicle Travel,209,5,10.416
55,8,N/A,Sigiriya,Meal,61,3,13.445
21,10,Public Bus,Jaffna,Vehicle Travel,317,1,28.825
42,14,Public Transport,Arugam Bay,Spa / Ayurveda,142,3,11.564
49,10,Public Transport,Galle,Public Transport,135,3,1.546
75,4,Public Transport,Badulla,Sightseeing,129,5,0.891
31,2,Walking,Anuradhapura,Vehicle Travel,246,4,2.013
49,5,Boat,Hikkaduwa,Boat Ride,106,3,2.295
39,3,Private Vehicle,Arugam Bay,Sightseeing,156,4,0.744
26,15,Walking,Jaffna,Vehicle Travel,201,3,12.36
24,5,Train,Haputale,Vehicle Travel,200,4,8.999
41,5,Bicycle,Bentota,Vehicle Travel,42,5,1.883
23,3,Public Transport,Polonnaruwa,Airport Transfer,142,2,2.703
22,7,Public Transport,Sigiriya,Cultural / Temple Visit,42,3,0.399
40,5,Private Vehicle,Bentota,Vehicle Travel,106,5,8.732
30,1,N/A,Colombo,Resting,90,3,0.048
52,13,N/A,Bentota,Meal,61,3,23.622
19,3,Flight,Jaffna,Flight,260,1,38.973
37,4,Walking,Mirissa,Jogging,41,3,0.021
46,2,Private Vehicle,Yala,Vehicle Travel,65,4,1.882
78,6,Private Vehicle,Anuradhapura,Vehicle Travel,70,3,4.969
57,9,Public Transport,Nuwara Eliya,Sightseeing,114,3,1.548
73,13,Ferry,Haputale,Ferry,56,3,3.928
39,1,Private Vehicle,Anuradhapura,Shopping,151,4,0.833
46,18,Public Transport,Bentota,Airport Transfer,50,5,8.73
44,9,N/A,Haputale,Resting,100,4,0.475
73,3,Walking,Mirissa,Hiking,259,4,0.141
78,2,N/A,Polonnaruwa,Meal,49,5,4.213
78,3,N/A,Anuradhapura,Meal,43,2,4.257
65,13,N/A,Yala,Meal,51,3,19.275
49,3,N/A,Negombo,Meal,72,1,5.264
52,5,Boat,Badulla,Boat Ride,56,3,1.413
79,9,Public Transport,Dambulla,Shopping,102,5,5.425
35,13,Walking,Arugam Bay,Hiking,156,3,0.318
39,8,N/A,Jaffna,Beach Leisure,230,5,1.613
74,10,Public Transport,Bentota,Public Transport,82,2,1.021
42,2,Bicycle,Arugam Bay,Vehicle Travel,64,3,0.942
32,13,Private Vehicle,Anuradhapura,Other,49,3,1.081
53,2,Water,Kandy,Surfing,92,2,0.142
38,1,Flight,Kalpitiya,Flight,235,3,16.558
74,18,Boat,Galle,Boat Ride,74,4,6.408
75,2,Jeep,Sigiriya,Wildlife Safari,149,3,5.954
37,1,N/A,Sigiriya,Meal,70,5,2.471
51,7,Private Vehicle,Nuwara Eliya,Private / Hired Vehicle,88,5,7.014
79,3,Private Vehicle,Arugam Bay,Vehicle Travel,132,3,4.955
64,1,N/A,Badulla,Resting,103,5,0.064
31,7,Train,Bentota,Vehicle Travel,57,1,2.89
55,10,Flight,Negombo,Flight,184,3,119.681
57,10,Private Vehicle,Negombo,Vehicle Travel,246,3,33.154
59,1,Boat,Dambulla,Boat Ride,79,4,0.394
19,6,Public Transport,Mirissa,Public Transport,27,4,0.211
36,11,Bicycle,Negombo,Bicycle Ride,115,4,0.038
71,1,Walking,Dambulla,Hiking,155,5,0.033
33,2,Private Vehicle,Hikkaduwa,Sightseeing,158,3,0.553
36,1,Walking,Jaffna,Other,113,5,0.072
38,5,Train,Kandy,Vehicle Travel,173,4,7.588
29,2,N/A,Trincomalee,Beach Leisure,139,3,0.236
27,9,Public Bus,Dambulla,Vehicle Travel,83,3,6.754
39,16,Public Bus,Bentota,Vehicle Travel,303,3,52.315
73,2,Walking,Nuwara Eliya,Walking,106,3,0.002
18,7,Private Vehicle,Jaffna,Medical / Hospital Visit,66,4,4.618
35,2,Walking,Galle,Vehicle Travel,273,3,2.218
21,1,Public Transport,Negombo,Sightseeing,193,2,0.269
53,10,N/A,Badulla,Resting,94,4,0.507
33,4,Water,Arugam Bay,Swimming / Snorkeling,122,4,0.367
67,16,Walking,Colombo,Jogging,48,5,0.13
54,6,Private Vehicle,Sigiriya,Sightseeing,131,4,1.476
67,1,Public Transport,Colombo,Shopping,51,4,0.27
57,4,Train,Arugam Bay,Vehicle Travel,245,3,9.358
45,2,Walking,Bentota,Hiking,127,4,0.045
72,13,Public Bus,Dambulla,Vehicle Travel,213,3,30.024
48,8,Private Vehicle,Polonnaruwa,Private / Hired Vehicle,195,2,12.089
77,3,Private Vehicle,Yala,Vehicle Travel,58,5,3.136
80,5,Tuk-Tuk,Badulla,Vehicle Travel,197,4,11.831
55,8,Public Transport,Yala,Sightseeing,195,4,2.397
60,10,Private Vehicle,Galle,Shopping,118,3,6.031
34,1,N/A,Haputale,Resting,163,4,0.09
69,1,N/A,Anuradhapura,Other,46,2,0.076
60,1,Flight,Kalpitiya,Flight,259,3,16.079
74,4,Private Vehicle,Negombo,Airport Transfer,63,2,2.518
34,5,Walking,Haputale,Hiking,167,2,0.106
67,1,Walking,Mirissa,Sightseeing,80,1,0.035
47,4,Private Vehicle,Jaffna,Other,138,4,0.862
29,4,Walking,Nuwara Eliya,Jogging,22,3,0.01
28,1,Public Bus,Sigiriya,Vehicle Travel,72,5,0.761
53,14,Public Transport,Bentota,Public Transport,55,5,1.168
38,7,N/A,Bentota,Resting,143,2,0.485
24,4,Walking,Jaffna,Vehicle Travel,214,4,3.269
44,5,Private Vehicle,Kalpitiya,Spa / Ayurveda,111,3,2.938
59,3,Private Vehicle,Colombo,Private / Hired Vehicle,202,5,6.235
38,12,Water,Mirissa,Surfing,146,3,1.34
78,6,Walking,Dambulla,Jogging,32,3,0.025
67,5,Tuk-Tuk,Yala,Vehicle Travel,107,3,6.724
50,14,Water,Sigiriya,Swimming / Snorkeling,56,5,0.726
76,12,Walking,Yala,Sightseeing,175,3,1.013
45,11,Walking,Polonnaruwa,Walking,87,5,0.01
26,2,Flight,Haputale,Flight,240,2,28.221
20,1,Tuk-Tuk,Hikkaduwa,Vehicle Travel,98,4,0.992
77,8,Private Vehicle,Arugam Bay,Private / Hired Vehicle,41,3,2.799
78,5,Private Vehicle,Mirissa,Airport Transfer,54,2,2.65
64,8,Public Transport,Hikkaduwa,Sightseeing,166,2,2.121
24,10,Jeep,Dambulla,Wildlife Safari,142,3,22.836
36,3,Walking,Galle,Walking,170,4,0.005
20,3,Tuk-Tuk,Kandy,Vehicle Travel,66,4,2.848
21,5,Private Vehicle,Bentota,Medical / Hospital Visit,80,2,3.035
33,2,Train,Sigiriya,Vehicle Travel,141,3,2.342
54,8,Bicycle,Mirissa,Vehicle Travel,113,2,6.335
22,9,Walking,Trincomalee,Walking,86,4,0.01
80,5,Water,Haputale,Swimming / Snorkeling,96,4,0.5
46,9,Flight,Dambulla,Flight,306,5,221.447
34,5,Walking,Galle,Vehicle Travel,128,5,2.974
50,9,Flight,Polonnaruwa,Flight,37,3,20.447
67,2,Walking,Dambulla,Jogging,40,3,0.01
37,9,N/A,Anuradhapura,Meal,75,5,21.936
20,9,Bicycle,Kandy,Bicycle Ride,105,2,0.022
21,2,N/A,Dambulla,Meal,65,1,3.249
71,6,Walking,Ella,Jogging,46,3,0.036
25,12,N/A,Nuwara Eliya,Meal,68,4,27.477
58,2,Public Transport,Arugam Bay,Public Transport,90,4,0.24
42,9,Public Bus,Kandy,Vehicle Travel,140,5,15.666
66,16,Private Vehicle,Anuradhapura,Private / Hired Vehicle,150,3,21.742
21,12,N/A,Nuwara Eliya,Resting,151,3,0.817
74,4,Private Vehicle,Kandy,Vehicle Travel,275,3,13.352
61,7,N/A,Haputale,Meal,78,4,19.746
46,20,Private Vehicle,Sigiriya,Sightseeing,118,2,3.291
31,6,Train,Trincomalee,Vehicle Travel,101,5,6.502
79,1,Bicycle,Polonnaruwa,Vehicle Travel,72,4,0.65
37,1,Walking,Arugam Bay,Other,90,4,0.047
48,10,Private Vehicle,Sigiriya,Private / Hired Vehicle,143,5,16.361
42,4,Private Vehicle,Negombo,Vehicle Travel,44,3,2.239
32,2,Walking,Hikkaduwa,Hiking,215,4,0.064
44,3,Private Vehicle,Colombo,Cultural / Temple Visit,68,3,0.324
27,10,Cruise,Polonnaruwa,Cruise,252,5,70.827
18,5,Train,Galle,Vehicle Travel,172,5,9.014
36,12,Bicycle,Negombo,Bicycle Ride,37,4,0.011
25,9,Bicycle,Kandy,Bicycle Ride,67,2,0.014
44,18,Private Vehicle,Kandy,Sightseeing,251,5,9.383
72,13,Private Vehicle,Galle,Vehicle Travel,49,5,11.085
28,2,Private Vehicle,Negombo,Private / Hired Vehicle,208,4,4.159
18,8,Private Vehicle,Arugam Bay,Medical / Hospital Visit,53,5,4.143
24,1,Train,Mirissa,Vehicle Travel,110,4,1.105
50,20,Cruise,Sigiriya,Cruise,181,3,93.985
35,2,N/A,Galle,Meal,61,3,3.095
48,8,Walking,Dambulla,Jogging,22,1,0.018
19,12,Private Vehicle,Polonnaruwa,Sightseeing,126,4,2.284
38,1,Bicycle,Polonnaruwa,Vehicle Travel,82,4,0.617
43,12,Walking,Kandy,Shopping,62,2,1.198
45,1,Private Vehicle,Haputale,Shopping,50,3,0.231
52,4,N/A,Trincomalee,Beach Leisure,107,4,0.418
67,5,Water,Ella,Surfing,62,4,0.31
47,4,Train,Ella,Vehicle Travel,124,5,5.078
70,6,Tuk-Tuk,Trincomalee,Vehicle Travel,146,3,9.984
51,14,Walking,Mirissa,Vehicle Travel,85,5,6.141
34,3,Tuk-Tuk,Colombo,Vehicle Travel,269,2,9.121
32,6,N/A,Arugam Bay,Other,156,2,1.736
38,13,Cruise,Nuwara Eliya,Cruise,516,4,136.272
55,10,Private Vehicle,Haputale,Sightseeing,138,3,2.477
33,1,Private Vehicle,Mirissa,Vehicle Travel,97,4,1.059
75,15,Flight,Anuradhapura,Flight,182,3,180.492
48,1,Walking,Yala,Walking,58,2,0.001
72,6,Walking,Polonnaruwa,Walking,97,4,0.006
61,6,N/A,Hikkaduwa,Other,84,2,0.792
39,10,Private Vehicle,Anuradhapura,Airport Transfer,42,3,3.758
32,1,Private Vehicle,Polonnaruwa,Sightseeing,98,2,0.159
64,2,Walking,Mirissa,Walking,127,3,0.002
38,10,Ferry,Kandy,Ferry,119,4,5.806
33,1,Public Transport,Mirissa,Public Transport,43,2,0.048
76,5,Tuk-Tuk,Haputale,Vehicle Travel,81,4,5.635
48,9,Private Vehicle,Kalpitiya,Private / Hired Vehicle,86,4,9.629
21,7,Public Transport,Colombo,Airport Transfer,43,4,2.594
49,2,Private Vehicle,Kalpitiya,Vehicle Travel,145,3,3.847
47,3,Jeep,Badulla,Wildlife Safari,186,4,9.796
72,17,Cruise,Ella,Cruise,225,5,128.882
62,4,Public Bus,Mirissa,Vehicle Travel,121,2,4.402
30,1,Private Vehicle,Dambulla,Sightseeing,131,5,0.263
27,2,Boat,Colombo,Boat Ride,173,1,1.31
56,3,Tuk-Tuk,Polonnaruwa,Vehicle Travel,155,3,5.564
20,20,Walking,Anuradhapura,Vehicle Travel,125,4,10.893
38,3,Public Bus,Sigiriya,Vehicle Travel,84,2,2.326
26,1,Walking,Sigiriya,Other,81,2,0.041
19,5,Bicycle,Trincomalee,Bicycle Ride,49,1,0.005
75,1,Walking,Dambulla,Walking,32,1,0.0
23,2,Private Vehicle,Polonnaruwa,Private / Hired Vehicle,185,4,3.138
18,20,Flight,Nuwara Eliya,Flight,181,2,207.242
76,9,Train,Polonnaruwa,Vehicle Travel,130,5,15.948
29,1,Water,Polonnaruwa,Swimming / Snorkeling,142,5,0.146
69,4,Flight,Kandy,Flight,417,3,105.139
19,2,Public Transport,Bentota,Airport Transfer,28,2,0.428
27,1,Private Vehicle,Colombo,Shopping,104,3,0.514
24,6,Walking,Badulla,Vehicle Travel,285,5,6.986
62,5,Water,Arugam Bay,Surfing,102,3,0.378
57,9,Tuk-Tuk,Sigiriya,Vehicle Travel,148,2,14.581
47,13,N/A,Kalpitiya,Resting,189,5,1.499
33,2,Public Bus,Hikkaduwa,Vehicle Travel,110,3,2.116
23,14,Public Transport,Haputale,Shopping,59,3,3.719
53,5,Public Transport,Polonnaruwa,Spa / Ayurveda,93,5,3.675
32,2,Public Transport,Badulla,Spa / Ayurveda,63,5,0.916
55,12,Flight,Nuwara Eliya,Flight,175,3,130.642
61,1,Public Transport,Nuwara Eliya,Spa / Ayurveda,120,3,0.718
71,6,Bicycle,Kandy,Bicycle Ride,124,3,0.022
49,9,Walking,Bentota,Jogging,30,2,0.035
18,2,Private Vehicle,Jaffna,Sightseeing,85,3,0.295
35,12,Walking,Jaffna,Jogging,27,3,0.039
71,2,Water,Hikkaduwa,Swimming / Snorkeling,48,4,0.102
51,12,Public Transport,Negombo,Sightseeing,68,4,1.454
57,1,Water,Polonnaruwa,Surfing,108,5,0.122
46,1,Train,Trincomalee,Vehicle Travel,72,5,0.961
28,4,Private Vehicle,Sigiriya,Other,126,2,0.846
74,12,Walking,Yala,Walking,63,2,0.008
66,1,N/A,Kalpitiya,Resting,124,4,0.076
80,13,Walking,Polonnaruwa,Walking,78,3,0.011
71,2,N/A,Haputale,Resting,79,1,0.065
36,4,Flight,Trincomalee,Flight,239,4,61.185
34,3,Public Transport,Dambulla,Public Transport,158,3,0.505
33,1,Flight,Yala,Flight,173,1,8.219
75,16,Public Bus,Colombo,Vehicle Travel,263,4,48.356
53,4,Private Vehicle,Negombo,Sightseeing,69,5,0.582
46,8,Private Vehicle,Kandy,Private / Hired Vehicle,96,4,8.669
79,6,Walking,Mirissa,Vehicle Travel,27,2,0.562
56,5,Walking,Badulla,Vehicle Travel,70,4,1.596
75,7,Water,Colombo,Swimming / Snorkeling,104,5,0.816
80,14,Flight,Negombo,Flight,290,1,239.759
23,8,Walking,Kalpitiya,Cultural / Temple Visit,89,4,0.389
40,5,N/A,Mirissa,Resting,163,4,0.528
64,7,Public Transport,Hikkaduwa,Sightseeing,195,4,2.109
69,7,Public Transport,Haputale,Shopping,130,2,3.749
27,4,Public Transport,Dambulla,Public Transport,115,5,0.642
38,7,Walking,Colombo,Walking,62,3,0.005
52,4,Private Vehicle,Dambulla,Medical / Hospital Visit,46,1,1.372
68,10,Walking,Dambulla,Hiking,282,2,0.427
25,17,Walking,Nuwara Eliya,Cultural / Temple Visit,90,3,0.797
55,16,Flight,Hikkaduwa,Flight,101,1,92.645
36,11,Train,Polonnaruwa,Vehicle Travel,195,4,20.417
31,7,Public Transport,Polonnaruwa,Airport Transfer,97,5,7.403
50,10,Walking,Kalpitiya,Hiking,216,1,0.294
44,2,Private Vehicle,Dambulla,Vehicle Travel,67,5,2.014
58,5,Jeep,Galle,Wildlife Safari,376,5,42.204
38,2,Private Vehicle,Arugam Bay,Spa / Ayurveda,206,1,1.967
69,1,Walking,Nuwara Eliya,Vehicle Travel,220,4,0.873
22,17,Bicycle,Kandy,Bicycle Ride,77,5,0.039
72,12,Private Vehicle,Sigiriya,Vehicle Travel,216,4,34.324
19,5,Public Transport,Haputale,Spa / Ayurveda,133,4,4.412
64,2,Flight,Jaffna,Flight,153,5,25.943
39,8,Private Vehicle,Dambulla,Airport Transfer,56,4,5.148
42,4,Private Vehicle,Trincomalee,Vehicle Travel,177,3,8.474
19,11,Flight,Anuradhapura,Flight,386,3,274.649
62,20,Flight,Arugam Bay,Flight,114,4,180.308
28,3,Public Bus,Badulla,Vehicle Travel,325,3,9.778
59,2,Private Vehicle,Sigiriya,Airport Transfer,101,3,2.094
63,2,N/A,Bentota,Resting,159,2,0.158
71,1,Private Vehicle,Polonnaruwa,Medical / Hospital Visit,99,5,1.192
62,4,Cruise,Anuradhapura,Cruise,588,4,59.637
36,1,Walking,Haputale,Walking,64,3,0.001
64,1,Walking,Badulla,Vehicle Travel,309,3,1.177
70,2,Walking,Kandy,Hiking,191,2,0.058
37,1,Private Vehicle,Hikkaduwa,Cultural / Temple Visit,147,2,0.242
25,9,Private Vehicle,Kandy,Private / Hired Vehicle,34,4,3.197
74,1,Public Transport,Kalpitiya,Sightseeing,229,2,0.313
27,12,Bicycle,Galle,Vehicle Travel,146,5,14.603
55,2,Public Transport,Kalpitiya,Airport Transfer,104,3,1.905
32,1,Public Bus,Dambulla,Vehicle Travel,170,1,1.415
25,1,N/A,Trincomalee,Meal,55,5,1.856
66,9,Private Vehicle,Nuwara Eliya,Cultural / Temple Visit,137,3,2.238
27,2,Tuk-Tuk,Sigiriya,Vehicle Travel,198,3,4.068
60,5,Private Vehicle,Yala,Vehicle Travel,80,2,4.655
61,1,Train,Polonnaruwa,Vehicle Travel,81,4,0.863
21,19,N/A,Kalpitiya,Meal,77,3,38.648
28,1,Private Vehicle,Trincomalee,Sightseeing,146,5,0.265
68,4,N/A,Nuwara Eliya,Other,92,4,0.699
49,12,Public Transport,Jaffna,Sightseeing,234,5,5.092
25,2,Walking,Polonnaruwa,Vehicle Travel,44,4,0.399
80,2,N/A,Trincomalee,Resting,46,4,0.057
34,11,Flight,Kalpitiya,Flight,71,4,55.352
18,2,Private Vehicle,Colombo,Vehicle Travel,64,3,1.454
76,1,Private Vehicle,Trincomalee,Shopping,85,4,0.513
19,4,Public Bus,Colombo,Vehicle Travel,272,4,10.787
52,1,Tuk-Tuk,Mirissa,Vehicle Travel,109,1,1.145
80,14,Private Vehicle,Mirissa,Spa / Ayurveda,182,4,20.552
54,7,Tuk-Tuk,Bentota,Vehicle Travel,207,3,16.682
54,6,Bicycle,Dambulla,Vehicle Travel,185,4,9.791
42,2,Public Transport,Badulla,Cultural / Temple Visit,101,2,0.265
25,8,Train,Arugam Bay,Vehicle Travel,202,1,11.437
54,8,Public Transport,Yala,Sightseeing,125,1,1.155
74,1,Private Vehicle,Ella,Medical / Hospital Visit,86,2,0.839
23,13,Private Vehicle,Colombo,Airport Transfer,78,1,7.757
73,6,Walking,Yala,Cultural / Temple Visit,70,2,0.209
44,10,Private Vehicle,Yala,Vehicle Travel,125,4,18.283
51,2,Public Bus,Dambulla,Vehicle Travel,167,3,3.416
28,1,N/A,Kalpitiya,Resting,210,5,0.104
57,9,Bicycle,Galle,Vehicle Travel,256,5,25.315
29,10,Walking,Ella,Hiking,246,2,0.337
35,4,Public Transport,Jaffna,Public Transport,64,3,0.271
63,1,Private Vehicle,Anuradhapura,Medical / Hospital Visit,76,3,0.66
21,11,Jeep,Negombo,Wildlife Safari,173,3,29.191
46,2,Public Transport,Bentota,Shopping,87,3,0.726
55,3,Walking,Yala,Walking,106,4,0.004
26,7,Walking,Yala,Walking,117,4,0.008
36,1,Walking,Mirissa,Vehicle Travel,61,3,0.24
39,1,Cruise,Kandy,Cruise,197,4,5.475
59,1,Private Vehicle,Kalpitiya,Vehicle Travel,85,3,0.953
79,14,Private Vehicle,Bentota,Cultural / Temple Visit,104,5,3.338
70,3,Walking,Nuwara Eliya,Vehicle Travel,215,5,2.912
29,8,Walking,Mirissa,Cultural / Temple Visit,95,3,0.367
19,19,Private Vehicle,Galle,Vehicle Travel,299,4,79.509
21,8,Boat,Jaffna,Boat Ride,69,5,3.169
55,5,Water,Kandy,Surfing,152,3,0.676
27,5,Private Vehicle,Sigiriya,Airport Transfer,109,2,4.219
32,4,Cruise,Negombo,Cruise,96,4,9.887
71,7,Walking,Anuradhapura,Cultural / Temple Visit,61,3,0.238
73,16,Flight,Haputale,Flight,167,2,158.553
70,10,Walking,Anuradhapura,Vehicle Travel,175,4,7.129
33,4,Public Transport,Hikkaduwa,Airport Transfer,71,3,2.2
57,3,Tuk-Tuk,Colombo,Vehicle Travel,50,2,1.733
56,13,Water,Badulla,Swimming / Snorkeling,79,5,1.039
29,1,Private Vehicle,Mirissa,Medical / Hospital Visit,41,3,0.348
52,12,Walking,Negombo,Vehicle Travel,132,4,6.014
51,2,Private Vehicle,Bentota,Medical / Hospital Visit,70,4,1.353
42,9,Train,Sigiriya,Vehicle Travel,137,2,8.79
65,11,Walking,Yala,Vehicle Travel,207,4,10.101
60,5,Walking,Sigiriya,Walking,58,4,0.004
51,2,Private Vehicle,Colombo,Shopping,149,3,1.517
63,12,Private Vehicle,Hikkaduwa,Vehicle Travel,262,4,47.21
66,3,Private Vehicle,Negombo,Cultural / Temple Visit,130,5,0.859
53,3,Bicycle,Hikkaduwa,Vehicle Travel,244,5,6.113
34,5,Tuk-Tuk,Jaffna,Vehicle Travel,76,2,3.641
65,4,Public Transport,Trincomalee,Spa / Ayurveda,124,3,2.893
63,8,Private Vehicle,Badulla,Medical / Hospital Visit,73,4,5.586
79,1,Private Vehicle,Trincomalee,Other,49,5,0.102
27,4,Private Vehicle,Negombo,Vehicle Travel,216,5,11.771
44,13,Bicycle,Yala,Vehicle Travel,70,3,5.365
76,1,Private Vehicle,Colombo,Medical / Hospital Visit,33,5,0.412
50,4,Tuk-Tuk,Bentota,Vehicle Travel,127,3,6.622
77,8,Public Transport,Negombo,Shopping,187,3,6.426
18,13,Flight,Mirissa,Flight,299,4,234.072
20,6,Private Vehicle,Hikkaduwa,Shopping,163,3,5.459
68,11,Public Transport,Negombo,Public Transport,127,4,1.542
40,2,N/A,Nuwara Eliya,Other,21,3,0.077
50,3,Train,Polonnaruwa,Vehicle Travel,101,4,3.125
44,15,Walking,Negombo,Other,87,5,0.788
43,13,Public Transport,Bentota,Public Transport,115,3,1.913
77,6,Private Vehicle,Trincomalee,Vehicle Travel,93,4,7.799
23,5,Private Vehicle,Kalpitiya,Vehicle Travel,133,4,9.661
66,4,Bicycle,Ella,Bicycle Ride,70,2,0.007
74,1,Public Transport,Bentota,Airport Transfer,107,4,0.892
59,13,Public Bus,Ella,Vehicle Travel,276,4,47.641
42,11,Tuk-Tuk,Bentota,Vehicle Travel,165,2,18.369
28,4,Private Vehicle,Nuwara Eliya,Private / Hired Vehicle,110,5,4.752
61,2,Water,Polonnaruwa,Surfing,108,3,0.202
47,3,Private Vehicle,Badulla,Vehicle Travel,44,2,1.747
27,1,Private Vehicle,Badulla,Vehicle Travel,68,2,0.715
40,9,Walking,Anuradhapura,Walking,36,4,0.004
78,6,Jeep,Haputale,Wildlife Safari,328,5,41.698
34,2,Private Vehicle,Kandy,Vehicle Travel,126,3,3.097
29,7,Public Transport,Galle,Airport Transfer,56,1,2.561
60,18,Public Transport,Bentota,Shopping,111,2,8.459
30,1,Water,Sigiriya,Swimming / Snorkeling,87,4,0.07
75,5,Public Bus,Haputale,Vehicle Travel,128,3,7.065
72,5,Public Bus,Dambulla,Vehicle Travel,66,3,3.566
79,1,Public Bus,Dambulla,Vehicle Travel,151,3,1.579
75,5,Water,Polonnaruwa,Swimming / Snorkeling,66,3,0.302
33,7,N/A,Negombo,Meal,87,4,18.944
31,1,Private Vehicle,Trincomalee,Shopping,191,4,1.044
39,1,N/A,Kandy,Beach Leisure,236,2,0.195
47,12,Cruise,Colombo,Cruise,202,3,56.759
73,3,Private Vehicle,Badulla,Other,169,3,0.853
64,7,Public Bus,Trincomalee,Vehicle Travel,117,4,10.009
58,7,Public Transport,Badulla,Sightseeing,112,2,1.009
73,12,Walking,Colombo,Hiking,193,2,0.385
58,9,Walking,Mirissa,Vehicle Travel,328,4,12.263
41,12,Walking,Sigiriya,Jogging,36,3,0.058
44,7,N/A,Anuradhapura,Meal,86,4,21.61
50,4,Train,Hikkaduwa,Vehicle Travel,254,3,9.022
23,4,Walking,Arugam Bay,Walking,101,3,0.004
64,4,Private Vehicle,Galle,Spa / Ayurveda,136,4,4.434
59,4,Walking,Badulla,Walking,79,3,0.003
64,1,Private Vehicle,Negombo,Shopping,89,2,0.469
51,4,Walking,Anuradhapura,Walking,58,5,0.003
67,4,N/A,Mirissa,Meal,60,3,8.306
77,1,N/A,Ella,Beach Leisure,159,5,0.176
53,2,Public Bus,Yala,Vehicle Travel,247,2,4.532
45,10,Boat,Yala,Boat Ride,71,5,3.753
24,6,Walking,Anuradhapura,Hiking,151,5,0.178
67,11,Train,Arugam Bay,Vehicle Travel,241,2,21.503
74,6,Cruise,Haputale,Cruise,336,4,64.097
62,12,Walking,Colombo,Sightseeing,172,4,1.321
72,11,Walking,Jaffna,Vehicle Travel,134,3,5.298
72,1,Private Vehicle,Haputale,Airport Transfer,125,3,1.307
68,18,Tuk-Tuk,Kalpitiya,Vehicle Travel,231,5,55.564
49,1,Walking,Kalpitiya,Walking,87,4,0.001
24,6,Private Vehicle,Yala,Shopping,99,5,3.487
18,10,Walking,Jaffna,Walking,121,5,0.014
30,3,Bicycle,Jaffna,Vehicle Travel,151,5,4.342
45,7,Walking,Polonnaruwa,Jogging,33,4,0.033
64,3,Public Transport,Badulla,Airport Transfer,52,4,1.462
46,1,Flight,Sigiriya,Flight,231,5,17.826
19,1,Private Vehicle,Galle,Vehicle Travel,67,4,0.874
31,1,Private Vehicle,Sigiriya,Sightseeing,224,1,0.304
79,1,Public Transport,Sigiriya,Airport Transfer,151,4,1.533
80,7,Flight,Bentota,Flight,169,2,73.681
41,5,Private Vehicle,Haputale,Vehicle Travel,217,5,18.428
68,4,N/A,Nuwara Eliya,Resting,170,4,0.378
63,8,N/A,Yala,Meal,68,4,18.234
76,1,Train,Anuradhapura,Vehicle Travel,268,2,2.445
73,2,Train,Sigiriya,Vehicle Travel,204,4,4.579
57,10,Jeep,Ella,Wildlife Safari,344,3,61.918
42,14,Walking,Badulla,Walking,83,4,0.013
57,4,Private Vehicle,Mirissa,Vehicle Travel,98,4,5.604
38,1,Private Vehicle,Galle,Airport Transfer,109,3,0.932
39,11,N/A,Hikkaduwa,Resting,129,3,0.704
56,13,Flight,Mirissa,Flight,98,4,106.709
53,4,Walking,Anuradhapura,Walking,70,3,0.003
54,2,N/A,Dambulla,Meal,79,5,5.494
42,1,Tuk-Tuk,Polonnaruwa,Vehicle Travel,72,5,0.882
43,6,Public Transport,Dambulla,Cultural / Temple Visit,102,4,0.911
18,14,Bicycle,Mirissa,Bicycle Ride,54,3,0.017
55,8,Boat,Yala,Boat Ride,63,1,1.768
54,3,Flight,Nuwara Eliya,Flight,222,5,53.533
76,7,Cruise,Colombo,Cruise,575,5,130.96
49,12,Private Vehicle,Haputale,Sightseeing,93,2,1.868
47,5,Private Vehicle,Polonnaruwa,Vehicle Travel,137,4,8.768
22,11,Private Vehicle,Nuwara Eliya,Spa / Ayurveda,184,3,11.675
30,4,Walking,Polonnaruwa,Sightseeing,94,2,0.149
39,3,Private Vehicle,Colombo,Private / Hired Vehicle,224,5,6.837
41,6,N/A,Nuwara Eliya,Resting,43,5,0.146
40,5,N/A,Ella,Resting,92,5,0.273
42,18,N/A,Bentota,Beach Leisure,151,2,2.228
66,5,Walking,Bentota,Hiking,172,3,0.133
26,4,Private Vehicle,Trincomalee,Vehicle Travel,215,5,14.63
38,4,Walking,Arugam Bay,Vehicle Travel,234,4,4.555
28,6,N/A,Galle,Other,109,3,1.081
37,3,Private Vehicle,Galle,Sightseeing,204,4,0.954
61,9,Tuk-Tuk,Polonnaruwa,Vehicle Travel,57,1,4.89
20,4,Public Bus,Trincomalee,Vehicle Travel,138,4,5.883
39,4,Public Transport,Haputale,Sightseeing,65,5,0.478
19,7,Ferry,Galle,Ferry,106,1,2.662
78,1,Ferry,Bentota,Ferry,104,2,0.441
63,8,Walking,Ella,Jogging,38,4,0.045
33,5,Tuk-Tuk,Haputale,Vehicle Travel,180,4,10.544
30,4,Bicycle,Ella,Vehicle Travel,266,3,7.545
24,9,Tuk-Tuk,Polonnaruwa,Vehicle Travel,236,1,18.693
47,10,Private Vehicle,Ella,Shopping,155,4,8.448
65,12,Water,Negombo,Swimming / Snorkeling,85,3,0.915
54,4,Bicycle,Arugam Bay,Vehicle Travel,63,4,1.726
73,3,N/A,Badulla,Resting,91,4,0.162
39,9,N/A,Kandy,Meal,66,3,18.161
35,6,Flight,Bentota,Flight,467,4,197.533
48,7,N/A,Negombo,Meal,74,4,19.641
30,6,Bicycle,Haputale,Vehicle Travel,93,4,4.398
79,10,Walking,Trincomalee,Hiking,213,4,0.38
29,2,Public Transport,Kandy,Cultural / Temple Visit,62,3,0.194
48,6,Flight,Mirissa,Flight,386,3,147.664
50,1,Private Vehicle,Arugam Bay,Spa / Ayurveda,141,3,1.085
21,4,N/A,Dambulla,Meal,58,3,7.106
47,8,Tuk-Tuk,Jaffna,Vehicle Travel,116,3,10.705
46,5,Walking,Kalpitiya,Other,156,2,0.378
34,4,Boat,Galle,Boat Ride,108,4,2.052
26,13,Private Vehicle,Mirissa,Other,88,2,1.806
20,10,Public Transport,Negombo,Public Transport,40,5,0.516
18,5,Public Transport,Yala,Sightseeing,247,4,2.029
48,16,Private Vehicle,Arugam Bay,Airport Transfer,35,1,5.162
23,4,Bicycle,Hikkaduwa,Vehicle Travel,175,4,4.889
78,10,Jeep,Arugam Bay,Wildlife Safari,460,3,87.468
33,1,Train,Anuradhapura,Vehicle Travel,193,5,2.079
59,3,N/A,Jaffna,Meal,61,5,7.289
60,3,Public Bus,Polonnaruwa,Vehicle Travel,74,5,2.683
49,1,Public Transport,Galle,Public Transport,30,4,0.038
73,5,Private Vehicle,Kalpitiya,Cultural / Temple Visit,111,5,1.337
24,2,Cruise,Nuwara Eliya,Cruise,382,4,19.494
32,7,Cruise,Kandy,Cruise,284,5,60.208
33,2,Train,Ella,Vehicle Travel,200,2,3.137
26,1,Private Vehicle,Kandy,Medical / Hospital Visit,102,5,1.021
36,17,Cruise,Badulla,Cruise,173,4,78.564
37,8,Walking,Sigiriya,Hiking,124,3,0.154
66,15,Walking,Dambulla,Walking,118,5,0.024
37,5,Walking,Ella,Vehicle Travel,176,4,3.51
73,1,N/A,Trincomalee,Other,74,5,0.162
66,6,Private Vehicle,Yala,Vehicle Travel,174,1,12.567
74,6,Tuk-Tuk,Hikkaduwa,Vehicle Travel,124,4,10.96
24,1,N/A,Badulla,Resting,152,4,0.078
80,12,Private Vehicle,Mirissa,Private / Hired Vehicle,101,1,11.272
56,7,Water,Negombo,Surfing,99,4,0.621
79,9,Public Transport,Sigiriya,Shopping,161,4,7.493
40,5,Cruise,Galle,Cruise,567,3,68.186
78,7,Train,Kandy,Vehicle Travel,56,4,3.898
55,2,Train,Bentota,Vehicle Travel,86,2,1.451
22,18,Walking,Jaffna,Walking,43,5,0.008
43,4,Cruise,Kandy,Cruise,524,5,64.01
26,1,Flight,Sigiriya,Flight,88,3,5.324
77,1,Bicycle,Mirissa,Vehicle Travel,129,4,1.138
37,7,N/A,Kalpitiya,Meal,77,3,14.846
32,19,Walking,Badulla,Jogging,38,3,0.096
52,13,Private Vehicle,Nuwara Eliya,Other,64,5,1.775
44,9,Public Bus,Galle,Vehicle Travel,60,3,4.942
24,19,Private Vehicle,Jaffna,Private / Hired Vehicle,95,3,16.397
69,9,Public Transport,Haputale,Cultural / Temple Visit,51,3,0.637
71,3,N/A,Yala,Beach Leisure,349,4,1.031
64,7,Public Bus,Haputale,Vehicle Travel,241,5,22.735
56,1,Bicycle,Negombo,Bicycle Ride,86,2,0.002
43,2,Tuk-Tuk,Kalpitiya,Vehicle Travel,151,3,3.536
52,4,N/A,Badulla,Meal,65,2,7.964
50,2,Walking,Galle,Cultural / Temple Visit,90,2,0.082
28,16,Bicycle,Yala,Bicycle Ride,155,3,0.06
23,20,Private Vehicle,Colombo,Vehicle Travel,153,4,35.657
33,3,Private Vehicle,Colombo,Shopping,135,4,2.16
46,9,Flight,Arugam Bay,Flight,146,1,67.163
28,4,Water,Hikkaduwa,Surfing,99,4,0.382
24,1,Private Vehicle,Kalpitiya,Other,84,4,0.16
71,3,Public Bus,Galle,Vehicle Travel,215,3,7.667
41,2,N/A,Colombo,Beach Leisure,310,3,0.502
54,3,Public Bus,Galle,Vehicle Travel,71,4,2.484
51,2,Private Vehicle,Haputale,Vehicle Travel,244,1,5.611
64,1,Tuk-Tuk,Hikkaduwa,Vehicle Travel,90,5,1.531
64,2,Train,Arugam Bay,Vehicle Travel,133,5,3.078
36,14,Walking,Galle,Shopping,99,5,2.532
71,1,N/A,Anuradhapura,Meal,59,2,1.745
41,3,Private Vehicle,Galle,Vehicle Travel,75,2,2.777
70,5,Public Bus,Colombo,Vehicle Travel,135,5,9.682
43,3,Public Bus,Yala,Vehicle Travel,54,3,1.574
24,5,Train,Trincomalee,Vehicle Travel,223,3,9.109
65,1,Public Bus,Arugam Bay,Vehicle Travel,241,4,3.365
19,7,N/A,Kalpitiya,Resting,204,1,0.552
66,6,Cruise,Haputale,Cruise,244,4,42.554
20,8,Private Vehicle,Galle,Sightseeing,182,5,3.059
31,6,Private Vehicle,Sigiriya,Vehicle Travel,300,4,25.134
56,4,Public Transport,Trincomalee,Cultural / Temple Visit,61,3,0.325
77,3,Walking,Yala,Other,129,5,0.311
43,2,Flight,Yala,Flight,455,4,63.816
25,5,Private Vehicle,Negombo,Sightseeing,258,1,1.752
32,1,N/A,Ella,Meal,42,4,1.187
74,3,Private Vehicle,Polonnaruwa,Private / Hired Vehicle,191,1,4.039
63,8,Walking,Sigiriya,Sightseeing,90,3,0.402
24,1,Tuk-Tuk,Bentota,Vehicle Travel,272,4,3.109
42,1,Private Vehicle,Nuwara Eliya,Other,142,2,0.223
34,7,Flight,Mirissa,Flight,310,1,108.628
29,4,N/A,Hikkaduwa,Meal,52,4,6.861
71,11,Private Vehicle,Mirissa,Sightseeing,249,3,5.046
56,15,Tuk-Tuk,Arugam Bay,Vehicle Travel,115,4,23.346
29,16,Private Vehicle,Bentota,Spa / Ayurveda,114,3,12.929
58,4,Flight,Hikkaduwa,Flight,222,4,59.599
44,2,Private Vehicle,Galle,Sightseeing,124,5,0.458
21,7,Public Transport,Bentota,Spa / Ayurveda,148,2,5.511
46,7,Walking,Hikkaduwa,Hiking,266,4,0.327
29,7,Private Vehicle,Hikkaduwa,Shopping,84,2,2.817
33,3,Water,Sigiriya,Swimming / Snorkeling,133,3,0.283
73,1,Private Vehicle,Bentota,Shopping,185,3,1.0
62,2,Walking,Bentota,Hiking,168,2,0.046
26,1,N/A,Kalpitiya,Resting,91,1,0.039
71,1,Walking,Jaffna,Cultural / Temple Visit,74,4,0.047
54,15,Jeep,Galle,Wildlife Safari,228,4,50.017
73,1,Walking,Ella,Shopping,95,5,0.21
65,7,Private Vehicle,Kandy,Spa / Ayurveda,123,5,6.802
39,16,Walking,Nuwara Eliya,Vehicle Travel,299,3,19.329
51,3,Private Vehicle,Nuwara Eliya,Vehicle Travel,241,2,9.362
51,5,Public Transport,Yala,Sightseeing,251,1,1.522
63,8,Train,Negombo,Vehicle Travel,306,4,25.528
33,3,Public Transport,Kalpitiya,Airport Transfer,50,5,1.346
38,5,Private Vehicle,Jaffna,Private / Hired Vehicle,47,3,1.868
33,11,Walking,Dambulla,Hiking,244,2,0.417
36,9,Tuk-Tuk,Hikkaduwa,Vehicle Travel,157,3,14.907
28,11,Bicycle,Bentota,Vehicle Travel,328,5,37.391
20,19,N/A,Mirissa,Meal,69,3,40.354
77,3,N/A,Bentota,Beach Leisure,151,4,0.42
22,9,Train,Bentota,Vehicle Travel,112,3,9.143
73,7,Public Transport,Badulla,Cultural / Temple Visit,95,3,1.056
18,8,Walking,Haputale,Walking,27,3,0.002
66,9,N/A,Hikkaduwa,Beach Leisure,182,4,1.532
38,10,N/A,Jaffna,Resting,78,4,0.424
50,13,Public Transport,Hikkaduwa,Cultural / Temple Visit,54,3,1.06
35,3,Water,Dambulla,Surfing,130,3,0.325
48,7,Jeep,Kandy,Wildlife Safari,319,2,30.951
46,2,Private Vehicle,Anuradhapura,Vehicle Travel,339,1,7.88
51,6,Private Vehicle,Galle,Spa / Ayurveda,80,2,3.538
42,10,Walking,Trincomalee,Walking,53,2,0.005
51,10,Walking,Sigiriya,Hiking,252,4,0.385
70,4,Private Vehicle,Bentota,Private / Hired Vehicle,125,5,5.929
45,5,Bicycle,Polonnaruwa,Vehicle Travel,207,4,7.995
40,3,Private Vehicle,Nuwara Eliya,Other,186,4,1.012
26,2,Ferry,Haputale,Ferry,187,5,2.188
40,2,Train,Yala,Vehicle Travel,229,5,5.145
25,14,Train,Ella,Vehicle Travel,123,3,16.594
29,3,Private Vehicle,Galle,Sightseeing,216,2,1.077
77,18,Private Vehicle,Negombo,Vehicle Travel,281,2,59.002
23,2,Private Vehicle,Haputale,Sightseeing,139,5,0.596
48,9,Private Vehicle,Kalpitiya,Sightseeing,86,2,1.229
70,6,Private Vehicle,Ella,Shopping,222,3,7.028
78,8,Private Vehicle,Kalpitiya,Spa / Ayurveda,200,4,12.728
27,7,Cruise,Nuwara Eliya,Cruise,426,4,77.213
28,9,Bicycle,Arugam Bay,Vehicle Travel,47,4,3.735
41,14,Private Vehicle,Colombo,Vehicle Travel,153,4,30.681
52,6,N/A,Sigiriya,Meal,56,4,9.945
78,1,Ferry,Bentota,Ferry,82,5,0.452
31,2,Public Transport,Badulla,Shopping,95,2,0.807
28,9,Tuk-Tuk,Sigiriya,Vehicle Travel,209,5,26.66
33,5,Flight,Sigiriya,Flight,102,4,38.214
73,6,Private Vehicle,Sigiriya,Sightseeing,258,3,2.754
19,6,Walking,Sigiriya,Jogging,21,5,0.02
41,4,Private Vehicle,Trincomalee,Private / Hired Vehicle,45,5,2.115
25,10,Public Bus,Nuwara Eliya,Vehicle Travel,113,5,11.951
27,9,Private Vehicle,Sigiriya,Cultural / Temple Visit,75,5,1.195
75,9,Walking,Trincomalee,Vehicle Travel,53,3,2.025
18,9,Cruise,Dambulla,Cruise,633,3,136.588
38,13,N/A,Galle,Resting,133,2,0.915
75,6,Public Transport,Bentota,Public Transport,39,5,0.401
56,17,Walking,Jaffna,Hiking,198,5,0.626
22,1,Train,Haputale,Vehicle Travel,248,5,2.547
47,7,Private Vehicle,Haputale,Shopping,181,5,7.055
79,9,Public Bus,Kalpitiya,Vehicle Travel,189,4,20.989
43,5,Private Vehicle,Trincomalee,Vehicle Travel,171,2,8.531
51,3,Private Vehicle,Kandy,Cultural / Temple Visit,128,2,0.579
51,6,N/A,Badulla,Beach Leisure,209,3,1.105
59,3,Public Transport,Mirissa,Public Transport,29,4,0.108
29,14,N/A,Haputale,Beach Leisure,289,2,3.191
70,3,Jeep,Haputale,Wildlife Safari,173,5,10.661
80,2,Walking,Dambulla,Cultural / Temple Visit,135,4,0.147
26,6,Public Transport,Yala,Airport Transfer,147,3,5.736
69,4,Walking,Mirissa,Vehicle Travel,163,5,3.331
69,1,N/A,Hikkaduwa,Beach Leisure,115,4,0.111
64,6,Train,Kalpitiya,Vehicle Travel,148,4,9.195
41,6,N/A,Nuwara Eliya,Meal,34,3,5.908
47,2,Walking,Jaffna,Walking,131,3,0.003
70,6,Water,Jaffna,Swimming / Snorkeling,89,1,0.41
27,6,N/A,Nuwara Eliya,Meal,68,4,12.704
70,10,Public Bus,Yala,Vehicle Travel,160,4,18.139
76,3,Private Vehicle,Haputale,Private / Hired Vehicle,102,5,3.405
60,2,Public Bus,Colombo,Vehicle Travel,164,5,4.986
39,16,N/A,Trincomalee,Beach Leisure,233,2,3.215
53,6,Public Transport,Mirissa,Airport Transfer,74,5,4.894
21,1,Private Vehicle,Haputale,Vehicle Travel,101,2,1.308
76,11,Public Bus,Sigiriya,Vehicle Travel,43,1,4.21
39,2,Public Transport,Anuradhapura,Public Transport,59,4,0.146
21,10,Private Vehicle,Kandy,Private / Hired Vehicle,173,5,19.352
68,9,Private Vehicle,Bentota,Private / Hired Vehicle,83,5,8.646
59,17,Walking,Badulla,Jogging,27,5,0.079
57,17,Private Vehicle,Dambulla,Sightseeing,99,2,2.601
21,2,Private Vehicle,Yala,Private / Hired Vehicle,175,2,2.788
65,10,Private Vehicle,Mirissa,Vehicle Travel,185,1,18.488
58,3,Public Transport,Badulla,Spa / Ayurveda,82,4,1.562
67,7,Tuk-Tuk,Yala,Vehicle Travel,166,3,13.25
70,6,Walking,Sigiriya,Walking,143,2,0.008
31,1,Private Vehicle,Kalpitiya,Vehicle Travel,104,3,1.296
31,1,Train,Kalpitiya,Vehicle Travel,217,4,1.875
76,1,Private Vehicle,Trincomalee,Private / Hired Vehicle,136,4,1.572
51,1,N/A,Colombo,Meal,85,3,2.301
45,2,Jeep,Colombo,Wildlife Safari,258,3,7.631
36,14,Public Bus,Galle,Vehicle Travel,213,4,30.863
58,5,Walking,Hikkaduwa,Walking,52,4,0.003
65,11,Water,Ella,Surfing,91,3,0.945
18,12,Private Vehicle,Kandy,Spa / Ayurveda,75,1,5.07
52,9,Private Vehicle,Hikkaduwa,Vehicle Travel,158,5,19.349
80,4,Bicycle,Arugam Bay,Bicycle Ride,54,4,0.007
35,12,Ferry,Trincomalee,Ferry,117,2,6.538
35,9,Private Vehicle,Ella,Private / Hired Vehicle,226,4,19.557
73,9,Bicycle,Nuwara Eliya,Bicycle Ride,89,4,0.024
21,14,Public Transport,Nuwara Eliya,Shopping,186,2,11.72
43,7,Public Transport,Mirissa,Shopping,96,2,2.566
46,5,Walking,Badulla,Vehicle Travel,272,5,6.779
68,13,Flight,Haputale,Flight,61,4,63.361
26,4,Private Vehicle,Galle,Medical / Hospital Visit,103,2,3.308
45,11,Private Vehicle,Hikkaduwa,Shopping,147,4,8.179
27,1,Bicycle,Dambulla,Vehicle Travel,55,3,0.451
67,1,N/A,Colombo,Beach Leisure,99,4,0.104
57,5,Private Vehicle,Mirissa,Vehicle Travel,176,3,11.868
49,1,N/A,Yala,Beach Leisure,268,1,0.194
42,18,Public Transport,Ella,Shopping,142,2,11.433
27,1,Private Vehicle,Dambulla,Vehicle Travel,205,5,2.885
76,9,N/A,Haputale,Other,82,4,1.564
58,2,Flight,Jaffna,Flight,206,5,31.694
38,17,Private Vehicle,Nuwara Eliya,Sightseeing,197,1,4.133
44,4,Private Vehicle,Yala,Sightseeing,184,4,1.263
63,1,Private Vehicle,Trincomalee,Medical / Hospital Visit,37,3,0.336
63,1,Private Vehicle,Haputale,Airport Transfer,102,4,1.105
47,6,Train,Dambulla,Vehicle Travel,51,3,2.811
37,19,Walking,Hikkaduwa,Vehicle Travel,45,4,3.403
59,18,Private Vehicle,Dambulla,Vehicle Travel,278,1,56.094
59,3,Private Vehicle,Hikkaduwa,Shopping,231,1,3.241
55,5,Private Vehicle,Bentota,Other,194,4,2.199
22,1,Private Vehicle,Galle,Airport Transfer,94,2,0.793
47,5,Public Transport,Polonnaruwa,Cultural / Temple Visit,58,1,0.387
56,7,Jeep,Jaffna,Wildlife Safari,163,5,24.408
77,2,Private Vehicle,Badulla,Spa / Ayurveda,115,3,1.678
51,7,Private Vehicle,Hikkaduwa,Private / Hired Vehicle,73,4,4.764
39,14,Flight,Arugam Bay,Flight,131,5,155.068
53,1,Public Transport,Mirissa,Public Transport,131,4,0.173
29,2,Train,Hikkaduwa,Vehicle Travel,85,1,1.193
23,2,Public Bus,Badulla,Vehicle Travel,109,4,2.206
60,1,Tuk-Tuk,Anuradhapura,Vehicle Travel,106,4,1.392
80,1,Public Transport,Anuradhapura,Spa / Ayurveda,195,3,1.114
71,7,Walking,Anuradhapura,Walking,57,4,0.004
54,1,Public Transport,Galle,Public Transport,34,5,0.046
20,9,Private Vehicle,Arugam Bay,Private / Hired Vehicle,176,2,13.845
80,13,Public Bus,Yala,Vehicle Travel,116,2,16.202
46,15,Bicycle,Ella,Vehicle Travel,151,4,18.426
36,8,Walking,Polonnaruwa,Hiking,290,3,0.343
74,2,Private Vehicle,Hikkaduwa,Shopping,84,4,1.005
65,1,Private Vehicle,Nuwara Eliya,Private / Hired Vehicle,203,2,1.762
65,2,Public Bus,Ella,Vehicle Travel,118,1,2.006
35,16,Walking,Mirissa,Sightseeing,104,4,0.881
80,16,Walking,Colombo,Sightseeing,207,5,2.253
46,4,Private Vehicle,Ella,Cultural / Temple Visit,110,2,0.804
51,3,Bicycle,Yala,Bicycle Ride,56,5,0.005
65,5,Train,Badulla,Vehicle Travel,74,3,3.462
59,3,Public Bus,Kandy,Vehicle Travel,93,1,2.415
28,18,N/A,Trincomalee,Meal,35,4,19.653
37,2,Private Vehicle,Jaffna,Vehicle Travel,70,3,1.672
40,3,Flight,Sigiriya,Flight,336,4,75.62
77,4,Private Vehicle,Trincomalee,Vehicle Travel,254,3,10.984
63,1,Public Bus,Mirissa,Vehicle Travel,78,3,0.741
41,4,Tuk-Tuk,Galle,Vehicle Travel,70,2,3.26
64,12,Flight,Badulla,Flight,146,5,152.964
64,1,Private Vehicle,Nuwara Eliya,Vehicle Travel,225,5,4.1
42,6,Bicycle,Anuradhapura,Vehicle Travel,239,3,11.061
43,4,Walking,Colombo,Jogging,35,3,0.018
74,2,Jeep,Jaffna,Wildlife Safari,403,5,14.432
53,1,Private Vehicle,Jaffna,Private / Hired Vehicle,59,2,0.532
27,2,Private Vehicle,Galle,Private / Hired Vehicle,147,5,3.435
63,1,Public Transport,Sigiriya,Public Transport,83,4,0.105
55,4,Private Vehicle,Dambulla,Private / Hired Vehicle,139,5,6.419
50,11,Walking,Negombo,Sightseeing,46,3,0.286
63,9,Walking,Bentota,Sightseeing,101,3,0.536
75,16,N/A,Mirissa,Resting,136,3,1.199
38,4,Public Transport,Negombo,Shopping,96,1,1.39
44,9,Public Transport,Anuradhapura,Airport Transfer,30,2,2.153
29,8,Public Transport,Ella,Spa / Ayurveda,142,5,7.621
58,2,Private Vehicle,Colombo,Airport Transfer,77,3,1.6
43,3,Private Vehicle,Badulla,Private / Hired Vehicle,68,1,1.547
39,5,Public Bus,Bentota,Vehicle Travel,97,3,5.13
61,11,Bicycle,Polonnaruwa,Bicycle Ride,39,3,0.011
43,5,Private Vehicle,Bentota,Vehicle Travel,123,4,8.084
47,2,Public Bus,Negombo,Vehicle Travel,166,1,2.943
45,20,Private Vehicle,Bentota,Other,80,4,2.898
34,1,Water,Mirissa,Surfing,156,5,0.171
25,16,Walking,Badulla,Walking,66,2,0.009
70,11,Public Transport,Dambulla,Sightseeing,181,4,3.379
23,12,Bicycle,Ella,Bicycle Ride,92,3,0.026
38,11,Private Vehicle,Trincomalee,Vehicle Travel,264,3,39.627
60,2,Walking,Sigiriya,Walking,111,5,0.003
26,7,Private Vehicle,Nuwara Eliya,Spa / Ayurveda,134,5,7.602
59,10,Water,Polonnaruwa,Surfing,122,3,1.064
64,9,Flight,Badulla,Flight,448,3,299.518
59,2,Private Vehicle,Haputale,Vehicle Travel,248,3,6.823
37,2,Flight,Polonnaruwa,Flight,350,4,44.942
19,3,Flight,Arugam Bay,Flight,198,4,43.452
73,5,Cruise,Trincomalee,Cruise,304,2,34.554
38,6,Tuk-Tuk,Trincomalee,Vehicle Travel,176,5,14.611
68,12,Private Vehicle,Negombo,Vehicle Travel,137,4,19.852
30,10,Bicycle,Kandy,Vehicle Travel,65,2,4.884
28,8,Flight,Polonnaruwa,Flight,159,5,90.876
67,2,Public Bus,Polonnaruwa,Vehicle Travel,71,4,1.618
77,5,Walking,Badulla,Walking,118,3,0.006
72,3,Walking,Jaffna,Walking,107,4,0.004
65,2,Walking,Arugam Bay,Other,83,5,0.108
33,1,Public Transport,Arugam Bay,Shopping,111,5,0.517
75,3,Bicycle,Mirissa,Bicycle Ride,153,3,0.012
60,2,Private Vehicle,Bentota,Vehicle Travel,278,4,7.778
28,6,N/A,Dambulla,Beach Leisure,288,5,1.929
26,1,Private Vehicle,Yala,Vehicle Travel,132,5,1.88
72,2,Walking,Sigiriya,Walking,39,1,0.001
35,1,Walking,Negombo,Jogging,36,4,0.004
66,7,Walking,Bentota,Walking,23,5,0.002
26,6,Public Transport,Kandy,Public Transport,73,1,0.434
35,3,Walking,Trincomalee,Other,76,3,0.118
35,1,Public Transport,Trincomalee,Sightseeing,178,4,0.275
35,16,Private Vehicle,Sigiriya,Airport Transfer,68,4,12.491
60,6,Private Vehicle,Colombo,Vehicle Travel,129,4,10.744
75,8,Walking,Arugam Bay,Walking,18,1,0.001
75,5,N/A,Dambulla,Beach Leisure,104,4,0.502
64,11,Private Vehicle,Polonnaruwa,Vehicle Travel,220,3,29.561
30,13,Private Vehicle,Nuwara Eliya,Vehicle Travel,292,5,51.865
78,4,N/A,Yala,Beach Leisure,239,3,0.802
52,8,Public Bus,Haputale,Vehicle Travel,159,1,11.603
52,2,Tuk-Tuk,Bentota,Vehicle Travel,261,5,8.113
62,7,Public Transport,Arugam Bay,Sightseeing,149,4,1.796
66,4,Flight,Hikkaduwa,Flight,101,3,25.836
78,1,Bicycle,Arugam Bay,Bicycle Ride,57,3,0.001
54,16,Flight,Polonnaruwa,Flight,144,4,164.914
56,12,Water,Anuradhapura,Swimming / Snorkeling,101,5,1.177
64,3,Private Vehicle,Arugam Bay,Other,78,3,0.442
34,20,Bicycle,Trincomalee,Vehicle Travel,89,5,16.601
37,3,N/A,Negombo,Meal,71,3,5.672
57,5,Public Transport,Bentota,Airport Transfer,97,4,4.858
22,12,Tuk-Tuk,Sigiriya,Vehicle Travel,68,3,8.211
38,3,Bicycle,Anuradhapura,Bicycle Ride,69,2,0.005
63,4,N/A,Nuwara Eliya,Meal,64,5,10.115
79,8,N/A,Ella,Resting,86,2,0.376
50,1,Tuk-Tuk,Polonnaruwa,Vehicle Travel,277,5,3.683
43,4,Private Vehicle,Bentota,Vehicle Travel,109,2,5.036
45,3,Private Vehicle,Sigiriya,Airport Transfer,111,3,2.875
61,8,Public Transport,Polonnaruwa,Airport Transfer,125,5,10.175
52,1,Water,Dambulla,Swimming / Snorkeling,61,4,0.062
19,2,Walking,Nuwara Eliya,Vehicle Travel,168,2,1.004
51,9,Walking,Bentota,Jogging,38,4,0.051
43,1,Private Vehicle,Polonnaruwa,Vehicle Travel,242,2,2.777
62,4,Private Vehicle,Sigiriya,Other,128,5,1.089
73,9,Private Vehicle,Kalpitiya,Airport Transfer,50,1,3.451
78,10,Private Vehicle,Mirissa,Vehicle Travel,180,4,25.292
56,1,Ferry,Hikkaduwa,Ferry,164,1,0.796
40,12,Private Vehicle,Trincomalee,Shopping,62,4,4.021
45,9,Private Vehicle,Colombo,Medical / Hospital Visit,35,5,3.264
29,3,Public Transport,Polonnaruwa,Public Transport,57,5,0.219
76,10,Private Vehicle,Jaffna,Medical / Hospital Visit,32,3,3.482
71,9,Walking,Ella,Walking,68,3,0.007
71,7,N/A,Polonnaruwa,Meal,79,2,16.163
38,6,Private Vehicle,Sigiriya,Shopping,86,5,3.4
38,9,Walking,Anuradhapura,Walking,25,2,0.002
71,20,Private Vehicle,Mirissa,Vehicle Travel,105,4,30.223
52,6,Walking,Sigiriya,Walking,58,3,0.004
62,11,Private Vehicle,Colombo,Vehicle Travel,72,5,11.051
48,9,N/A,Bentota,Resting,92,4,0.454
45,12,Private Vehicle,Hikkaduwa,Shopping,193,4,12.468
57,16,Private Vehicle,Yala,Sightseeing,68,5,2.369
69,2,Walking,Negombo,Sightseeing,252,5,0.323
39,1,Ferry,Kandy,Ferry,152,4,0.84
68,6,Private Vehicle,Sigiriya,Airport Transfer,66,4,4.29
33,4,N/A,Nuwara Eliya,Resting,144,4,0.295
43,6,Private Vehicle,Kandy,Airport Transfer,97,3,6.066
75,11,Flight,Mirissa,Flight,207,1,125.336
78,15,Private Vehicle,Nuwara Eliya,Private / Hired Vehicle,99,4,16.983
76,4,Jeep,Arugam Bay,Wildlife Safari,264,4,18.0
37,9,Private Vehicle,Badulla,Private / Hired Vehicle,32,2,2.673
71,2,Private Vehicle,Nuwara Eliya,Vehicle Travel,208,3,4.796
76,6,N/A,Ella,Meal,64,4,15.176
79,1,Flight,Haputale,Flight,121,2,8.162
19,5,Public Bus,Anuradhapura,Vehicle Travel,207,4,11.075
64,6,N/A,Sigiriya,Meal,63,4,13.226
80,9,Private Vehicle,Negombo,Private / Hired Vehicle,66,3,5.333
66,7,Public Transport,Galle,Shopping,103,3,3.202
32,3,Bicycle,Anuradhapura,Vehicle Travel,171,3,4.036
66,1,Private Vehicle,Ella,Cultural / Temple Visit,72,3,0.133
24,1,N/A,Kalpitiya,Resting,190,4,0.104
48,18,Public Bus,Sigiriya,Vehicle Travel,247,4,50.93
57,14,Water,Jaffna,Swimming / Snorkeling,82,5,1.324
46,3,Private Vehicle,Trincomalee,Sightseeing,196,1,0.901
62,2,Bicycle,Arugam Bay,Vehicle Travel,305,4,4.462
33,4,Private Vehicle,Kandy,Vehicle Travel,262,3,12.961
56,8,Private Vehicle,Sigiriya,Airport Transfer,34,5,3.174
58,3,Walking,Kalpitiya,Walking,39,1,0.001
57,1,Tuk-Tuk,Trincomalee,Vehicle Travel,219,4,2.564
36,4,Flight,Kalpitiya,Flight,210,4,64.149
37,2,Tuk-Tuk,Jaffna,Vehicle Travel,67,3,1.411
34,3,Public Transport,Bentota,Sightseeing,223,5,1.117
47,1,Private Vehicle,Bentota,Sightseeing,146,2,0.222
54,8,Walking,Dambulla,Other,148,2,0.603
40,5,Public Transport,Nuwara Eliya,Public Transport,50,4,0.322
43,2,Public Transport,Jaffna,Sightseeing,160,4,0.585
36,6,Private Vehicle,Haputale,Private / Hired Vehicle,156,3,8.228
31,5,Public Transport,Polonnaruwa,Public Transport,95,3,0.561
59,11,Flight,Anuradhapura,Flight,147,2,84.576
69,16,N/A,Sigiriya,Resting,121,5,1.118
36,1,Bicycle,Mirissa,Vehicle Travel,35,4,0.317
72,13,Cruise,Mirissa,Cruise,229,3,81.04
53,9,Private Vehicle,Negombo,Private / Hired Vehicle,137,3,12.125
28,8,Flight,Kandy,Flight,449,5,295.588
41,4,Private Vehicle,Trincomalee,Vehicle Travel,345,5,19.27
18,3,Private Vehicle,Colombo,Vehicle Travel,295,1,10.54
20,1,Walking,Badulla,Jogging,25,4,0.003
39,19,N/A,Kalpitiya,Meal,65,2,34.883
46,7,Public Transport,Negombo,Public Transport,96,2,0.903
68,4,N/A,Sigiriya,Meal,58,5,8.062
26,6,Train,Negombo,Vehicle Travel,165,5,11.591
70,1,Private Vehicle,Yala,Medical / Hospital Visit,48,2,0.438
32,2,Public Transport,Mirissa,Spa / Ayurveda,80,5,1.059
26,7,N/A,Nuwara Eliya,Beach Leisure,172,4,1.288
62,5,Walking,Arugam Bay,Hiking,74,4,0.06
66,10,N/A,Kalpitiya,Meal,54,4,18.083
56,8,Public Transport,Ella,Shopping,227,4,9.3
25,7,N/A,Anuradhapura,Resting,72,5,0.305
25,11,Boat,Sigiriya,Boat Ride,139,2,7.981
42,1,Jeep,Ella,Wildlife Safari,353,4,5.666
46,8,Public Transport,Anuradhapura,Spa / Ayurveda,104,3,5.442
80,9,N/A,Mirissa,Resting,119,5,0.583
36,2,Private Vehicle,Kandy,Cultural / Temple Visit,42,2,0.104
30,2,Walking,Nuwara Eliya,Jogging,35,3,0.009
77,2,Walking,Polonnaruwa,Hiking,219,4,0.083
27,2,Flight,Sigiriya,Flight,84,3,11.634
19,5,Bicycle,Bentota,Vehicle Travel,152,3,6.369
44,1,Walking,Hikkaduwa,Sightseeing,152,3,0.079
43,8,Private Vehicle,Negombo,Shopping,189,4,8.786
57,1,N/A,Badulla,Meal,78,3,2.387
73,1,Bicycle,Ella,Vehicle Travel,94,3,0.843
76,3,Flight,Dambulla,Flight,194,4,38.624
36,2,Public Transport,Negombo,Public Transport,51,5,0.134
79,19,Cruise,Galle,Cruise,412,4,233.113
57,3,Water,Kalpitiya,Swimming / Snorkeling,171,2,0.46
22,2,Public Bus,Bentota,Vehicle Travel,204,5,5.458
77,2,Train,Yala,Vehicle Travel,179,5,4.078
26,4,Public Bus,Dambulla,Vehicle Travel,113,4,4.726
55,7,Ferry,Trincomalee,Ferry,142,4,5.675
67,10,Private Vehicle,Sigiriya,Vehicle Travel,153,1,15.621
33,3,N/A,Bentota,Meal,78,4,8.387
35,7,Private Vehicle,Negombo,Vehicle Travel,76,4,6.95
47,5,Public Transport,Ella,Cultural / Temple Visit,62,3,0.44
73,12,Public Bus,Arugam Bay,Vehicle Travel,65,1,7.487
32,6,Ferry,Negombo,Ferry,138,3,3.685
59,3,Flight,Kalpitiya,Flight,170,4,33.033
46,9,N/A,Polonnaruwa,Other,202,2,3.213
25,11,Train,Anuradhapura,Vehicle Travel,197,4,18.926
62,5,Private Vehicle,Ella,Vehicle Travel,109,5,8.853
70,19,Walking,Haputale,Vehicle Travel,223,3,16.86
54,13,N/A,Jaffna,Resting,61,2,0.332
29,2,Public Transport,Yala,Sightseeing,78,2,0.192
27,10,Private Vehicle,Haputale,Cultural / Temple Visit,86,3,1.474
44,7,Walking,Negombo,Vehicle Travel,156,5,5.532
49,6,Private Vehicle,Arugam Bay,Vehicle Travel,276,4,21.761
52,5,Walking,Ella,Sightseeing,125,5,0.366
33,12,Jeep,Kandy,Wildlife Safari,347,5,85.387
49,7,Jeep,Trincomalee,Wildlife Safari,169,2,19.671
36,6,Private Vehicle,Galle,Vehicle Travel,121,4,10.642
61,1,N/A,Bentota,Meal,77,3,2.37
68,4,Private Vehicle,Hikkaduwa,Vehicle Travel,325,3,16.421
59,14,Walking,Colombo,Walking,39,3,0.006
18,9,Ferry,Badulla,Ferry,121,3,5.111
80,1,Private Vehicle,Yala,Vehicle Travel,148,4,2.314
19,13,Private Vehicle,Kalpitiya,Spa / Ayurveda,90,4,8.224
80,11,Private Vehicle,Ella,Spa / Ayurveda,170,3,13.36
20,6,Private Vehicle,Arugam Bay,Medical / Hospital Visit,52,2,2.576
50,1,Public Transport,Badulla,Spa / Ayurveda,138,4,0.74
24,6,Tuk-Tuk,Mirissa,Vehicle Travel,327,4,26.611
23,1,N/A,Polonnaruwa,Other,199,4,0.363
61,3,Public Transport,Hikkaduwa,Shopping,217,1,1.93
63,7,Bicycle,Negombo,Vehicle Travel,81,3,4.506
25,14,Walking,Anuradhapura,Cultural / Temple Visit,142,4,1.055
79,3,Train,Arugam Bay,Vehicle Travel,183,4,5.217
38,12,Train,Colombo,Vehicle Travel,24,1,2.467
38,14,Walking,Sigiriya,Walking,141,3,0.021
36,1,Walking,Kandy,Shopping,220,3,0.326
47,2,Private Vehicle,Bentota,Shopping,163,4,1.844
29,9,Jeep,Negombo,Wildlife Safari,238,2,33.254
44,10,Flight,Nuwara Eliya,Flight,379,4,228.391
31,4,Walking,Arugam Bay,Vehicle Travel,83,5,1.82
21,8,Public Transport,Jaffna,Cultural / Temple Visit,52,3,0.591
41,7,Public Bus,Ella,Vehicle Travel,223,3,17.902
60,9,Private Vehicle,Polonnaruwa,Private / Hired Vehicle,85,1,5.834
66,9,Walking,Dambulla,Walking,98,1,0.008
40,1,Private Vehicle,Ella,Private / Hired Vehicle,121,5,1.237
38,1,Tuk-Tuk,Colombo,Vehicle Travel,245,5,2.612
67,1,Private Vehicle,Colombo,Vehicle Travel,266,1,3.192
60,15,Public Transport,Sigiriya,Public Transport,64,5,1.415
70,14,Private Vehicle,Galle,Spa / Ayurveda,137,2,12.446
75,11,Flight,Colombo,Flight,324,4,204.345
69,1,Bicycle,Arugam Bay,Bicycle Ride,127,4,0.004
76,6,Public Transport,Trincomalee,Cultural / Temple Visit,67,3,0.63
44,2,Cruise,Colombo,Cruise,431,4,20.541
42,3,Public Bus,Jaffna,Vehicle Travel,92,4,3.08
38,2,N/A,Yala,Resting,93,2,0.084
32,11,N/A,Nuwara Eliya,Resting,100,5,0.606
65,1,Water,Galle,Swimming / Snorkeling,77,2,0.064
63,7,Walking,Dambulla,Other,49,1,0.127
68,19,Private Vehicle,Galle,Shopping,88,5,11.308
28,8,N/A,Nuwara Eliya,Beach Leisure,288,3,1.935
48,1,Bicycle,Negombo,Vehicle Travel,262,3,2.093
31,14,Public Transport,Mirissa,Public Transport,121,3,2.093
74,7,Tuk-Tuk,Badulla,Vehicle Travel,115,1,8.049
34,4,Private Vehicle,Colombo,Other,43,3,0.225
27,8,Private Vehicle,Ella,Cultural / Temple Visit,111,3,1.45
53,13,N/A,Hikkaduwa,Resting,89,4,0.599
73,5,Private Vehicle,Nuwara Eliya,Other,52,3,0.52
75,5,Public Bus,Anuradhapura,Vehicle Travel,170,5,10.759
24,4,Flight,Sigiriya,Flight,358,5,115.374
38,1,Bicycle,Polonnaruwa,Bicycle Ride,96,3,0.003
27,10,Tuk-Tuk,Dambulla,Vehicle Travel,239,5,30.532
37,1,Walking,Polonnaruwa,Jogging,39,5,0.006
51,4,Public Bus,Trincomalee,Vehicle Travel,220,5,11.003
35,4,Bicycle,Arugam Bay,Bicycle Ride,130,4,0.017
22,2,Public Transport,Jaffna,Sightseeing,118,2,0.35
50,4,Tuk-Tuk,Kandy,Vehicle Travel,91,2,3.629
21,7,Public Transport,Trincomalee,Airport Transfer,46,5,2.911
32,3,Walking,Sigiriya,Jogging,43,4,0.017
18,2,Walking,Haputale,Vehicle Travel,101,5,0.855
23,13,Public Bus,Ella,Vehicle Travel,237,4,32.703
45,17,Bicycle,Colombo,Vehicle Travel,105,2,12.298
71,5,Bicycle,Badulla,Vehicle Travel,149,3,5.947
66,3,Public Transport,Ella,Sightseeing,194,5,1.058
24,1,Walking,Trincomalee,Shopping,41,1,0.057
20,1,Private Vehicle,Anuradhapura,Sightseeing,92,4,0.158
39,4,Bicycle,Sigiriya,Vehicle Travel,42,5,1.329
59,15,N/A,Arugam Bay,Meal,63,2,25.982
65,9,Public Bus,Negombo,Vehicle Travel,92,3,8.263
69,3,Walking,Galle,Vehicle Travel,171,4,2.501
39,17,Public Transport,Hikkaduwa,Sightseeing,154,5,4.869
28,4,Public Transport,Kalpitiya,Cultural / Temple Visit,75,4,0.516
19,2,Tuk-Tuk,Sigiriya,Vehicle Travel,217,1,4.425
27,4,Walking,Hikkaduwa,Vehicle Travel,67,2,0.796
22,2,Bicycle,Haputale,Bicycle Ride,117,3,0.005
72,13,Flight,Haputale,Flight,116,3,88.198
34,3,Private Vehicle,Mirissa,Vehicle Travel,242,2,9.605
69,8,Bicycle,Haputale,Vehicle Travel,119,5,9.829
52,4,N/A,Dambulla,Meal,77,1,8.031
51,14,N/A,Trincomalee,Resting,133,5,1.119
46,7,Public Bus,Galle,Vehicle Travel,146,5,12.155
69,5,Walking,Kalpitiya,Walking,106,4,0.006
20,1,Private Vehicle,Sigiriya,Vehicle Travel,133,4,1.905
23,14,Public Transport,Negombo,Shopping,117,2,6.668
44,6,Walking,Mirissa,Other,74,4,0.262
42,3,Private Vehicle,Anuradhapura,Vehicle Travel,213,3,8.287
52,13,Flight,Dambulla,Flight,87,3,77.139
64,1,Private Vehicle,Hikkaduwa,Shopping,115,4,0.697
55,3,Public Transport,Negombo,Airport Transfer,81,1,1.821
34,6,Flight,Badulla,Flight,78,3,30.671
38,3,Walking,Sigiriya,Sightseeing,197,4,0.314
65,5,Private Vehicle,Dambulla,Vehicle Travel,91,3,6.202
30,2,Flight,Colombo,Flight,225,2,27.106
49,1,Private Vehicle,Negombo,Cultural / Temple Visit,79,1,0.113
51,1,Cruise,Ella,Cruise,412,3,9.888
65,1,Train,Nuwara Eliya,Vehicle Travel,61,4,0.666
63,16,Bicycle,Ella,Vehicle Travel,234,4,33.689
47,6,N/A,Polonnaruwa,Meal,54,2,9.736
37,5,Bicycle,Anuradhapura,Bicycle Ride,90,4,0.012
41,4,Train,Anuradhapura,Vehicle Travel,98,5,4.578
43,9,Public Transport,Anuradhapura,Public Transport,87,4,1.053
31,1,Public Transport,Mirissa,Shopping,134,4,0.586
57,2,Boat,Haputale,Boat Ride,76,4,0.746
31,8,Public Bus,Hikkaduwa,Vehicle Travel,326,5,29.358
58,5,Water,Galle,Swimming / Snorkeling,86,5,0.418
65,10,Private Vehicle,Trincomalee,Private / Hired Vehicle,119,1,11.935
78,13,Flight,Galle,Flight,401,2,377.188
25,11,Private Vehicle,Ella,Shopping,201,2,11.473
65,2,Train,Ella,Vehicle Travel,136,4,2.846
23,1,Private Vehicle,Hikkaduwa,Shopping,134,1,0.545
39,2,Private Vehicle,Kalpitiya,Private / Hired Vehicle,55,5,1.13
29,10,Tuk-Tuk,Nuwara Eliya,Vehicle Travel,174,1,16.196
28,14,Bicycle,Haputale,Bicycle Ride,116,4,0.042
29,15,Private Vehicle,Sigiriya,Cultural / Temple Visit,82,3,2.167
20,3,Public Transport,Bentota,Sightseeing,115,3,0.495
69,12,Public Bus,Galle,Vehicle Travel,81,3,10.981
21,6,Boat,Colombo,Boat Ride,124,4,3.671
43,11,Walking,Mirissa,Walking,35,3,0.003
62,6,Train,Yala,Vehicle Travel,172,3,9.292
80,1,Walking,Galle,Hiking,160,4,0.03
71,1,Public Bus,Jaffna,Vehicle Travel,195,5,2.58
26,16,Bicycle,Bentota,Bicycle Ride,72,4,0.03
80,4,Public Transport,Anuradhapura,Public Transport,97,4,0.507
59,3,Water,Kalpitiya,Swimming / Snorkeling,109,3,0.27
29,3,Private Vehicle,Yala,Vehicle Travel,173,5,6.789
46,4,N/A,Arugam Bay,Meal,57,3,6.684
75,16,Flight,Hikkaduwa,Flight,404,5,559.835
42,1,Bicycle,Kalpitiya,Vehicle Travel,240,5,2.121
29,1,Water,Negombo,Surfing,62,2,0.044
73,10,Private Vehicle,Arugam Bay,Cultural / Temple Visit,117,1,1.925
78,6,N/A,Bentota,Meal,81,4,18.511
79,1,Walking,Ella,Walking,24,4,0.0
78,1,Private Vehicle,Galle,Sightseeing,151,4,0.278
72,2,N/A,Dambulla,Beach Leisure,323,5,0.697
46,2,Cruise,Negombo,Cruise,264,4,14.134
30,1,Walking,Anuradhapura,Vehicle Travel,40,3,0.143
56,2,Tuk-Tuk,Haputale,Vehicle Travel,119,4,2.657
31,9,Bicycle,Badulla,Vehicle Travel,257,1,15.72
47,12,Water,Mirissa,Swimming / Snorkeling,53,4,0.609
59,14,Flight,Sigiriya,Flight,308,5,383.394
77,4,Public Transport,Trincomalee,Cultural / Temple Visit,85,1,0.445
36,3,Private Vehicle,Polonnaruwa,Vehicle Travel,70,5,3.551
33,20,Ferry,Trincomalee,Ferry,223,5,25.244
64,10,Private Vehicle,Arugam Bay,Private / Hired Vehicle,47,2,4.121
18,6,Private Vehicle,Trincomalee,Vehicle Travel,207,5,18.001
53,2,Cruise,Polonnaruwa,Cruise,389,4,23.66
64,3,Flight,Yala,Flight,346,3,66.932
52,5,N/A,Ella,Resting,103,3,0.3
42,6,Public Transport,Trincomalee,Public Transport,55,3,0.365
70,1,Walking,Mirissa,Hiking,348,4,0.055
41,16,Flight,Haputale,Flight,108,3,114.253
62,6,Private Vehicle,Galle,Private / Hired Vehicle,73,3,4.015
47,6,Ferry,Haputale,Ferry,210,5,7.618
19,2,Boat,Polonnaruwa,Boat Ride,49,4,0.482
51,10,Private Vehicle,Negombo,Spa / Ayurveda,61,4,4.685
21,9,Public Transport,Nuwara Eliya,Spa / Ayurveda,205,5,14.437
76,1,Bicycle,Nuwara Eliya,Bicycle Ride,138,1,0.003
55,6,N/A,Yala,Meal,54,3,9.78
41,8,Private Vehicle,Ella,Vehicle Travel,40,4,4.283
48,12,N/A,Hikkaduwa,Resting,181,3,1.162
57,2,Water,Dambulla,Surfing,162,2,0.277
34,13,Public Transport,Arugam Bay,Public Transport,128,4,2.008
36,5,Public Transport,Hikkaduwa,Public Transport,102,1,0.529
44,1,Train,Dambulla,Vehicle Travel,302,4,2.882
34,1,Walking,Haputale,Jogging,33,4,0.005
65,2,Jeep,Hikkaduwa,Wildlife Safari,259,4,8.639
24,3,Walking,Nuwara Eliya,Hiking,312,3,0.151
70,5,Walking,Galle,Walking,53,1,0.002
39,10,Private Vehicle,Haputale,Private / Hired Vehicle,53,5,6.297
53,2,Walking,Dambulla,Hiking,193,5,0.081
27,20,Public Bus,Polonnaruwa,Vehicle Travel,152,3,31.083
42,1,Flight,Yala,Flight,338,1,19.688
65,7,Public Transport,Ella,Airport Transfer,33,4,1.918
35,15,Tuk-Tuk,Jaffna,Vehicle Travel,305,3,50.617
26,12,Bicycle,Mirissa,Vehicle Travel,259,2,20.787
50,7,Walking,Nuwara Eliya,Cultural / Temple Visit,81,2,0.263
28,9,Private Vehicle,Arugam Bay,Other,69,2,0.859
37,1,N/A,Yala,Beach Leisure,84,3,0.071
46,1,Private Vehicle,Sigiriya,Sightseeing,185,3,0.339
53,4,Private Vehicle,Polonnaruwa,Vehicle Travel,152,5,10.473
58,1,Walking,Arugam Bay,Cultural / Temple Visit,47,3,0.023
60,3,Bicycle,Haputale,Vehicle Travel,170,3,3.823
71,2,Water,Colombo,Swimming / Snorkeling,146,2,0.233
22,14,Private Vehicle,Haputale,Medical / Hospital Visit,46,5,6.124
40,13,Public Bus,Hikkaduwa,Vehicle Travel,217,1,23.407
18,11,Private Vehicle,Negombo,Vehicle Travel,147,3,20.042
18,9,Cruise,Sigiriya,Cruise,208,4,46.841
31,1,N/A,Kandy,Meal,47,4,1.321
55,1,N/A,Nuwara Eliya,Meal,61,5,2.398
74,7,Flight,Yala,Flight,372,3,176.164
66,7,N/A,Bentota,Meal,60,3,13.227
58,3,Bicycle,Ella,Vehicle Travel,48,3,1.159
67,5,Flight,Colombo,Flight,183,4,69.531
28,5,Cruise,Hikkaduwa,Cruise,196,3,23.102
70,2,Walking,Hikkaduwa,Walking,151,3,0.003
74,3,Walking,Ella,Hiking,325,1,0.15
23,4,Flight,Dambulla,Flight,286,5,90.769
47,7,Private Vehicle,Badulla,Vehicle Travel,161,1,11.267
70,16,N/A,Badulla,Beach Leisure,263,3,3.487
47,6,Public Transport,Ella,Sightseeing,90,5,1.108
70,9,Private Vehicle,Yala,Private / Hired Vehicle,195,4,18.689
76,11,Water,Kandy,Swimming / Snorkeling,62,4,0.64
47,1,N/A,Colombo,Meal,62,4,1.923
21,7,Flight,Polonnaruwa,Flight,257,2,109.563
39,5,Flight,Badulla,Flight,156,5,57.093
31,6,Private Vehicle,Nuwara Eliya,Vehicle Travel,109,3,8.18
47,1,Public Bus,Arugam Bay,Vehicle Travel,137,5,2.007
54,14,Walking,Colombo,Walking,58,3,0.007
47,16,Public Bus,Polonnaruwa,Vehicle Travel,144,4,24.858
30,1,Public Transport,Trincomalee,Public Transport,136,4,0.17
36,2,N/A,Sigiriya,Resting,68,2,0.056
60,2,Public Transport,Badulla,Sightseeing,142,3,0.44
19,10,Walking,Galle,Cultural / Temple Visit,165,4,0.972
31,6,N/A,Sigiriya,Resting,94,2,0.238
74,2,Cruise,Negombo,Cruise,610,5,37.121
24,11,Bicycle,Yala,Vehicle Travel,157,3,13.011
44,3,Water,Negombo,Swimming / Snorkeling,57,4,0.167
31,5,Public Bus,Nuwara Eliya,Vehicle Travel,66,4,4.361
24,4,Private Vehicle,Hikkaduwa,Private / Hired Vehicle,37,3,1.276
44,5,N/A,Jaffna,Resting,136,4,0.397
50,5,Flight,Colombo,Flight,52,4,18.041
29,2,N/A,Bentota,Other,142,4,0.508
22,4,Water,Sigiriya,Swimming / Snorkeling,46,4,0.169
26,14,Private Vehicle,Jaffna,Airport Transfer,123,4,17.934
59,5,Public Transport,Yala,Sightseeing,61,3,0.453
72,14,Walking,Arugam Bay,Other,68,1,0.444
29,6,Walking,Ella,Jogging,27,2,0.019
38,10,Public Bus,Haputale,Vehicle Travel,106,4,10.742
39,3,Private Vehicle,Negombo,Airport Transfer,48,5,1.73
40,10,N/A,Hikkaduwa,Meal,62,1,16.56
33,2,Cruise,Sigiriya,Cruise,258,4,14.256
21,1,Walking,Hikkaduwa,Other,148,3,0.078
51,1,N/A,Nuwara Eliya,Other,152,4,0.27
40,1,Public Bus,Arugam Bay,Vehicle Travel,339,4,3.444
39,16,Train,Sigiriya,Vehicle Travel,187,4,30.844
34,20,Train,Bentota,Vehicle Travel,265,4,45.637
76,10,Walking,Mirissa,Jogging,27,4,0.038
56,1,Public Transport,Bentota,Cultural / Temple Visit,128,1,0.188
44,14,Flight,Negombo,Flight,143,4,144.35
30,9,N/A,Trincomalee,Beach Leisure,271,3,2.058
68,3,Private Vehicle,Badulla,Vehicle Travel,203,5,8.349
73,5,Private Vehicle,Ella,Private / Hired Vehicle,126,4,6.468
20,8,Ferry,Haputale,Ferry,96,2,3.678
76,1,Walking,Galle,Hiking,246,3,0.035
62,5,Private Vehicle,Trincomalee,Vehicle Travel,161,3,10.838
24,9,Cruise,Anuradhapura,Cruise,458,5,104.16
65,2,Boat,Dambulla,Boat Ride,99,2,0.834
24,4,Private Vehicle,Galle,Airport Transfer,60,4,2.115
21,5,Bicycle,Sigiriya,Vehicle Travel,88,3,3.292
25,9,Bicycle,Nuwara Eliya,Bicycle Ride,43,4,0.009
46,17,Public Transport,Haputale,Public Transport,147,4,3.163
57,12,Public Transport,Trincomalee,Public Transport,92,3,1.373
43,7,N/A,Ella,Meal,41,4,9.369
25,6,Flight,Dambulla,Flight,332,2,121.446
30,7,Walking,Sigiriya,Walking,110,5,0.01
71,6,Cruise,Nuwara Eliya,Cruise,279,2,39.412
78,1,Walking,Arugam Bay,Walking,56,4,0.001
65,8,Private Vehicle,Dambulla,Cultural / Temple Visit,90,3,1.302
24,9,Cruise,Polonnaruwa,Cruise,292,4,61.439
69,5,Public Transport,Colombo,Sightseeing,71,3,0.52
61,13,Private Vehicle,Kalpitiya,Airport Transfer,27,4,4.329
51,8,Cruise,Badulla,Cruise,178,1,30.217
27,3,Cruise,Bentota,Cruise,512,3,39.344
80,1,N/A,Trincomalee,Meal,63,5,2.474
45,1,Bicycle,Anuradhapura,Bicycle Ride,53,3,0.001
20,3,Public Transport,Arugam Bay,Public Transport,69,3,0.229
31,5,Walking,Hikkaduwa,Sightseeing,80,4,0.189
43,1,Private Vehicle,Hikkaduwa,Shopping,97,3,0.547
21,2,Private Vehicle,Arugam Bay,Sightseeing,136,5,0.593
38,2,Public Transport,Arugam Bay,Shopping,87,3,0.694
47,10,Flight,Arugam Bay,Flight,344,5,282.167
77,10,Private Vehicle,Yala,Sightseeing,136,5,3.159
23,4,Jeep,Galle,Wildlife Safari,182,3,11.72
54,2,Cruise,Anuradhapura,Cruise,345,3,17.314
75,1,Walking,Negombo,Shopping,82,4,0.153
68,1,Train,Badulla,Vehicle Travel,65,4,0.681
76,4,Walking,Polonnaruwa,Walking,38,2,0.002
28,1,Private Vehicle,Kalpitiya,Sightseeing,79,3,0.133
68,3,Private Vehicle,Dambulla,Other,89,2,0.43
79,16,N/A,Trincomalee,Resting,119,4,1.222
38,5,Train,Hikkaduwa,Vehicle Travel,106,4,5.886
49,11,Walking,Polonnaruwa,Hiking,163,2,0.239
51,1,Public Transport,Nuwara Eliya,Cultural / Temple Visit,84,4,0.135
49,2,Private Vehicle,Galle,Shopping,69,4,0.739
36,16,Public Transport,Sigiriya,Public Transport,39,5,0.903
79,4,Private Vehicle,Trincomalee,Shopping,142,2,3.036
78,7,Tuk-Tuk,Dambulla,Vehicle Travel,296,3,25.332
41,18,Water,Arugam Bay,Swimming / Snorkeling,109,3,1.576
68,6,N/A,Badulla,Beach Leisure,174,4,0.982
43,3,Public Bus,Bentota,Vehicle Travel,74,2,1.992
68,5,N/A,Arugam Bay,Other,100,2,0.728
54,1,Private Vehicle,Haputale,Other,57,4,0.119
47,1,Bicycle,Ella,Bicycle Ride,80,4,0.002
26,1,Public Transport,Polonnaruwa,Public Transport,90,2,0.107
59,13,Public Transport,Ella,Spa / Ayurveda,87,3,6.529
38,8,Private Vehicle,Haputale,Spa / Ayurveda,103,2,5.456
31,3,N/A,Bentota,Meal,70,3,5.628
30,2,Public Bus,Mirissa,Vehicle Travel,139,3,2.627
79,8,Bicycle,Negombo,Bicycle Ride,35,2,0.008
24,14,Public Bus,Anuradhapura,Vehicle Travel,61,1,6.972
68,3,Walking,Jaffna,Shopping,83,5,0.523
72,3,Private Vehicle,Dambulla,Other,137,5,0.916
19,12,N/A,Kalpitiya,Meal,82,1,21.363
55,13,Water,Galle,Swimming / Snorkeling,60,4,0.736
54,14,Walking,Arugam Bay,Vehicle Travel,48,2,2.534
40,3,Private Vehicle,Kalpitiya,Private / Hired Vehicle,82,5,2.936
60,1,N/A,Jaffna,Beach Leisure,109,5,0.1
43,4,N/A,Colombo,Resting,140,4,0.289
45,3,Flight,Galle,Flight,243,4,51.867
45,13,Public Transport,Polonnaruwa,Spa / Ayurveda,112,3,7.782
68,1,Public Transport,Yala,Public Transport,101,3,0.134
57,7,N/A,Negombo,Meal,36,3,7.526
41,14,Tuk-Tuk,Kalpitiya,Vehicle Travel,155,2,24.14
76,18,N/A,Kandy,Meal,70,4,47.585
68,7,Bicycle,Arugam Bay,Vehicle Travel,191,3,9.554
76,16,Public Bus,Galle,Vehicle Travel,168,2,28.366
64,1,Public Bus,Polonnaruwa,Vehicle Travel,164,4,1.91
42,3,Private Vehicle,Arugam Bay,Private / Hired Vehicle,60,4,1.865
66,1,Private Vehicle,Kalpitiya,Vehicle Travel,109,4,1.548
38,18,Flight,Sigiriya,Flight,360,4,449.345
35,14,Water,Galle,Surfing,144,5,1.599
46,1,Private Vehicle,Kalpitiya,Shopping,177,1,0.845
79,1,Public Bus,Mirissa,Vehicle Travel,95,4,1.005
53,3,Walking,Ella,Shopping,201,3,1.07
42,2,Private Vehicle,Hikkaduwa,Private / Hired Vehicle,178,2,2.905
47,12,Public Bus,Yala,Vehicle Travel,173,5,23.636
36,1,Water,Colombo,Swimming / Snorkeling,127,3,0.109
59,10,Water,Sigiriya,Surfing,140,3,1.249
40,6,Water,Dambulla,Swimming / Snorkeling,75,2,0.373
52,4,N/A,Galle,Beach Leisure,140,5,0.606
41,1,Walking,Bentota,Walking,50,5,0.001
38,20,Private Vehicle,Sigiriya,Shopping,100,1,8.3
79,7,Walking,Negombo,Vehicle Travel,49,4,1.595
39,4,Flight,Kalpitiya,Flight,389,2,87.094
22,3,Walking,Dambulla,Jogging,29,4,0.012
41,14,Public Transport,Negombo,Spa / Ayurveda,126,3,8.745
51,11,Private Vehicle,Kandy,Other,74,2,1.357
23,11,Flight,Haputale,Flight,137,4,103.378
37,7,Tuk-Tuk,Ella,Vehicle Travel,125,5,11.898
28,13,Walking,Yala,Walking,77,3,0.011
49,3,Public Transport,Polonnaruwa,Sightseeing,167,1,0.694
63,9,Private Vehicle,Nuwara Eliya,Private / Hired Vehicle,210,5,23.953
79,4,Public Transport,Nuwara Eliya,Cultural / Temple Visit,76,2,0.477
42,7,N/A,Colombo,Meal,56,3,11.524
72,20,Private Vehicle,Anuradhapura,Shopping,117,4,14.162
31,19,Flight,Arugam Bay,Flight,103,3,125.281
67,5,Public Transport,Arugam Bay,Spa / Ayurveda,108,2,3.242
53,6,Public Transport,Colombo,Public Transport,61,2,0.411
65,14,Public Bus,Nuwara Eliya,Vehicle Travel,113,1,14.723
65,19,Jeep,Colombo,Wildlife Safari,339,4,120.784
51,10,Private Vehicle,Nuwara Eliya,Spa / Ayurveda,115,5,9.978
34,1,Train,Mirissa,Vehicle Travel,320,2,2.827
51,3,N/A,Colombo,Resting,128,4,0.207
70,13,Public Bus,Ella,Vehicle Travel,94,3,13.082
79,10,Bicycle,Trincomalee,Vehicle Travel,257,1,17.754
76,9,Bicycle,Jaffna,Vehicle Travel,328,4,23.962
29,8,Walking,Kalpitiya,Cultural / Temple Visit,107,3,0.476
55,4,Walking,Jaffna,Vehicle Travel,276,4,4.379
24,4,Private Vehicle,Haputale,Shopping,143,3,3.188
60,11,Water,Negombo,Swimming / Snorkeling,80,4,0.756
80,3,Walking,Jaffna,Other,59,5,0.104
21,8,Private Vehicle,Anuradhapura,Vehicle Travel,151,3,14.547
59,9,N/A,Galle,Resting,222,5,1.318
77,12,Walking,Negombo,Walking,99,2,0.013
71,3,Public Bus,Haputale,Vehicle Travel,75,1,2.24
42,9,Walking,Anuradhapura,Other,117,2,0.476
24,1,Private Vehicle,Anuradhapura,Private / Hired Vehicle,173,5,2.078
76,1,Tuk-Tuk,Kandy,Vehicle Travel,339,4,3.898
76,4,Private Vehicle,Jaffna,Other,44,5,0.357
54,1,Private Vehicle,Bentota,Private / Hired Vehicle,103,4,1.055
79,16,Water,Colombo,Swimming / Snorkeling,97,3,1.283
18,14,Public Transport,Colombo,Cultural / Temple Visit,46,5,1.162
56,1,Train,Bentota,Vehicle Travel,126,5,1.315
20,12,Private Vehicle,Arugam Bay,Cultural / Temple Visit,119,4,2.828
76,5,Private Vehicle,Arugam Bay,Shopping,135,4,4.296
60,9,Public Transport,Negombo,Public Transport,37,5,0.457
75,13,Walking,Trincomalee,Other,175,2,1.134
53,6,Private Vehicle,Dambulla,Vehicle Travel,154,5,14.349
23,1,Public Transport,Sigiriya,Public Transport,166,5,0.254
19,1,Walking,Nuwara Eliya,Jogging,49,4,0.006
39,5,Private Vehicle,Trincomalee,Spa / Ayurveda,97,2,2.508
64,16,N/A,Galle,Meal,53,2,23.674
27,6,Train,Dambulla,Vehicle Travel,69,5,4.053
71,3,N/A,Ella,Resting,102,5,0.176
33,1,Private Vehicle,Haputale,Sightseeing,182,4,0.333
49,14,Public Bus,Badulla,Vehicle Travel,69,5,10.868
30,3,Private Vehicle,Trincomalee,Sightseeing,200,4,1.13
47,9,N/A,Bentota,Beach Leisure,330,5,2.794
46,8,Walking,Bentota,Jogging,43,2,0.052
18,2,Walking,Yala,Hiking,58,2,0.018
53,1,Private Vehicle,Arugam Bay,Spa / Ayurveda,211,4,1.509
67,4,Flight,Kandy,Flight,377,3,93.154
76,3,Private Vehicle,Ella,Vehicle Travel,177,3,7.002
38,8,Public Transport,Dambulla,Public Transport,75,4,0.797
73,11,Private Vehicle,Kandy,Vehicle Travel,151,1,18.126
73,2,Public Transport,Yala,Public Transport,64,4,0.156
80,5,Walking,Kalpitiya,Walking,173,2,0.008
41,1,Bicycle,Kandy,Vehicle Travel,138,5,1.263
71,2,Public Transport,Haputale,Public Transport,43,2,0.094
53,10,Train,Arugam Bay,Vehicle Travel,128,4,12.922
21,10,Train,Yala,Vehicle Travel,34,4,2.689
35,10,N/A,Negombo,Meal,75,3,22.378
60,1,Walking,Dambulla,Walking,108,3,0.001
28,6,Private Vehicle,Arugam Bay,Cultural / Temple Visit,76,1,0.555
45,4,Walking,Kandy,Walking,88,3,0.004
66,20,Train,Badulla,Vehicle Travel,71,2,12.905
27,7,Public Bus,Colombo,Vehicle Travel,274,2,16.875
49,15,Public Transport,Kalpitiya,Airport Transfer,29,4,4.031
31,1,Private Vehicle,Yala,Other,119,2,0.168
51,4,Private Vehicle,Trincomalee,Vehicle Travel,61,3,2.544
33,10,Private Vehicle,Dambulla,Shopping,84,3,4.143
78,3,Ferry,Haputale,Ferry,161,3,2.303
22,7,Flight,Ella,Flight,348,4,149.274
78,5,Private Vehicle,Polonnaruwa,Airport Transfer,52,4,2.977
67,20,Private Vehicle,Hikkaduwa,Private / Hired Vehicle,69,4,15.06
71,2,Public Transport,Anuradhapura,Sightseeing,162,3,0.557
71,15,Private Vehicle,Yala,Vehicle Travel,23,3,4.729
29,4,Water,Dambulla,Surfing,106,3,0.369
76,5,Private Vehicle,Galle,Vehicle Travel,19,4,1.301
55,5,Public Transport,Trincomalee,Shopping,131,3,2.399
78,2,Public Bus,Negombo,Vehicle Travel,220,5,6.685
73,17,Public Transport,Trincomalee,Public Transport,133,4,3.152
54,14,Cruise,Yala,Cruise,393,4,165.067
41,18,Public Transport,Trincomalee,Cultural / Temple Visit,48,4,1.234
25,20,Private Vehicle,Trincomalee,Vehicle Travel,62,5,20.228
24,8,Ferry,Polonnaruwa,Ferry,82,3,3.171
42,4,Private Vehicle,Polonnaruwa,Sightseeing,89,3,0.653
69,12,Private Vehicle,Haputale,Vehicle Travel,233,5,47.176
49,1,Train,Kandy,Vehicle Travel,182,4,1.75
48,12,N/A,Bentota,Beach Leisure,168,3,1.762
33,5,Walking,Kalpitiya,Other,149,3,0.362
53,8,Private Vehicle,Mirissa,Sightseeing,164,3,2.417
58,4,Water,Anuradhapura,Surfing,119,5,0.474
79,3,Walking,Mirissa,Walking,87,3,0.003
63,1,N/A,Arugam Bay,Meal,51,1,1.299
56,4,Public Bus,Kalpitiya,Vehicle Travel,193,1,7.102
75,4,Private Vehicle,Jaffna,Shopping,168,5,4.446
44,2,Private Vehicle,Yala,Vehicle Travel,230,4,6.208
76,2,Private Vehicle,Mirissa,Other,168,3,0.657
41,6,N/A,Ella,Resting,141,5,0.547
26,3,Flight,Dambulla,Flight,163,3,29.145
44,11,Public Transport,Nuwara Eliya,Cultural / Temple Visit,111,4,1.775
26,1,Public Transport,Colombo,Shopping,126,4,0.581
25,6,Bicycle,Kandy,Bicycle Ride,54,3,0.008
73,1,Walking,Kandy,Sightseeing,259,4,0.144
68,5,Public Transport,Galle,Sightseeing,120,5,1.172
31,6,Flight,Kandy,Flight,324,2,124.576
70,7,Flight,Bentota,Flight,381,1,149.374
22,4,Bicycle,Badulla,Vehicle Travel,58,5,2.101
35,5,Bicycle,Galle,Vehicle Travel,217,3,7.579
62,2,Private Vehicle,Hikkaduwa,Private / Hired Vehicle,127,4,2.47
37,5,Walking,Kalpitiya,Walking,68,3,0.004
64,3,N/A,Polonnaruwa,Meal,57,5,5.701
73,8,Train,Anuradhapura,Vehicle Travel,93,4,7.25
22,4,Flight,Kandy,Flight,338,5,96.74
19,10,Walking,Anuradhapura,Walking,90,3,0.009
77,4,Walking,Mirissa,Jogging,24,5,0.016
50,2,N/A,Dambulla,Beach Leisure,134,4,0.242
49,2,Train,Galle,Vehicle Travel,153,4,3.323
47,1,N/A,Bentota,Meal,70,4,2.563
45,6,Flight,Mirissa,Flight,302,3,117.924
61,11,Public Transport,Negombo,Shopping,151,4,8.263
54,10,Bicycle,Bentota,Vehicle Travel,155,3,11.465
28,4,Ferry,Polonnaruwa,Ferry,220,3,4.152
57,2,Private Vehicle,Polonnaruwa,Sightseeing,147,4,0.508
60,12,Walking,Anuradhapura,Hiking,131,1,0.227
25,1,Boat,Trincomalee,Boat Ride,157,4,0.752
41,4,Walking,Arugam Bay,Vehicle Travel,93,3,1.321
67,12,N/A,Hikkaduwa,Meal,69,3,24.657
56,4,Flight,Bentota,Flight,455,4,136.37
26,1,Tuk-Tuk,Bentota,Vehicle Travel,342,2,3.544
20,2,Ferry,Yala,Ferry,184,5,1.988
54,7,Boat,Nuwara Eliya,Boat Ride,86,5,2.794
47,1,Private Vehicle,Jaffna,Shopping,122,3,0.621
78,8,Jeep,Badulla,Wildlife Safari,255,3,36.512
50,4,Private Vehicle,Bentota,Vehicle Travel,125,1,5.205
76,3,Public Transport,Kalpitiya,Public Transport,35,4,0.133
31,2,Flight,Arugam Bay,Flight,102,2,10.912
46,11,Walking,Ella,Shopping,148,5,2.953
26,4,Private Vehicle,Arugam Bay,Shopping,161,5,3.578
54,9,Public Bus,Arugam Bay,Vehicle Travel,223,2,17.836
29,4,Private Vehicle,Colombo,Private / Hired Vehicle,65,4,2.521
49,1,Private Vehicle,Arugam Bay,Private / Hired Vehicle,82,3,0.889
39,4,Private Vehicle,Ella,Vehicle Travel,171,4,11.139
29,5,Tuk-Tuk,Dambulla,Vehicle Travel,134,2,7.757
24,4,Walking,Trincomalee,Jogging,35,4,0.02
50,11,Water,Bentota,Swimming / Snorkeling,83,2,0.629
77,14,Walking,Colombo,Cultural / Temple Visit,147,5,1.652
30,10,Flight,Jaffna,Flight,268,3,171.026
43,6,Public Transport,Negombo,Sightseeing,122,4,1.057
32,6,Public Transport,Yala,Public Transport,153,5,1.542
68,7,Walking,Haputale,Vehicle Travel,168,4,5.079
44,3,Walking,Ella,Vehicle Travel,322,4,4.284
79,11,Flight,Dambulla,Flight,199,3,143.656
33,12,Public Transport,Arugam Bay,Public Transport,52,3,0.739
23,2,Walking,Bentota,Jogging,25,3,0.007
54,14,Cruise,Sigiriya,Cruise,291,5,128.41
59,12,Bicycle,Yala,Bicycle Ride,129,3,0.045
80,4,Private Vehicle,Kandy,Other,103,3,0.758
72,14,Train,Hikkaduwa,Vehicle Travel,225,4,32.778
73,1,Tuk-Tuk,Yala,Vehicle Travel,140,3,1.671
57,1,Walking,Hikkaduwa,Sightseeing,193,5,0.113
40,3,Water,Trincomalee,Surfing,163,3,0.382
45,6,Walking,Badulla,Walking,76,1,0.004
26,3,Boat,Kandy,Boat Ride,83,4,1.327
45,15,Private Vehicle,Arugam Bay,Private / Hired Vehicle,60,4,9.605
40,2,Boat,Trincomalee,Boat Ride,51,5,0.549
20,3,Flight,Nuwara Eliya,Flight,362,3,65.779
30,7,Walking,Hikkaduwa,Other,44,2,0.133
51,1,N/A,Anuradhapura,Meal,66,3,1.817
41,9,N/A,Dambulla,Meal,61,3,16.171
80,4,Walking,Haputale,Walking,119,4,0.006
48,18,N/A,Kalpitiya,Beach Leisure,315,3,5.15
78,8,Tuk-Tuk,Mirissa,Vehicle Travel,140,4,14.643
59,1,Jeep,Negombo,Wildlife Safari,190,5,4.063
20,1,Flight,Kalpitiya,Flight,146,3,7.927
30,1,N/A,Badulla,Meal,75,4,2.192
62,16,N/A,Negombo,Meal,64,3,31.684
52,8,Walking,Haputale,Sightseeing,87,5,0.44
37,4,Private Vehicle,Badulla,Sightseeing,148,3,1.049
50,2,Private Vehicle,Ella,Vehicle Travel,240,4,7.363
74,13,Jeep,Trincomalee,Wildlife Safari,377,3,92.792
42,2,Public Transport,Anuradhapura,Public Transport,27,1,0.059
20,9,Walking,Haputale,Walking,68,3,0.007
37,10,N/A,Negombo,Resting,71,2,0.329
76,3,Jeep,Kalpitiya,Wildlife Safari,213,5,15.979
65,5,Public Transport,Bentota,Airport Transfer,42,3,2.135
70,2,Private Vehicle,Polonnaruwa,Airport Transfer,74,5,1.586
75,4,Private Vehicle,Kandy,Vehicle Travel,195,3,9.934
25,17,N/A,Haputale,Meal,63,3,31.678
35,8,Walking,Nuwara Eliya,Vehicle Travel,133,3,4.023
21,12,Bicycle,Trincomalee,Bicycle Ride,47,2,0.012
18,6,Walking,Negombo,Walking,60,5,0.004
70,2,Walking,Negombo,Sightseeing,276,2,0.285
77,9,Train,Nuwara Eliya,Vehicle Travel,77,5,7.801
27,5,Water,Jaffna,Surfing,181,1,0.673
63,2,Walking,Trincomalee,Hiking,93,3,0.034
51,4,Walking,Dambulla,Walking,44,2,0.002
22,7,Private Vehicle,Bentota,Vehicle Travel,109,4,12.309
75,9,Flight,Dambulla,Flight,143,4,108.842
72,2,Public Transport,Mirissa,Shopping,210,5,2.016
53,13,Walking,Dambulla,Walking,83,3,0.01
62,4,Walking,Kalpitiya,Vehicle Travel,260,1,3.347
43,2,Public Transport,Yala,Cultural / Temple Visit,49,4,0.143
67,2,Public Bus,Yala,Vehicle Travel,89,4,2.159
46,11,Private Vehicle,Dambulla,Sightseeing,245,5,5.885
80,3,Private Vehicle,Dambulla,Sightseeing,169,3,0.931
21,5,Public Transport,Kalpitiya,Sightseeing,93,4,0.746
28,2,Cruise,Jaffna,Cruise,188,2,8.229
79,8,Private Vehicle,Mirissa,Airport Transfer,153,5,15.366
36,10,Public Transport,Kandy,Spa / Ayurveda,184,2,11.444
37,3,Public Bus,Arugam Bay,Vehicle Travel,252,5,7.417
67,16,Public Transport,Nuwara Eliya,Public Transport,44,2,0.808
29,1,Flight,Kalpitiya,Flight,180,4,12.707
50,1,Private Vehicle,Galle,Spa / Ayurveda,112,5,0.931
36,6,Cruise,Dambulla,Cruise,188,5,32.915
30,9,Cruise,Polonnaruwa,Cruise,491,3,112.776
78,2,Walking,Arugam Bay,Sightseeing,249,3,0.259
30,6,Public Transport,Hikkaduwa,Shopping,156,5,5.711
23,3,Private Vehicle,Jaffna,Spa / Ayurveda,165,4,3.199
60,6,Walking,Hikkaduwa,Walking,38,4,0.003
72,8,Private Vehicle,Hikkaduwa,Vehicle Travel,184,3,19.543
26,18,N/A,Sigiriya,Meal,45,3,23.772
62,4,Flight,Hikkaduwa,Flight,145,3,40.129
52,7,Private Vehicle,Haputale,Vehicle Travel,198,4,18.544
70,6,Bicycle,Bentota,Bicycle Ride,77,2,0.013
25,3,Walking,Bentota,Other,151,3,0.262
79,2,Boat,Sigiriya,Boat Ride,41,5,0.468
57,19,N/A,Haputale,Resting,107,4,1.119
71,2,Private Vehicle,Kalpitiya,Sightseeing,146,5,0.701
40,10,Public Bus,Bentota,Vehicle Travel,54,3,5.824
77,1,N/A,Haputale,Beach Leisure,280,3,0.221
57,11,N/A,Dambulla,Beach Leisure,183,4,2.012
25,2,N/A,Yala,Meal,60,3,3.664
76,17,Flight,Polonnaruwa,Flight,353,4,439.999
68,8,Boat,Haputale,Boat Ride,88,2,3.514
36,1,Walking,Kalpitiya,Shopping,86,4,0.124
52,8,Tuk-Tuk,Arugam Bay,Vehicle Travel,266,2,19.276
42,7,Walking,Nuwara Eliya,Vehicle Travel,76,4,2.391
52,3,Walking,Ella,Other,76,5,0.134
78,2,Bicycle,Polonnaruwa,Bicycle Ride,48,1,0.002
74,9,Walking,Negombo,Vehicle Travel,181,3,5.928
31,9,Train,Negombo,Vehicle Travel,84,3,6.995
79,3,Bicycle,Colombo,Vehicle Travel,73,4,1.999
45,13,Public Transport,Badulla,Sightseeing,89,1,1.406
62,2,Water,Galle,Swimming / Snorkeling,59,3,0.093
66,1,Jeep,Jaffna,Wildlife Safari,143,4,2.639
48,7,Walking,Haputale,Vehicle Travel,94,4,2.831
46,1,Public Transport,Nuwara Eliya,Public Transport,43,4,0.052
46,2,Walking,Trincomalee,Shopping,136,3,0.4
72,5,Public Bus,Polonnaruwa,Vehicle Travel,121,5,7.854
42,3,N/A,Sigiriya,Meal,53,1,4.152
35,2,N/A,Galle,Meal,60,2,3.389
40,9,Flight,Arugam Bay,Flight,145,4,98.15
30,6,Private Vehicle,Dambulla,Sightseeing,122,3,1.211
42,12,Private Vehicle,Jaffna,Private / Hired Vehicle,91,4,12.07
25,6,Private Vehicle,Yala,Sightseeing,185,3,1.677
23,5,Walking,Mirissa,Vehicle Travel,171,3,3.275
63,2,Public Transport,Kandy,Public Transport,64,4,0.173
22,10,Walking,Bentota,Walking,40,3,0.005
53,2,Flight,Kalpitiya,Flight,202,4,26.96
67,2,Walking,Anuradhapura,Walking,50,4,0.001
63,12,N/A,Badulla,Meal,60,2,19.487
46,9,Train,Trincomalee,Vehicle Travel,160,4,13.314
30,7,Private Vehicle,Haputale,Vehicle Travel,76,5,8.295
76,1,Private Vehicle,Mirissa,Shopping,98,5,0.582
70,1,Walking,Yala,Vehicle Travel,74,1,0.257
56,5,Private Vehicle,Haputale,Private / Hired Vehicle,138,4,7.27
23,9,Walking,Sigiriya,Hiking,247,5,0.437
20,5,Private Vehicle,Anuradhapura,Cultural / Temple Visit,59,4,0.568
37,1,Train,Negombo,Vehicle Travel,243,3,2.253
27,2,Public Transport,Kalpitiya,Sightseeing,168,2,0.47
72,6,Private Vehicle,Ella,Private / Hired Vehicle,73,4,5.186
30,8,N/A,Badulla,Resting,133,4,0.515
35,1,N/A,Yala,Beach Leisure,185,5,0.166
79,1,Flight,Bentota,Flight,168,5,13.775
69,2,Private Vehicle,Galle,Private / Hired Vehicle,109,3,2.149
31,1,N/A,Colombo,Resting,90,4,0.045
42,6,Cruise,Jaffna,Cruise,457,2,64.268
50,1,Private Vehicle,Mirissa,Sightseeing,126,2,0.184
59,7,N/A,Kandy,Meal,65,1,11.403
76,10,Water,Haputale,Swimming / Snorkeling,104,5,1.142
72,17,N/A,Trincomalee,Meal,53,2,27.639
79,16,Private Vehicle,Kandy,Spa / Ayurveda,97,3,10.803
20,2,Public Bus,Polonnaruwa,Vehicle Travel,179,3,3.889
32,1,Flight,Ella,Flight,165,3,11.582
53,3,Tuk-Tuk,Hikkaduwa,Vehicle Travel,281,4,12.016
21,9,Jeep,Hikkaduwa,Wildlife Safari,267,1,37.407
40,1,Private Vehicle,Polonnaruwa,Sightseeing,174,3,0.318
27,3,N/A,Polonnaruwa,Resting,93,3,0.146
76,3,Public Bus,Badulla,Vehicle Travel,115,5,4.238
21,2,Private Vehicle,Kandy,Private / Hired Vehicle,62,4,1.194
27,9,Public Transport,Anuradhapura,Public Transport,83,5,1.111
30,8,Cruise,Anuradhapura,Cruise,271,3,43.294
27,6,Bicycle,Anuradhapura,Vehicle Travel,77,2,3.604
53,14,Public Transport,Nuwara Eliya,Shopping,136,3,7.977
40,1,Private Vehicle,Nuwara Eliya,Vehicle Travel,98,5,1.431
75,1,Private Vehicle,Badulla,Vehicle Travel,155,2,2.09
34,4,Private Vehicle,Kalpitiya,Vehicle Travel,132,2,6.347
51,8,Bicycle,Hikkaduwa,Bicycle Ride,105,5,0.026
59,6,Walking,Jaffna,Jogging,29,5,0.026
57,1,Flight,Arugam Bay,Flight,126,2,6.804
68,16,Private Vehicle,Hikkaduwa,Shopping,232,4,17.997
30,3,Flight,Kalpitiya,Flight,145,3,30.066
49,3,N/A,Yala,Meal,73,3,6.36
68,7,Walking,Trincomalee,Vehicle Travel,43,3,1.107
72,16,Public Transport,Haputale,Cultural / Temple Visit,83,5,2.613
56,8,Private Vehicle,Haputale,Airport Transfer,103,2,7.011
59,16,Public Transport,Nuwara Eliya,Public Transport,149,4,2.925
72,2,Water,Nuwara Eliya,Swimming / Snorkeling,124,1,0.207
57,7,N/A,Nuwara Eliya,Meal,48,4,11.752
77,11,Flight,Colombo,Flight,332,4,273.392
26,5,N/A,Hikkaduwa,Meal,41,4,6.196
39,3,Bicycle,Yala,Vehicle Travel,250,5,6.976
25,19,Flight,Colombo,Flight,263,4,355.903
23,1,Public Transport,Nuwara Eliya,Public Transport,78,4,0.099
47,4,Bicycle,Trincomalee,Bicycle Ride,116,3,0.013
32,13,Private Vehicle,Polonnaruwa,Private / Hired Vehicle,65,5,8.693
43,14,Walking,Hikkaduwa,Walking,109,3,0.015
45,18,N/A,Trincomalee,Meal,64,3,35.288
57,13,Private Vehicle,Ella,Private / Hired Vehicle,47,4,6.137
77,1,Private Vehicle,Sigiriya,Other,88,3,0.171
71,15,N/A,Dambulla,Meal,69,4,38.858
41,4,Private Vehicle,Dambulla,Vehicle Travel,200,3,10.066
38,7,Private Vehicle,Kalpitiya,Spa / Ayurveda,119,3,5.758
66,4,Private Vehicle,Trincomalee,Sightseeing,169,5,1.435
25,11,Private Vehicle,Sigiriya,Airport Transfer,40,5,4.805
52,6,Private Vehicle,Trincomalee,Vehicle Travel,222,3,18.794
44,12,N/A,Kalpitiya,Meal,74,5,29.586
29,2,Flight,Ella,Flight,102,3,13.457
56,2,Flight,Polonnaruwa,Flight,140,3,17.341
38,4,Flight,Badulla,Flight,283,5,80.15
29,1,Private Vehicle,Polonnaruwa,Shopping,133,4,0.79
59,8,N/A,Hikkaduwa,Meal,46,4,12.876
28,3,Public Transport,Yala,Public Transport,60,3,0.193
60,6,Walking,Kalpitiya,Walking,69,3,0.004
28,1,Walking,Ella,Walking,60,2,0.001
45,2,Water,Dambulla,Swimming / Snorkeling,132,5,0.279
68,7,Public Transport,Yala,Shopping,186,3,5.668
32,3,Public Transport,Trincomalee,Public Transport,35,3,0.136
66,2,Walking,Arugam Bay,Hiking,86,2,0.024
63,2,Walking,Colombo,Jogging,22,4,0.006
74,2,N/A,Badulla,Resting,180,3,0.192
28,7,Private Vehicle,Hikkaduwa,Spa / Ayurveda,139,4,6.001
63,1,Private Vehicle,Mirissa,Vehicle Travel,135,4,1.82
77,3,Ferry,Galle,Ferry,81,2,1.123
66,8,Walking,Dambulla,Hiking,174,1,0.189
29,5,Walking,Badulla,Walking,41,2,0.002
69,6,Train,Polonnaruwa,Vehicle Travel,231,4,14.371
24,2,N/A,Nuwara Eliya,Resting,187,5,0.214
55,15,Private Vehicle,Ella,Shopping,150,3,11.346
49,4,Water,Anuradhapura,Swimming / Snorkeling,38,4,0.15
51,3,Private Vehicle,Colombo,Sightseeing,233,3,0.984
50,14,Public Bus,Jaffna,Vehicle Travel,188,5,33.845
19,8,Public Bus,Arugam Bay,Vehicle Travel,84,5,6.724
50,7,Public Bus,Trincomalee,Vehicle Travel,75,4,5.894
77,13,Walking,Badulla,Cultural / Temple Visit,108,2,0.753
45,1,Private Vehicle,Hikkaduwa,Vehicle Travel,147,3,1.901
35,12,Cruise,Yala,Cruise,319,5,103.36
80,8,Private Vehicle,Dambulla,Sightseeing,105,3,1.557
24,3,Flight,Anuradhapura,Flight,382,4,72.12
48,2,Private Vehicle,Dambulla,Vehicle Travel,135,5,4.645
50,1,N/A,Haputale,Resting,91,4,0.055
48,15,Bicycle,Haputale,Bicycle Ride,43,4,0.017
76,1,Walking,Trincomalee,Vehicle Travel,260,4,1.275
44,2,Public Transport,Arugam Bay,Public Transport,82,5,0.234
79,8,Walking,Anuradhapura,Walking,54,3,0.004
22,9,Private Vehicle,Trincomalee,Other,193,5,3.862
64,1,Walking,Haputale,Vehicle Travel,110,3,0.489
55,11,N/A,Kalpitiya,Meal,74,4,26.225
33,5,Cruise,Mirissa,Cruise,200,5,29.243
32,12,Flight,Sigiriya,Flight,177,4,144.413
63,1,Private Vehicle,Anuradhapura,Vehicle Travel,102,3,1.395
58,1,Private Vehicle,Nuwara Eliya,Vehicle Travel,237,1,2.773
56,7,Bicycle,Ella,Bicycle Ride,85,5,0.02
21,1,Private Vehicle,Colombo,Shopping,135,4,0.633
55,5,Private Vehicle,Dambulla,Vehicle Travel,286,3,17.641
79,1,Public Transport,Negombo,Sightseeing,56,5,0.113
19,10,Tuk-Tuk,Ella,Vehicle Travel,177,5,22.707
47,14,Public Bus,Hikkaduwa,Vehicle Travel,160,5,28.474
49,12,Cruise,Ella,Cruise,311,4,91.072
74,16,Public Transport,Sigiriya,Spa / Ayurveda,125,5,15.713
35,14,Public Bus,Sigiriya,Vehicle Travel,202,5,34.259
47,4,Bicycle,Galle,Bicycle Ride,25,2,0.003
63,4,Public Transport,Negombo,Sightseeing,176,5,1.325
21,13,Flight,Colombo,Flight,208,4,163.351
68,15,Water,Yala,Surfing,159,5,3.018
69,18,Private Vehicle,Arugam Bay,Vehicle Travel,220,4,51.548
63,10,Walking,Jaffna,Hiking,103,4,0.215
58,2,Train,Ella,Vehicle Travel,193,3,2.893
65,16,Private Vehicle,Arugam Bay,Private / Hired Vehicle,86,1,11.427
67,16,N/A,Dambulla,Beach Leisure,234,3,2.946
74,8,Private Vehicle,Anuradhapura,Medical / Hospital Visit,51,4,4.553
44,12,Walking,Badulla,Sightseeing,73,5,0.5
46,6,Walking,Yala,Jogging,47,1,0.028
58,16,Public Transport,Dambulla,Shopping,140,2,9.486
30,1,Bicycle,Galle,Bicycle Ride,121,4,0.004
71,12,Walking,Kalpitiya,Hiking,201,3,0.426
66,1,Flight,Arugam Bay,Flight,203,2,12.447
57,3,Walking,Badulla,Walking,101,2,0.003
37,1,Private Vehicle,Negombo,Spa / Ayurveda,148,4,1.135
39,5,Walking,Negombo,Jogging,19,4,0.013
45,2,Private Vehicle,Galle,Private / Hired Vehicle,74,5,1.699
59,16,Private Vehicle,Jaffna,Shopping,33,3,2.735
67,6,Boat,Negombo,Boat Ride,50,2,1.399
60,14,N/A,Polonnaruwa,Other,64,4,1.787
76,2,Walking,Anuradhapura,Other,187,5,0.277
78,1,Private Vehicle,Jaffna,Other,45,3,0.077
62,10,Public Transport,Ella,Sightseeing,164,5,2.833
41,9,Water,Yala,Swimming / Snorkeling,67,4,0.555
55,6,Private Vehicle,Arugam Bay,Cultural / Temple Visit,74,5,0.924
44,11,Private Vehicle,Colombo,Medical / Hospital Visit,78,3,7.781
57,12,Private Vehicle,Haputale,Private / Hired Vehicle,60,2,5.993
69,6,Walking,Mirissa,Sightseeing,49,2,0.164
41,17,Private Vehicle,Ella,Spa / Ayurveda,134,4,16.521
49,9,Public Bus,Kalpitiya,Vehicle Travel,214,5,26.174
20,8,Public Transport,Hikkaduwa,Public Transport,61,3,0.665
64,3,Private Vehicle,Hikkaduwa,Private / Hired Vehicle,122,1,3.265
48,1,Ferry,Haputale,Ferry,164,1,0.71
46,2,N/A,Yala,Meal,72,4,5.07
51,10,Tuk-Tuk,Anuradhapura,Vehicle Travel,126,5,17.252
31,9,Private Vehicle,Mirissa,Vehicle Travel,171,3,19.446
55,3,Train,Kalpitiya,Vehicle Travel,330,4,9.283
64,7,N/A,Polonnaruwa,Beach Leisure,336,4,2.17
40,2,Public Transport,Dambulla,Shopping,88,5,0.944
26,2,Private Vehicle,Dambulla,Private / Hired Vehicle,213,5,4.801
42,16,Bicycle,Colombo,Vehicle Travel,246,2,29.124
30,4,N/A,Arugam Bay,Resting,144,4,0.32
41,2,Water,Anuradhapura,Surfing,86,5,0.173
57,5,Private Vehicle,Anuradhapura,Vehicle Travel,146,5,12.356
25,4,Walking,Kalpitiya,Vehicle Travel,204,4,3.168
65,9,Private Vehicle,Anuradhapura,Vehicle Travel,139,2,15.903
32,16,Cruise,Polonnaruwa,Cruise,140,4,62.649
74,6,Private Vehicle,Haputale,Spa / Ayurveda,187,4,9.373
64,6,Public Transport,Arugam Bay,Shopping,90,3,2.422
35,3,Flight,Ella,Flight,134,5,25.986
53,6,Bicycle,Hikkaduwa,Bicycle Ride,74,3,0.011
24,3,Jeep,Kalpitiya,Wildlife Safari,414,5,28.364
24,1,Private Vehicle,Yala,Vehicle Travel,73,3,0.885
78,12,Train,Ella,Vehicle Travel,98,1,9.4
68,4,Water,Trincomalee,Surfing,167,4,0.662
27,5,Public Bus,Badulla,Vehicle Travel,152,4,8.559
35,1,Private Vehicle,Trincomalee,Spa / Ayurveda,161,5,1.241
30,12,N/A,Yala,Meal,65,4,26.163
42,2,N/A,Yala,Meal,66,2,3.775
36,4,Public Transport,Negombo,Sightseeing,106,5,0.633
38,12,Train,Bentota,Vehicle Travel,107,4,9.803
51,4,Private Vehicle,Negombo,Sightseeing,188,3,1.238
29,15,Public Transport,Badulla,Sightseeing,124,5,2.903
73,2,Public Transport,Dambulla,Public Transport,99,2,0.235
63,9,Walking,Haputale,Walking,110,2,0.01
65,18,Private Vehicle,Dambulla,Vehicle Travel,234,4,63.062
28,6,Private Vehicle,Polonnaruwa,Private / Hired Vehicle,107,4,6.724
62,8,Public Transport,Colombo,Sightseeing,67,4,0.81
70,4,Private Vehicle,Anuradhapura,Sightseeing,82,5,0.693
29,10,Train,Sigiriya,Vehicle Travel,154,3,12.75
65,14,Public Transport,Kalpitiya,Cultural / Temple Visit,102,5,2.811
40,9,Bicycle,Nuwara Eliya,Bicycle Ride,74,1,0.014
67,15,Public Bus,Badulla,Vehicle Travel,155,2,25.595
48,6,Private Vehicle,Hikkaduwa,Shopping,116,2,3.747
68,6,Private Vehicle,Galle,Private / Hired Vehicle,149,1,7.345
27,3,Cruise,Hikkaduwa,Cruise,192,3,12.778
42,9,Public Bus,Bentota,Vehicle Travel,126,5,12.915
35,13,Private Vehicle,Sigiriya,Vehicle Travel,276,5,57.246
33,7,Public Transport,Badulla,Shopping,142,4,4.61
37,2,Cruise,Dambulla,Cruise,295,1,11.042
42,6,Private Vehicle,Dambulla,Airport Transfer,58,5,4.229
26,10,Private Vehicle,Bentota,Cultural / Temple Visit,151,3,2.701
62,15,Private Vehicle,Hikkaduwa,Airport Transfer,122,4,17.973
52,1,Private Vehicle,Bentota,Shopping,122,4,0.714
70,1,Cruise,Mirissa,Cruise,347,2,8.601
62,4,Walking,Anuradhapura,Jogging,32,4,0.021
27,1,Private Vehicle,Mirissa,Private / Hired Vehicle,115,5,1.269
22,18,Private Vehicle,Negombo,Vehicle Travel,153,3,34.081
44,4,N/A,Bentota,Meal,49,4,6.644
48,6,Private Vehicle,Colombo,Sightseeing,160,5,2.206
33,2,Walking,Kandy,Walking,18,3,0.0
67,4,Flight,Haputale,Flight,108,3,28.954
54,19,Public Transport,Badulla,Sightseeing,266,3,7.098
65,5,Public Bus,Hikkaduwa,Vehicle Travel,62,5,3.866
24,1,N/A,Galle,Meal,75,3,2.131
69,2,Public Transport,Jaffna,Shopping,170,3,1.63
30,18,Flight,Yala,Flight,121,3,139.602
46,19,Public Bus,Nuwara Eliya,Vehicle Travel,86,5,19.058
45,2,Walking,Anuradhapura,Sightseeing,192,5,0.255
69,7,Public Transport,Dambulla,Airport Transfer,42,4,2.655
35,1,Public Bus,Badulla,Vehicle Travel,257,5,3.066
33,6,Private Vehicle,Kalpitiya,Airport Transfer,135,4,8.669
39,1,Walking,Nuwara Eliya,Vehicle Travel,134,5,0.655
40,11,Water,Trincomalee,Surfing,167,2,1.509
29,15,Private Vehicle,Trincomalee,Private / Hired Vehicle,103,3,16.283
29,2,Public Transport,Sigiriya,Cultural / Temple Visit,105,5,0.309
32,5,Flight,Yala,Flight,168,3,55.99
47,1,Train,Anuradhapura,Vehicle Travel,200,3,1.632
39,3,Jeep,Kandy,Wildlife Safari,424,4,22.536
42,1,Water,Yala,Surfing,139,4,0.129
63,2,Ferry,Anuradhapura,Ferry,107,3,1.064
33,19,Private Vehicle,Bentota,Vehicle Travel,63,3,13.743
75,1,Cruise,Mirissa,Cruise,123,3,2.76
65,12,Walking,Negombo,Cultural / Temple Visit,140,2,0.716
29,1,Boat,Colombo,Boat Ride,79,3,0.342
37,5,N/A,Bentota,Resting,68,4,0.19
29,4,N/A,Colombo,Meal,56,4,7.426
35,15,Walking,Polonnaruwa,Vehicle Travel,81,3,4.933
41,2,Walking,Haputale,Hiking,164,3,0.053
26,2,Public Transport,Arugam Bay,Shopping,116,4,1.171
18,10,Walking,Haputale,Vehicle Travel,231,2,7.501
45,9,Flight,Mirissa,Flight,348,3,215.267
62,8,Private Vehicle,Kalpitiya,Private / Hired Vehicle,214,2,16.195
37,1,Walking,Haputale,Vehicle Travel,156,4,0.574
72,2,Water,Jaffna,Surfing,82,2,0.151
41,12,Water,Yala,Surfing,122,3,1.148
74,7,Ferry,Negombo,Ferry,87,4,3.132
32,7,Bicycle,Ella,Bicycle Ride,148,5,0.036
51,3,Flight,Sigiriya,Flight,247,4,53.08
66,2,Tuk-Tuk,Trincomalee,Vehicle Travel,184,5,4.871
21,16,Bicycle,Nuwara Eliya,Vehicle Travel,172,4,21.525
76,9,Private Vehicle,Arugam Bay,Cultural / Temple Visit,75,3,1.321
40,1,Cruise,Kalpitiya,Cruise,272,3,5.787
49,15,Water,Dambulla,Surfing,97,1,1.048
57,6,Walking,Kalpitiya,Shopping,60,3,0.558
58,3,Walking,Kalpitiya,Other,51,2,0.093
19,4,Walking,Bentota,Other,40,3,0.071
72,9,Private Vehicle,Negombo,Private / Hired Vehicle,146,4,12.627
57,4,Public Transport,Anuradhapura,Shopping,102,4,1.902
80,6,Walking,Badulla,Hiking,111,3,0.103
47,9,Water,Ella,Swimming / Snorkeling,46,4,0.39
56,2,Private Vehicle,Sigiriya,Private / Hired Vehicle,151,2,2.639
45,16,Private Vehicle,Haputale,Vehicle Travel,23,4,5.459
74,3,Train,Nuwara Eliya,Vehicle Travel,74,4,2.298
70,4,N/A,Mirissa,Other,156,3,1.028
75,8,Public Transport,Sigiriya,Cultural / Temple Visit,113,3,1.358
49,7,Private Vehicle,Sigiriya,Vehicle Travel,62,5,6.595
67,4,Walking,Hikkaduwa,Hiking,221,4,0.17
40,7,Walking,Dambulla,Jogging,46,4,0.048
47,14,Private Vehicle,Nuwara Eliya,Vehicle Travel,86,1,13.718
65,11,Private Vehicle,Badulla,Medical / Hospital Visit,50,2,4.35
23,11,Private Vehicle,Kandy,Vehicle Travel,248,3,34.63
62,2,Private Vehicle,Galle,Vehicle Travel,108,5,3.123
18,4,Private Vehicle,Badulla,Shopping,62,2,1.24
54,6,Train,Kandy,Vehicle Travel,69,3,4.088
48,1,Walking,Bentota,Shopping,121,5,0.189
47,10,Walking,Galle,Vehicle Travel,46,3,1.738
49,3,Train,Nuwara Eliya,Vehicle Travel,163,3,4.328
48,3,N/A,Kandy,Resting,146,4,0.265
43,2,N/A,Anuradhapura,Meal,38,3,2.118
46,3,Bicycle,Sigiriya,Bicycle Ride,78,5,0.007
53,3,Tuk-Tuk,Ella,Vehicle Travel,210,2,7.005
66,7,Train,Negombo,Vehicle Travel,121,4,9.001
52,6,Walking,Colombo,Sightseeing,40,3,0.126
58,2,Flight,Arugam Bay,Flight,241,5,40.801
70,2,Cruise,Bentota,Cruise,387,5,24.863
80,11,Public Transport,Hikkaduwa,Public Transport,85,5,1.353
24,1,Public Bus,Bentota,Vehicle Travel,139,5,1.685
62,5,Jeep,Arugam Bay,Wildlife Safari,115,4,11.153
32,5,N/A,Polonnaruwa,Meal,73,2,9.354
30,6,Public Transport,Galle,Sightseeing,95,1,0.65
67,13,N/A,Yala,Resting,128,3,0.783
22,7,Private Vehicle,Jaffna,Vehicle Travel,64,3,6.077
71,18,Private Vehicle,Negombo,Spa / Ayurveda,132,3,19.956
66,13,Public Transport,Trincomalee,Sightseeing,103,4,2.1
80,2,Walking,Negombo,Vehicle Travel,62,4,0.578
60,2,Tuk-Tuk,Dambulla,Vehicle Travel,123,5,3.867
72,3,N/A,Dambulla,Beach Leisure,255,3,0.622
25,4,N/A,Mirissa,Beach Leisure,333,4,1.257
74,6,N/A,Haputale,Meal,62,4,14.055
28,2,Private Vehicle,Colombo,Private / Hired Vehicle,125,5,2.743
37,2,Bicycle,Arugam Bay,Bicycle Ride,121,4,0.007
26,4,Private Vehicle,Polonnaruwa,Vehicle Travel,212,3,11.679
43,8,Walking,Galle,Walking,112,1,0.007
65,8,N/A,Polonnaruwa,Meal,58,5,16.504
34,18,Bicycle,Colombo,Vehicle Travel,103,4,14.959
69,2,N/A,Dambulla,Meal,42,5,3.614
56,4,Water,Ella,Surfing,178,4,0.725
57,17,Tuk-Tuk,Hikkaduwa,Vehicle Travel,170,4,38.671
77,8,Walking,Polonnaruwa,Hiking,227,4,0.34
45,6,Public Transport,Polonnaruwa,Public Transport,40,5,0.309
39,6,Public Bus,Jaffna,Vehicle Travel,73,5,5.591
80,1,Private Vehicle,Haputale,Vehicle Travel,44,3,0.576
53,13,Private Vehicle,Galle,Medical / Hospital Visit,54,1,5.094
56,7,Bicycle,Nuwara Eliya,Vehicle Travel,279,1,12.647
36,6,Public Bus,Galle,Vehicle Travel,121,3,7.779
31,6,Private Vehicle,Negombo,Vehicle Travel,61,5,6.362
28,4,Public Transport,Kalpitiya,Public Transport,45,5,0.232
32,2,Bicycle,Haputale,Bicycle Ride,65,3,0.004
30,10,Private Vehicle,Trincomalee,Vehicle Travel,185,3,22.746
65,5,N/A,Galle,Meal,51,4,9.138
21,1,Bicycle,Ella,Vehicle Travel,48,5,0.449
57,4,Walking,Mirissa,Sightseeing,116,4,0.256
77,15,Train,Kalpitiya,Vehicle Travel,154,2,19.742
66,4,N/A,Badulla,Resting,53,3,0.112
43,4,N/A,Negombo,Meal,79,4,10.533
21,7,Walking,Kalpitiya,Walking,85,4,0.007
70,11,Cruise,Arugam Bay,Cruise,359,5,149.627
18,8,Private Vehicle,Ella,Vehicle Travel,102,5,12.967
60,12,Private Vehicle,Arugam Bay,Vehicle Travel,305,2,40.897
60,1,Private Vehicle,Kandy,Private / Hired Vehicle,40,3,0.427
30,14,Public Transport,Hikkaduwa,Shopping,162,3,10.187
64,14,Walking,Bentota,Shopping,70,3,1.549
29,5,Ferry,Bentota,Ferry,179,3,3.893
32,7,Public Transport,Colombo,Public Transport,129,1,0.859
69,2,N/A,Badulla,Resting,112,1,0.112
79,4,Walking,Yala,Vehicle Travel,197,5,4.074
34,2,Private Vehicle,Dambulla,Sightseeing,158,2,0.559
76,1,Private Vehicle,Trincomalee,Sightseeing,205,5,0.502
75,18,Train,Mirissa,Vehicle Travel,314,3,54.242
66,2,Walking,Arugam Bay,Vehicle Travel,297,3,1.827
26,6,Flight,Hikkaduwa,Flight,409,2,135.178
36,3,Flight,Ella,Flight,121,1,16.948
60,3,N/A,Badulla,Meal,66,3,6.71
80,4,N/A,Yala,Meal,69,5,11.084
69,3,Walking,Colombo,Vehicle Travel,275,5,3.958
44,7,Private Vehicle,Badulla,Airport Transfer,77,1,4.136
32,16,Private Vehicle,Colombo,Airport Transfer,59,1,8.06
78,4,N/A,Arugam Bay,Meal,70,2,7.784
35,18,Private Vehicle,Dambulla,Vehicle Travel,203,4,45.057
39,8,Walking,Anuradhapura,Sightseeing,130,2,0.448
78,7,Flight,Nuwara Eliya,Flight,72,3,34.465
53,2,Private Vehicle,Nuwara Eliya,Vehicle Travel,259,5,7.647
34,1,Walking,Hikkaduwa,Jogging,31,5,0.005
18,12,Private Vehicle,Jaffna,Vehicle Travel,243,4,39.995
45,6,Train,Trincomalee,Vehicle Travel,115,2,5.191
80,4,Private Vehicle,Trincomalee,Sightseeing,150,3,1.077
45,11,N/A,Bentota,Meal,63,3,18.88
62,3,Flight,Haputale,Flight,97,4,20.806
33,10,Tuk-Tuk,Nuwara Eliya,Vehicle Travel,28,4,3.752
66,3,Water,Polonnaruwa,Swimming / Snorkeling,142,2,0.356
66,14,Public Transport,Dambulla,Public Transport,103,5,2.017
56,2,Public Transport,Colombo,Public Transport,45,3,0.111
66,1,Public Transport,Ella,Sightseeing,143,4,0.23
54,8,Water,Jaffna,Swimming / Snorkeling,78,1,0.481
41,1,Flight,Ella,Flight,126,3,8.14
64,16,Private Vehicle,Kalpitiya,Private / Hired Vehicle,165,1,20.046
70,8,N/A,Yala,Beach Leisure,284,4,2.006
70,2,N/A,Polonnaruwa,Resting,55,1,0.049
31,2,Public Bus,Galle,Vehicle Travel,316,3,6.495
60,14,Cruise,Colombo,Cruise,475,4,204.533
18,7,Public Transport,Mirissa,Public Transport,156,4,1.245
54,13,Public Bus,Polonnaruwa,Vehicle Travel,102,4,13.851
53,1,Walking,Badulla,Cultural / Temple Visit,65,4,0.04
40,15,Walking,Dambulla,Walking,94,4,0.016
80,5,Ferry,Negombo,Ferry,133,4,3.728
73,8,Cruise,Kandy,Cruise,247,3,52.362
20,3,N/A,Mirissa,Meal,50,1,4.043
31,1,Tuk-Tuk,Negombo,Vehicle Travel,174,3,2.106
31,16,Public Bus,Anuradhapura,Vehicle Travel,116,1,14.798
74,20,Public Transport,Badulla,Cultural / Temple Visit,98,3,3.109
50,3,Cruise,Badulla,Cruise,486,3,38.263
63,15,Private Vehicle,Kalpitiya,Private / Hired Vehicle,101,2,13.66
69,1,Water,Kalpitiya,Surfing,105,4,0.106
66,1,Private Vehicle,Jaffna,Airport Transfer,123,4,1.26
23,1,Boat,Polonnaruwa,Boat Ride,137,4,0.615
26,4,Private Vehicle,Kandy,Private / Hired Vehicle,153,5,7.097
42,1,Flight,Nuwara Eliya,Flight,116,3,7.843
39,4,Public Transport,Hikkaduwa,Public Transport,103,3,0.501
65,1,Private Vehicle,Galle,Sightseeing,159,2,0.239
27,9,Water,Polonnaruwa,Surfing,87,4,0.796
41,12,Public Transport,Ella,Airport Transfer,133,2,12.561
32,8,Walking,Bentota,Other,78,5,0.417
29,2,Walking,Sigiriya,Other,85,3,0.079
28,10,Private Vehicle,Trincomalee,Airport Transfer,78,3,7.664
30,2,N/A,Kandy,Meal,71,4,4.742
53,10,Public Bus,Polonnaruwa,Vehicle Travel,204,3,18.906
43,6,Private Vehicle,Kalpitiya,Vehicle Travel,53,4,4.575
45,3,Walking,Negombo,Jogging,28,4,0.011
48,1,Private Vehicle,Ella,Vehicle Travel,159,4,2.235
64,11,N/A,Sigiriya,Meal,49,4,21.472
72,15,Private Vehicle,Nuwara Eliya,Airport Transfer,106,3,16.097
51,8,N/A,Mirissa,Meal,54,3,12.767
58,17,Private Vehicle,Kalpitiya,Medical / Hospital Visit,45,4,6.502
64,15,Private Vehicle,Kalpitiya,Spa / Ayurveda,152,3,16.539
61,2,Private Vehicle,Badulla,Medical / Hospital Visit,61,3,1.062
26,9,Private Vehicle,Hikkaduwa,Shopping,118,2,4.26
79,3,Train,Nuwara Eliya,Vehicle Travel,238,4,6.795
28,5,N/A,Anuradhapura,Beach Leisure,224,1,0.854
43,1,Private Vehicle,Sigiriya,Vehicle Travel,66,5,1.122
59,18,Private Vehicle,Kandy,Other,51,2,1.54
43,9,Bicycle,Polonnaruwa,Vehicle Travel,132,3,9.735
33,2,Water,Jaffna,Surfing,126,3,0.212
76,3,N/A,Badulla,Meal,66,3,5.82
22,4,N/A,Polonnaruwa,Meal,40,3,5.435
33,9,Walking,Mirissa,Other,48,4,0.212
80,15,Public Transport,Colombo,Public Transport,128,2,2.342
63,3,Ferry,Yala,Ferry,165,3,2.355
23,5,N/A,Arugam Bay,Meal,51,2,6.886
65,6,Flight,Hikkaduwa,Flight,314,3,139.941
79,4,N/A,Jaffna,Beach Leisure,293,5,1.308
24,5,N/A,Dambulla,Meal,51,3,7.181
44,1,Private Vehicle,Colombo,Shopping,157,4,0.845
47,1,Walking,Galle,Vehicle Travel,94,3,0.375
26,4,Tuk-Tuk,Badulla,Vehicle Travel,107,3,4.432
30,14,Walking,Yala,Cultural / Temple Visit,106,5,0.917
28,3,Public Bus,Polonnaruwa,Vehicle Travel,76,1,1.908
29,2,Flight,Kalpitiya,Flight,350,5,49.818
43,9,Flight,Galle,Flight,237,3,119.451
47,16,Private Vehicle,Negombo,Airport Transfer,95,3,14.384
32,5,Cruise,Ella,Cruise,249,5,34.508
36,1,Walking,Ella,Walking,62,3,0.001
30,8,Flight,Nuwara Eliya,Flight,149,5,74.858
68,4,Public Bus,Dambulla,Vehicle Travel,100,5,4.989
31,8,Boat,Kandy,Boat Ride,161,3,6.084
75,2,N/A,Hikkaduwa,Meal,71,3,3.851
51,1,Flight,Anuradhapura,Flight,183,5,16.471
68,3,Ferry,Sigiriya,Ferry,114,2,1.693
58,9,N/A,Nuwara Eliya,Beach Leisure,189,4,1.621
34,4,Tuk-Tuk,Bentota,Vehicle Travel,43,2,1.845
55,2,Walking,Bentota,Hiking,177,2,0.049
35,5,Train,Bentota,Vehicle Travel,205,4,10.927
25,10,Walking,Trincomalee,Jogging,34,4,0.048
34,1,Public Bus,Badulla,Vehicle Travel,65,4,0.715
35,8,N/A,Arugam Bay,Meal,39,4,10.71
26,8,Public Transport,Ella,Airport Transfer,28,3,1.809
19,3,Tuk-Tuk,Mirissa,Vehicle Travel,228,3,7.244
77,17,Private Vehicle,Polonnaruwa,Vehicle Travel,201,3,45.953
50,13,Tuk-Tuk,Jaffna,Vehicle Travel,79,3,12.378
43,3,Private Vehicle,Trincomalee,Private / Hired Vehicle,110,3,3.104
76,1,Private Vehicle,Hikkaduwa,Vehicle Travel,136,4,1.798
32,3,Flight,Kalpitiya,Flight,192,2,37.825
43,2,Private Vehicle,Kandy,Medical / Hospital Visit,64,1,0.938
71,6,Private Vehicle,Badulla,Other,110,4,1.263
57,14,Public Transport,Kalpitiya,Shopping,132,1,7.368
43,13,Cruise,Badulla,Cruise,327,5,118.479
34,3,N/A,Arugam Bay,Meal,61,3,4.643
20,4,Private Vehicle,Kalpitiya,Shopping,144,1,2.459
23,1,Private Vehicle,Kandy,Vehicle Travel,96,5,1.534
28,6,Tuk-Tuk,Yala,Vehicle Travel,103,4,7.445
67,1,Walking,Kalpitiya,Cultural / Temple Visit,122,5,0.078
58,15,Private Vehicle,Sigiriya,Private / Hired Vehicle,122,3,17.371
45,12,Flight,Dambulla,Flight,314,3,236.995
67,2,Train,Bentota,Vehicle Travel,102,4,2.102
28,8,Walking,Jaffna,Walking,43,3,0.004
31,6,Tuk-Tuk,Hikkaduwa,Vehicle Travel,164,4,12.823
42,11,Cruise,Kalpitiya,Cruise,277,3,83.99
75,5,Public Bus,Bentota,Vehicle Travel,154,3,9.42
56,2,N/A,Dambulla,Meal,75,2,3.995
71,7,Tuk-Tuk,Yala,Vehicle Travel,170,4,15.416
33,1,N/A,Anuradhapura,Beach Leisure,141,3,0.125
71,6,Public Transport,Kandy,Cultural / Temple Visit,44,5,0.421
22,2,Ferry,Kandy,Ferry,207,3,2.014
32,8,Private Vehicle,Dambulla,Private / Hired Vehicle,98,3,6.727
50,11,N/A,Galle,Meal,71,3,23.135
21,1,Private Vehicle,Galle,Spa / Ayurveda,107,4,0.789
72,4,Private Vehicle,Ella,Other,39,5,0.294
72,9,Public Transport,Bentota,Shopping,198,3,9.745
52,1,Public Transport,Ella,Sightseeing,142,3,0.2
37,6,Tuk-Tuk,Jaffna,Vehicle Travel,94,4,7.767
24,8,Boat,Polonnaruwa,Boat Ride,96,2,2.805
56,3,Public Bus,Trincomalee,Vehicle Travel,209,4,6.774
51,12,Bicycle,Hikkaduwa,Vehicle Travel,184,4,19.859
65,5,Public Transport,Kalpitiya,Public Transport,93,3,0.55
55,7,Boat,Kalpitiya,Boat Ride,38,4,1.429
26,1,Bicycle,Hikkaduwa,Vehicle Travel,170,4,1.463
25,1,Private Vehicle,Kandy,Private / Hired Vehicle,91,2,0.742
67,1,Bicycle,Dambulla,Vehicle Travel,171,3,1.487
28,14,Public Transport,Dambulla,Spa / Ayurveda,117,3,9.737
77,13,N/A,Bentota,Resting,91,4,0.626
24,11,N/A,Ella,Meal,72,4,25.326
63,2,Public Bus,Galle,Vehicle Travel,188,3,4.147
79,5,Flight,Sigiriya,Flight,189,3,63.282
45,11,Walking,Negombo,Vehicle Travel,124,1,4.419
21,8,Walking,Haputale,Walking,75,1,0.005
73,1,Tuk-Tuk,Ella,Vehicle Travel,263,3,2.748
29,13,Public Bus,Yala,Vehicle Travel,276,2,33.294
51,1,Walking,Polonnaruwa,Walking,90,2,0.001
80,2,N/A,Kandy,Meal,83,4,6.083
64,14,Tuk-Tuk,Haputale,Vehicle Travel,164,4,28.497
20,5,Tuk-Tuk,Colombo,Vehicle Travel,242,1,13.27
69,3,Walking,Sigiriya,Vehicle Travel,187,4,2.338
28,6,Private Vehicle,Colombo,Spa / Ayurveda,209,2,7.246
65,19,Public Transport,Dambulla,Airport Transfer,114,3,19.691
57,1,Public Bus,Yala,Vehicle Travel,262,5,3.469
36,10,Jeep,Yala,Wildlife Safari,181,4,32.972
44,3,Public Transport,Trincomalee,Sightseeing,187,1,0.676
25,1,Public Bus,Sigiriya,Vehicle Travel,88,3,0.848
80,4,Flight,Dambulla,Flight,102,4,31.438
33,6,Public Bus,Yala,Vehicle Travel,233,3,13.238
37,2,Private Vehicle,Dambulla,Shopping,46,5,0.645
49,4,Private Vehicle,Mirissa,Vehicle Travel,232,3,12.052
60,7,Private Vehicle,Hikkaduwa,Spa / Ayurveda,171,1,6.981
49,6,Cruise,Badulla,Cruise,272,4,41.633
49,9,N/A,Trincomalee,Meal,64,4,16.936
54,12,Public Bus,Bentota,Vehicle Travel,67,3,8.744
72,4,Cruise,Negombo,Cruise,147,5,16.839
42,4,N/A,Negombo,Meal,67,5,9.433
70,5,N/A,Arugam Bay,Beach Leisure,319,2,1.626
67,6,Private Vehicle,Bentota,Sightseeing,252,1,1.95
78,1,N/A,Haputale,Resting,49,3,0.026
75,3,Public Bus,Sigiriya,Vehicle Travel,298,4,9.363
68,2,N/A,Kandy,Beach Leisure,160,4,0.299
33,4,Private Vehicle,Mirissa,Medical / Hospital Visit,80,3,2.636
66,18,Public Transport,Kandy,Public Transport,75,5,1.776
64,6,Flight,Dambulla,Flight,267,3,108.305
36,4,Private Vehicle,Polonnaruwa,Spa / Ayurveda,110,5,4.007
60,6,N/A,Negombo,Beach Leisure,140,5,0.921
33,8,Bicycle,Nuwara Eliya,Bicycle Ride,97,2,0.02
50,4,Walking,Haputale,Shopping,89,3,0.621
68,4,Public Transport,Kandy,Public Transport,123,2,0.592
29,9,N/A,Galle,Meal,60,5,15.371
39,1,Private Vehicle,Bentota,Vehicle Travel,44,3,0.557
68,6,Private Vehicle,Trincomalee,Medical / Hospital Visit,67,5,3.485
46,6,Private Vehicle,Negombo,Private / Hired Vehicle,202,3,10.698
78,10,Walking,Sigiriya,Vehicle Travel,66,3,2.342
18,19,Public Transport,Haputale,Sightseeing,79,5,2.651
63,11,Walking,Polonnaruwa,Sightseeing,141,3,0.76
69,5,Walking,Nuwara Eliya,Walking,47,4,0.003
75,2,N/A,Kandy,Resting,85,3,0.098
27,6,Tuk-Tuk,Negombo,Vehicle Travel,264,2,15.475
80,12,Public Bus,Ella,Vehicle Travel,310,1,34.807
42,15,Water,Sigiriya,Swimming / Snorkeling,68,2,0.647
40,11,Train,Dambulla,Vehicle Travel,173,4,16.128
40,2,N/A,Ella,Meal,66,3,4.222
58,9,Walking,Anuradhapura,Walking,92,3,0.008
59,13,Public Transport,Haputale,Sightseeing,179,2,3.144
47,8,Public Bus,Hikkaduwa,Vehicle Travel,92,4,7.67
22,8,Private Vehicle,Mirissa,Spa / Ayurveda,207,5,11.601
80,5,N/A,Badulla,Resting,112,4,0.308
31,7,Ferry,Dambulla,Ferry,123,5,4.961
23,3,Private Vehicle,Arugam Bay,Other,168,1,0.692
55,1,Public Bus,Hikkaduwa,Vehicle Travel,255,1,2.423
43,11,Bicycle,Trincomalee,Vehicle Travel,83,4,7.201
56,15,N/A,Anuradhapura,Meal,34,3,15.264
73,12,Flight,Badulla,Flight,74,4,62.203
24,3,Flight,Jaffna,Flight,172,4,37.744
35,1,Walking,Negombo,Cultural / Temple Visit,133,2,0.056
50,2,Train,Yala,Vehicle Travel,115,5,2.599
67,12,Public Transport,Ella,Airport Transfer,83,1,7.246
55,8,Public Bus,Galle,Vehicle Travel,133,4,11.259
42,17,Walking,Polonnaruwa,Other,137,3,1.171
56,3,Water,Trincomalee,Swimming / Snorkeling,149,4,0.44
79,6,Walking,Trincomalee,Walking,38,2,0.002
48,10,Water,Galle,Swimming / Snorkeling,115,5,1.131
73,2,Bicycle,Dambulla,Bicycle Ride,126,5,0.007
67,17,Walking,Sigiriya,Walking,40,4,0.009
36,6,Walking,Jaffna,Jogging,30,4,0.024
33,1,Walking,Anuradhapura,Walking,71,4,0.001
66,1,Public Bus,Nuwara Eliya,Vehicle Travel,97,4,0.963
31,13,Private Vehicle,Ella,Private / Hired Vehicle,103,4,12.634
39,7,N/A,Polonnaruwa,Resting,115,4,0.456
32,10,Walking,Kandy,Shopping,127,5,2.277
56,10,N/A,Colombo,Resting,53,4,0.312
36,4,Flight,Bentota,Flight,78,2,19.428
59,11,Ferry,Kalpitiya,Ferry,134,5,8.797
76,15,N/A,Negombo,Meal,69,2,30.274
70,2,Private Vehicle,Polonnaruwa,Spa / Ayurveda,135,2,2.059
77,10,Public Transport,Nuwara Eliya,Airport Transfer,115,5,12.548
19,3,N/A,Badulla,Meal,69,2,5.828
46,3,N/A,Galle,Resting,152,2,0.215
31,4,Flight,Colombo,Flight,292,4,83.793
75,12,Flight,Arugam Bay,Flight,184,5,185.084
62,1,Walking,Yala,Other,82,1,0.038
38,4,Walking,Sigiriya,Cultural / Temple Visit,69,3,0.147
53,8,N/A,Ella,Resting,192,1,0.694
56,1,Walking,Bentota,Hiking,182,3,0.025
49,10,Private Vehicle,Anuradhapura,Vehicle Travel,232,3,29.643
47,15,Walking,Mirissa,Vehicle Travel,38,2,1.875
21,1,Walking,Anuradhapura,Other,62,5,0.04
46,1,Flight,Nuwara Eliya,Flight,90,4,5.475
39,18,Walking,Jaffna,Jogging,45,5,0.124
69,2,Tuk-Tuk,Jaffna,Vehicle Travel,63,5,1.837
72,1,Private Vehicle,Yala,Other,44,5,0.087
65,16,N/A,Galle,Resting,99,4,0.917
19,13,Flight,Badulla,Flight,143,3,122.09
70,8,Private Vehicle,Trincomalee,Vehicle Travel,218,5,26.919
42,6,Private Vehicle,Sigiriya,Sightseeing,235,4,2.682
44,14,Private Vehicle,Negombo,Vehicle Travel,299,3,54.876
77,8,N/A,Yala,Meal,49,3,11.173
72,8,Walking,Ella,Walking,86,3,0.007
21,12,Tuk-Tuk,Negombo,Vehicle Travel,150,3,19.709
40,7,Bicycle,Kandy,Vehicle Travel,240,4,13.842
65,5,Private Vehicle,Sigiriya,Private / Hired Vehicle,45,3,1.906
51,4,Private Vehicle,Hikkaduwa,Vehicle Travel,232,3,10.517
34,5,Private Vehicle,Negombo,Vehicle Travel,235,2,15.162
51,5,Public Transport,Badulla,Public Transport,62,5,0.469
72,3,Public Transport,Negombo,Airport Transfer,89,3,2.274
32,4,Flight,Nuwara Eliya,Flight,425,3,112.775
65,11,Private Vehicle,Negombo,Vehicle Travel,320,4,45.403
64,4,Private Vehicle,Dambulla,Other,71,5,0.6
73,1,Walking,Hikkaduwa,Walking,69,4,0.001
36,3,Private Vehicle,Negombo,Sightseeing,137,4,0.708
31,2,Walking,Polonnaruwa,Walking,138,3,0.003
52,10,Private Vehicle,Jaffna,Shopping,73,5,5.089
51,4,Public Transport,Badulla,Airport Transfer,46,4,1.546
43,2,Private Vehicle,Mirissa,Medical / Hospital Visit,70,4,1.351
67,11,Walking,Kandy,Vehicle Travel,85,2,3.602
68,1,Train,Ella,Vehicle Travel,88,4,0.969
33,2,Private Vehicle,Arugam Bay,Medical / Hospital Visit,87,3,1.535
68,11,Flight,Yala,Flight,257,3,181.878
32,6,Walking,Polonnaruwa,Vehicle Travel,42,4,0.925
43,10,Tuk-Tuk,Hikkaduwa,Vehicle Travel,99,4,13.202
19,12,Public Transport,Colombo,Public Transport,114,3,1.702
39,15,N/A,Arugam Bay,Meal,76,5,48.248
78,1,N/A,Trincomalee,Beach Leisure,90,2,0.083
45,11,Walking,Badulla,Walking,80,4,0.009
62,9,Private Vehicle,Hikkaduwa,Vehicle Travel,167,2,17.865
24,2,Boat,Ella,Boat Ride,140,3,1.027
58,15,Public Transport,Ella,Public Transport,69,5,1.4
41,4,Private Vehicle,Bentota,Airport Transfer,153,1,4.336
64,13,Flight,Yala,Flight,221,5,240.249
76,7,Private Vehicle,Galle,Vehicle Travel,258,3,26.034
51,5,Private Vehicle,Dambulla,Shopping,206,4,6.902
24,1,Private Vehicle,Kandy,Spa / Ayurveda,130,2,1.027
47,14,Flight,Kandy,Flight,155,4,154.251
25,6,Public Bus,Galle,Vehicle Travel,173,5,11.952
46,1,Private Vehicle,Galle,Medical / Hospital Visit,34,4,0.309
21,1,Bicycle,Jaffna,Vehicle Travel,267,3,1.873
58,10,Walking,Polonnaruwa,Vehicle Travel,161,4,8.167
37,1,Walking,Haputale,Jogging,24,4,0.003
30,7,Tuk-Tuk,Polonnaruwa,Vehicle Travel,117,2,9.789
19,8,Walking,Hikkaduwa,Walking,25,4,0.002
73,2,Walking,Jaffna,Vehicle Travel,93,4,0.792
70,6,Flight,Bentota,Flight,172,4,59.643
69,2,Private Vehicle,Yala,Vehicle Travel,60,3,1.72
21,16,N/A,Kalpitiya,Beach Leisure,133,3,1.886
40,12,N/A,Galle,Meal,58,5,22.5
79,3,Train,Polonnaruwa,Vehicle Travel,78,4,2.641
54,5,Bicycle,Polonnaruwa,Vehicle Travel,141,4,6.414
26,5,Public Bus,Kandy,Vehicle Travel,101,5,5.841
26,16,Walking,Nuwara Eliya,Vehicle Travel,225,3,11.171
34,4,Flight,Bentota,Flight,180,3,43.769
79,6,Public Transport,Haputale,Sightseeing,124,4,1.367
28,15,Public Transport,Yala,Sightseeing,152,4,3.293
74,1,Private Vehicle,Dambulla,Vehicle Travel,81,5,1.432
60,6,Boat,Mirissa,Boat Ride,38,4,1.079
76,1,Walking,Kandy,Vehicle Travel,141,3,0.562
70,7,N/A,Hikkaduwa,Beach Leisure,143,3,0.84
38,3,Walking,Mirissa,Vehicle Travel,109,2,1.175
70,17,Tuk-Tuk,Kalpitiya,Vehicle Travel,169,5,44.515
28,4,Cruise,Haputale,Cruise,267,2,26.71
36,1,Flight,Jaffna,Flight,422,4,29.26
31,12,Walking,Kalpitiya,Sightseeing,97,3,0.509
26,11,Public Transport,Galle,Public Transport,64,2,0.796
23,8,Flight,Mirissa,Flight,191,3,92.292
29,10,Private Vehicle,Jaffna,Private / Hired Vehicle,148,4,14.542
25,2,Tuk-Tuk,Ella,Vehicle Travel,125,1,2.387
41,7,Flight,Trincomalee,Flight,151,5,84.36
22,1,Public Bus,Hikkaduwa,Vehicle Travel,146,5,1.705
21,2,Bicycle,Yala,Vehicle Travel,166,2,2.451
80,15,Walking,Hikkaduwa,Jogging,32,5,0.082
23,9,Private Vehicle,Negombo,Private / Hired Vehicle,171,3,14.764
22,2,Walking,Jaffna,Walking,99,1,0.002
19,1,Walking,Anuradhapura,Other,66,3,0.027
26,16,N/A,Sigiriya,Meal,35,5,19.025
51,1,N/A,Hikkaduwa,Resting,101,4,0.057
70,2,Private Vehicle,Haputale,Vehicle Travel,156,3,4.049
64,2,Train,Arugam Bay,Vehicle Travel,24,4,0.45
54,1,N/A,Trincomalee,Meal,75,4,2.333
23,3,Public Transport,Haputale,Airport Transfer,109,4,2.92
66,18,Cruise,Sigiriya,Cruise,113,4,57.374
20,3,Jeep,Polonnaruwa,Wildlife Safari,326,5,19.14
57,5,Water,Sigiriya,Swimming / Snorkeling,57,4,0.251
43,9,N/A,Sigiriya,Other,136,2,2.104
73,6,Bicycle,Sigiriya,Bicycle Ride,30,5,0.006
37,9,N/A,Kandy,Resting,171,3,0.841
58,8,Private Vehicle,Arugam Bay,Vehicle Travel,193,4,20.61
45,7,Train,Anuradhapura,Vehicle Travel,163,4,13.862
50,7,N/A,Nuwara Eliya,Meal,38,3,8.016
77,11,Private Vehicle,Dambulla,Vehicle Travel,54,2,7.111
62,9,N/A,Trincomalee,Resting,104,4,0.646
44,10,Public Transport,Ella,Public Transport,81,5,1.208
46,1,Private Vehicle,Ella,Vehicle Travel,159,5,2.493
62,8,Walking,Polonnaruwa,Sightseeing,101,4,0.481
39,9,Private Vehicle,Sigiriya,Vehicle Travel,31,3,3.837
28,3,Jeep,Anuradhapura,Wildlife Safari,395,3,19.343
47,13,Public Transport,Galle,Public Transport,137,4,1.96
22,3,Flight,Polonnaruwa,Flight,278,3,51.529
28,2,Walking,Anuradhapura,Sightseeing,241,4,0.284
44,12,Private Vehicle,Negombo,Vehicle Travel,227,3,34.185
68,2,Public Bus,Yala,Vehicle Travel,270,1,4.462
67,4,Private Vehicle,Polonnaruwa,Cultural / Temple Visit,125,4,0.972
34,3,Walking,Yala,Vehicle Travel,168,4,2.201
44,14,N/A,Kalpitiya,Beach Leisure,219,4,3.153
27,4,Public Transport,Negombo,Spa / Ayurveda,177,3,3.656
65,8,Tuk-Tuk,Arugam Bay,Vehicle Travel,259,5,27.032
33,10,Bicycle,Arugam Bay,Bicycle Ride,95,3,0.024
68,7,N/A,Mirissa,Beach Leisure,211,4,1.363
71,15,Private Vehicle,Hikkaduwa,Sightseeing,145,4,4.077
61,11,Walking,Negombo,Vehicle Travel,186,3,7.819
38,4,Private Vehicle,Colombo,Spa / Ayurveda,136,4,4.259
78,16,Boat,Sigiriya,Boat Ride,44,4,3.451
61,5,N/A,Yala,Meal,49,4,7.391
58,1,Private Vehicle,Trincomalee,Other,149,4,0.269
71,2,Walking,Kandy,Jogging,19,2,0.004
73,7,Public Bus,Ella,Vehicle Travel,173,5,15.804
22,1,Private Vehicle,Arugam Bay,Vehicle Travel,251,3,3.133
73,6,Public Transport,Yala,Sightseeing,111,3,1.097
66,3,Walking,Mirissa,Vehicle Travel,260,4,3.096
31,6,Public Bus,Kandy,Vehicle Travel,95,3,5.698
37,1,N/A,Dambulla,Meal,49,5,1.772
65,12,Flight,Bentota,Flight,204,3,140.675
31,3,Private Vehicle,Jaffna,Vehicle Travel,68,3,2.569
46,1,Public Transport,Haputale,Shopping,111,1,0.418
61,4,Public Transport,Anuradhapura,Public Transport,31,1,0.124
58,5,Private Vehicle,Bentota,Sightseeing,102,2,0.758
75,7,Private Vehicle,Sigiriya,Medical / Hospital Visit,35,1,1.863
25,5,Tuk-Tuk,Hikkaduwa,Vehicle Travel,142,3,6.67
36,1,Private Vehicle,Badulla,Airport Transfer,44,3,0.415
80,13,Flight,Jaffna,Flight,232,3,215.479
53,4,Public Transport,Ella,Spa / Ayurveda,88,3,2.03
33,1,Cruise,Haputale,Cruise,315,1,6.873
36,10,Water,Colombo,Swimming / Snorkeling,97,1,0.65
39,8,N/A,Yala,Meal,61,2,12.653
52,7,Jeep,Galle,Wildlife Safari,232,3,26.269
35,4,Public Transport,Colombo,Public Transport,118,2,0.6
57,4,N/A,Badulla,Beach Leisure,191,3,0.65
46,6,Private Vehicle,Kandy,Medical / Hospital Visit,67,5,4.893
56,1,Cruise,Haputale,Cruise,203,3,4.911
27,3,Tuk-Tuk,Trincomalee,Vehicle Travel,52,2,1.544
57,19,Flight,Bentota,Flight,270,4,421.474
76,8,Tuk-Tuk,Kalpitiya,Vehicle Travel,70,3,6.848
26,4,Ferry,Colombo,Ferry,130,1,2.039
38,2,Public Transport,Hikkaduwa,Sightseeing,143,4,0.479
61,9,Private Vehicle,Dambulla,Spa / Ayurveda,124,4,9.469
56,2,Flight,Anuradhapura,Flight,318,5,47.7
60,1,N/A,Bentota,Beach Leisure,209,5,0.239
53,1,Water,Colombo,Swimming / Snorkeling,160,4,0.149
61,9,Bicycle,Colombo,Vehicle Travel,207,4,14.751
56,7,N/A,Colombo,Beach Leisure,220,3,1.262
22,1,Public Transport,Arugam Bay,Sightseeing,84,5,0.132
65,1,N/A,Trincomalee,Meal,68,4,2.295
46,7,Private Vehicle,Yala,Vehicle Travel,109,3,9.72
21,6,N/A,Negombo,Beach Leisure,194,1,0.9
43,8,N/A,Anuradhapura,Resting,101,4,0.483
45,2,Private Vehicle,Dambulla,Private / Hired Vehicle,70,4,1.393
23,9,Private Vehicle,Hikkaduwa,Private / Hired Vehicle,102,5,10.108
80,15,N/A,Haputale,Meal,53,2,22.439
32,7,N/A,Negombo,Resting,112,5,0.482
38,2,Walking,Galle,Vehicle Travel,291,1,1.815
45,8,Walking,Jaffna,Vehicle Travel,159,4,5.319
70,3,Private Vehicle,Hikkaduwa,Private / Hired Vehicle,83,3,2.728
64,1,Private Vehicle,Colombo,Private / Hired Vehicle,96,3,1.044
66,3,Private Vehicle,Colombo,Airport Transfer,131,3,3.635
32,14,Cruise,Colombo,Cruise,251,3,86.918
71,4,Flight,Ella,Flight,411,2,109.009
70,12,Public Transport,Kalpitiya,Spa / Ayurveda,138,5,11.712
47,5,N/A,Nuwara Eliya,Meal,45,3,7.372
52,5,Cruise,Ella,Cruise,213,4,24.872
20,1,N/A,Yala,Meal,42,4,1.443
65,7,N/A,Anuradhapura,Resting,184,1,0.575
78,1,Private Vehicle,Badulla,Shopping,181,5,1.096
47,5,Walking,Galle,Walking,59,4,0.003
52,2,Public Bus,Polonnaruwa,Vehicle Travel,230,4,5.958
49,4,Walking,Nuwara Eliya,Hiking,147,5,0.133
23,6,Walking,Bentota,Jogging,23,4,0.018
57,1,Boat,Arugam Bay,Boat Ride,48,5,0.268
63,3,Private Vehicle,Badulla,Sightseeing,199,2,0.983
76,19,N/A,Nuwara Eliya,Meal,74,1,37.12
76,1,Private Vehicle,Bentota,Other,86,4,0.193
48,3,Private Vehicle,Hikkaduwa,Medical / Hospital Visit,80,3,1.988
78,3,Public Transport,Hikkaduwa,Public Transport,37,4,0.141
51,4,Private Vehicle,Anuradhapura,Sightseeing,106,3,0.703
58,8,Private Vehicle,Galle,Vehicle Travel,58,3,5.916
55,2,Private Vehicle,Dambulla,Cultural / Temple Visit,106,5,0.476
80,5,Walking,Haputale,Vehicle Travel,211,2,4.097
64,7,Private Vehicle,Mirissa,Sightseeing,133,2,1.643
25,3,Walking,Kalpitiya,Vehicle Travel,219,4,2.91
22,16,Public Transport,Sigiriya,Spa / Ayurveda,127,4,12.381
43,18,Public Transport,Kalpitiya,Sightseeing,46,5,1.446
50,1,Water,Polonnaruwa,Surfing,56,3,0.05
60,3,Private Vehicle,Haputale,Medical / Hospital Visit,75,5,2.283
48,2,Public Bus,Haputale,Vehicle Travel,94,4,2.108
50,2,Public Bus,Bentota,Vehicle Travel,74,5,1.997
76,5,Flight,Galle,Flight,503,1,144.518
39,6,Walking,Negombo,Jogging,26,3,0.022
49,4,Public Transport,Hikkaduwa,Public Transport,93,4,0.442
53,2,Walking,Mirissa,Cultural / Temple Visit,118,4,0.138
47,2,Train,Mirissa,Vehicle Travel,91,2,1.605
78,20,Public Transport,Colombo,Shopping,174,4,18.116
78,14,Cruise,Hikkaduwa,Cruise,257,4,97.788
50,1,Walking,Arugam Bay,Hiking,167,3,0.023
46,8,Walking,Colombo,Hiking,253,4,0.372
55,4,N/A,Kalpitiya,Beach Leisure,225,3,0.692
29,8,Private Vehicle,Colombo,Vehicle Travel,196,5,21.143
44,6,N/A,Nuwara Eliya,Resting,66,4,0.232
31,13,N/A,Sigiriya,Resting,131,4,0.909
27,1,N/A,Dambulla,Resting,111,5,0.068
23,3,Private Vehicle,Kandy,Medical / Hospital Visit,29,4,0.716
54,19,Walking,Anuradhapura,Jogging,42,3,0.106
18,2,Public Bus,Anuradhapura,Vehicle Travel,82,4,1.905
58,1,Boat,Yala,Boat Ride,153,5,0.752
45,9,Private Vehicle,Kalpitiya,Shopping,231,1,9.194
41,10,N/A,Bentota,Meal,63,4,21.618
66,8,Public Bus,Anuradhapura,Vehicle Travel,134,2,9.565
51,10,Flight,Yala,Flight,121,5,95.355
64,8,Public Bus,Anuradhapura,Vehicle Travel,69,4,6.386
62,1,Walking,Badulla,Vehicle Travel,32,5,0.157
20,7,Public Bus,Sigiriya,Vehicle Travel,67,4,4.996
31,10,Public Transport,Galle,Shopping,120,1,3.83
53,12,N/A,Yala,Resting,194,4,1.284
79,2,Private Vehicle,Kandy,Vehicle Travel,183,5,5.745
27,1,Private Vehicle,Dambulla,Sightseeing,196,3,0.325
24,10,Walking,Kalpitiya,Walking,51,2,0.005
77,2,Private Vehicle,Polonnaruwa,Spa / Ayurveda,72,4,1.009
78,1,Private Vehicle,Polonnaruwa,Private / Hired Vehicle,71,4,0.837
28,11,Private Vehicle,Yala,Private / Hired Vehicle,32,1,3.131
43,5,Tuk-Tuk,Hikkaduwa,Vehicle Travel,184,3,11.832
57,3,Private Vehicle,Anuradhapura,Sightseeing,134,3,0.8
30,1,Walking,Kalpitiya,Shopping,109,4,0.183
38,1,Walking,Ella,Walking,83,3,0.001
42,10,Public Transport,Galle,Public Transport,156,3,1.533
58,5,Walking,Badulla,Cultural / Temple Visit,111,5,0.348
37,1,N/A,Anuradhapura,Meal,84,3,2.644
43,3,Private Vehicle,Bentota,Cultural / Temple Visit,52,4,0.258
36,1,Flight,Hikkaduwa,Flight,184,3,10.623
65,1,Bicycle,Bentota,Bicycle Ride,94,3,0.003
27,2,Private Vehicle,Negombo,Airport Transfer,57,4,0.997
32,6,Flight,Yala,Flight,363,4,169.864
33,2,Tuk-Tuk,Dambulla,Vehicle Travel,209,5,5.945
75,3,N/A,Kandy,Meal,85,3,8.135
77,5,Private Vehicle,Negombo,Sightseeing,47,2,0.429
49,4,Walking,Bentota,Vehicle Travel,201,3,2.985
27,1,Private Vehicle,Yala,Shopping,142,4,0.798
65,1,Public Transport,Haputale,Airport Transfer,52,3,0.396
49,1,Public Transport,Arugam Bay,Public Transport,76,5,0.088
71,3,Bicycle,Kandy,Vehicle Travel,105,4,2.751
40,9,Walking,Arugam Bay,Hiking,135,3,0.207
80,1,Public Bus,Nuwara Eliya,Vehicle Travel,200,3,2.447
68,10,Bicycle,Arugam Bay,Bicycle Ride,104,1,0.023
32,9,N/A,Nuwara Eliya,Beach Leisure,255,4,2.057
63,1,Private Vehicle,Mirissa,Sightseeing,121,4,0.205
36,1,Cruise,Nuwara Eliya,Cruise,110,5,3.398
40,2,Public Transport,Arugam Bay,Public Transport,58,4,0.151
33,1,Private Vehicle,Badulla,Vehicle Travel,270,2,3.126
60,5,Private Vehicle,Mirissa,Vehicle Travel,192,2,9.98
34,1,Private Vehicle,Negombo,Vehicle Travel,269,2,2.706
58,11,N/A,Dambulla,Meal,69,5,28.135
54,5,Jeep,Haputale,Wildlife Safari,431,4,34.511
65,9,Flight,Kalpitiya,Flight,359,5,269.665
80,10,Private Vehicle,Kalpitiya,Sightseeing,87,5,2.019
18,5,Private Vehicle,Bentota,Medical / Hospital Visit,43,2,1.523
80,15,N/A,Mirissa,Meal,53,4,27.511
24,19,Ferry,Polonnaruwa,Ferry,79,4,7.215
51,3,Train,Jaffna,Vehicle Travel,148,3,4.268
39,1,Public Bus,Galle,Vehicle Travel,31,3,0.387
58,3,Public Transport,Trincomalee,Public Transport,57,4,0.221
63,2,Water,Nuwara Eliya,Swimming / Snorkeling,41,5,0.098
72,5,Private Vehicle,Hikkaduwa,Spa / Ayurveda,104,2,3.828
43,4,Public Bus,Kalpitiya,Vehicle Travel,209,5,10.195
76,5,Walking,Negombo,Vehicle Travel,83,5,2.12
38,10,Water,Jaffna,Surfing,128,5,1.177
30,2,Private Vehicle,Jaffna,Airport Transfer,108,1,1.702
41,6,Public Transport,Trincomalee,Public Transport,129,3,0.866
51,3,N/A,Yala,Meal,51,4,5.537
60,10,N/A,Nuwara Eliya,Meal,61,3,17.491
70,7,Private Vehicle,Hikkaduwa,Private / Hired Vehicle,152,1,8.123
32,1,Tuk-Tuk,Bentota,Vehicle Travel,67,4,0.754
37,8,Private Vehicle,Ella,Shopping,99,1,3.611
77,2,Flight,Polonnaruwa,Flight,136,3,17.975
45,9,Private Vehicle,Jaffna,Cultural / Temple Visit,79,5,1.276
33,6,Public Bus,Trincomalee,Vehicle Travel,142,3,9.119
80,4,N/A,Trincomalee,Meal,55,5,7.395
46,8,Private Vehicle,Kandy,Vehicle Travel,81,3,7.836
80,12,Private Vehicle,Trincomalee,Medical / Hospital Visit,42,3,4.501
75,10,N/A,Trincomalee,Meal,55,2,14.801
75,6,N/A,Trincomalee,Resting,133,3,0.372
54,9,Flight,Colombo,Flight,244,3,150.219
68,4,Walking,Dambulla,Walking,57,5,0.003
78,10,Jeep,Mirissa,Wildlife Safari,273,5,58.122
34,11,Public Transport,Dambulla,Shopping,91,1,3.722
20,1,Private Vehicle,Trincomalee,Spa / Ayurveda,68,2,0.372
38,2,Walking,Bentota,Shopping,139,4,0.481
58,2,Train,Polonnaruwa,Vehicle Travel,143,3,2.677
52,1,Public Transport,Anuradhapura,Spa / Ayurveda,165,3,1.001
23,4,Public Transport,Arugam Bay,Sightseeing,145,3,0.851
53,2,Walking,Colombo,Jogging,49,3,0.014
28,6,N/A,Ella,Beach Leisure,147,4,0.801
49,1,Private Vehicle,Galle,Vehicle Travel,24,1,0.261
54,2,Walking,Yala,Vehicle Travel,163,4,1.234
58,8,Private Vehicle,Sigiriya,Other,199,3,2.928
43,4,Public Transport,Bentota,Shopping,165,3,2.697
43,4,Private Vehicle,Dambulla,Vehicle Travel,97,4,5.11
60,11,Flight,Hikkaduwa,Flight,38,2,24.955
65,19,Water,Dambulla,Surfing,101,5,1.891
68,6,Private Vehicle,Polonnaruwa,Private / Hired Vehicle,123,4,7.865
39,1,Private Vehicle,Nuwara Eliya,Private / Hired Vehicle,82,5,0.985
44,1,Walking,Mirissa,Jogging,28,3,0.003
38,17,Public Transport,Kalpitiya,Public Transport,70,3,1.355
51,8,Flight,Bentota,Flight,435,3,234.062
26,10,Public Transport,Anuradhapura,Spa / Ayurveda,87,4,4.347
45,8,Train,Trincomalee,Vehicle Travel,270,4,24.108
29,2,Bicycle,Dambulla,Bicycle Ride,70,3,0.003
51,4,Bicycle,Galle,Vehicle Travel,218,2,5.873
71,11,Public Transport,Arugam Bay,Cultural / Temple Visit,151,3,2.539
80,12,Walking,Nuwara Eliya,Walking,58,1,0.006
46,2,Public Bus,Negombo,Vehicle Travel,204,3,4.105
21,6,Public Bus,Nuwara Eliya,Vehicle Travel,238,4,14.619
32,1,Train,Anuradhapura,Vehicle Travel,150,5,1.728
24,16,Flight,Bentota,Flight,189,2,215.919
65,2,Private Vehicle,Kandy,Shopping,77,1,0.734
80,9,Walking,Hikkaduwa,Walking,39,3,0.004
52,2,Bicycle,Sigiriya,Vehicle Travel,166,2,2.315
29,7,Jeep,Arugam Bay,Wildlife Safari,232,4,31.009
19,8,Private Vehicle,Hikkaduwa,Vehicle Travel,57,1,4.502
79,3,Water,Dambulla,Swimming / Snorkeling,42,5,0.143
37,11,Walking,Haputale,Hiking,270,5,0.523
25,13,Bicycle,Galle,Bicycle Ride,59,3,0.017
29,12,Private Vehicle,Mirissa,Private / Hired Vehicle,185,5,24.404
34,3,Private Vehicle,Bentota,Vehicle Travel,119,4,4.477
59,9,Flight,Dambulla,Flight,221,5,175.927
74,6,N/A,Anuradhapura,Resting,231,3,0.702
35,6,Cruise,Colombo,Cruise,400,5,67.476
61,5,Flight,Kalpitiya,Flight,233,2,68.298
22,7,Walking,Dambulla,Vehicle Travel,348,3,8.15
18,1,Walking,Bentota,Walking,59,5,0.001
21,4,Public Bus,Polonnaruwa,Vehicle Travel,119,3,4.677
76,2,N/A,Yala,Other,86,2,0.35
54,2,Walking,Yala,Jogging,32,1,0.008
68,1,Tuk-Tuk,Sigiriya,Vehicle Travel,112,2,1.27
19,2,N/A,Arugam Bay,Meal,66,3,3.906
19,10,Private Vehicle,Badulla,Private / Hired Vehicle,61,3,5.551
71,6,Private Vehicle,Kandy,Airport Transfer,42,4,2.5
24,1,Ferry,Jaffna,Ferry,75,5,0.383
27,10,Ferry,Ella,Ferry,102,1,3.751
50,14,Private Vehicle,Galle,Vehicle Travel,129,5,31.089
56,13,Train,Kandy,Vehicle Travel,25,4,3.293
32,11,Private Vehicle,Sigiriya,Other,197,4,4.144
46,20,Walking,Negombo,Jogging,36,4,0.108
60,6,Public Transport,Negombo,Spa / Ayurveda,107,5,4.586
45,16,Walking,Dambulla,Jogging,38,2,0.07
42,16,Water,Galle,Surfing,121,4,2.09
22,3,Private Vehicle,Galle,Medical / Hospital Visit,56,5,1.781
46,12,Walking,Badulla,Walking,33,4,0.004
68,10,Train,Haputale,Vehicle Travel,62,2,4.675
57,10,Bicycle,Negombo,Vehicle Travel,66,4,5.965
74,13,Public Transport,Polonnaruwa,Public Transport,126,4,2.046
25,4,Walking,Polonnaruwa,Hiking,99,3,0.059
18,4,Flight,Jaffna,Flight,152,4,34.139
52,7,Public Bus,Arugam Bay,Vehicle Travel,111,5,9.344
29,9,Public Bus,Badulla,Vehicle Travel,69,4,7.256
55,13,Public Transport,Hikkaduwa,Shopping,73,2,3.814
74,13,N/A,Kalpitiya,Beach Leisure,174,4,2.026
39,9,Ferry,Nuwara Eliya,Ferry,102,4,4.715
52,16,N/A,Nuwara Eliya,Resting,139,3,1.153
60,2,Flight,Mirissa,Flight,86,4,11.946
27,16,Flight,Badulla,Flight,180,3,155.699
74,1,Flight,Mirissa,Flight,454,5,38.107
30,6,Public Bus,Yala,Vehicle Travel,156,4,9.725
68,1,Private Vehicle,Colombo,Shopping,80,5,0.527
59,6,Public Transport,Ella,Shopping,70,4,1.897
26,4,Flight,Nuwara Eliya,Flight,112,2,28.959
63,1,Jeep,Nuwara Eliya,Wildlife Safari,324,4,6.365
30,7,Walking,Negombo,Vehicle Travel,159,1,3.411
55,9,Cruise,Hikkaduwa,Cruise,275,4,67.541
78,2,N/A,Anuradhapura,Resting,172,1,0.18
78,8,Boat,Badulla,Boat Ride,50,4,2.3
72,2,Walking,Anuradhapura,Walking,69,4,0.002
49,1,N/A,Yala,Resting,200,3,0.108
53,1,Water,Trincomalee,Surfing,104,3,0.086
36,7,Jeep,Jaffna,Wildlife Safari,441,2,49.229
76,10,Train,Ella,Vehicle Travel,74,3,7.879
48,6,Private Vehicle,Bentota,Vehicle Travel,80,3,6.39
66,11,Private Vehicle,Hikkaduwa,Vehicle Travel,55,5,9.058
40,6,Walking,Polonnaruwa,Walking,18,5,0.001
64,11,Public Transport,Yala,Public Transport,52,5,0.888
32,18,Public Transport,Galle,Airport Transfer,86,2,11.616
64,4,Private Vehicle,Kalpitiya,Other,152,3,1.138
20,1,Walking,Jaffna,Vehicle Travel,31,3,0.109
24,1,Flight,Yala,Flight,301,4,20.135
40,6,N/A,Jaffna,Other,125,4,1.427
48,6,Walking,Polonnaruwa,Walking,48,4,0.003
62,2,Public Transport,Colombo,Shopping,110,3,0.936
40,13,Water,Anuradhapura,Swimming / Snorkeling,63,4,0.61
19,16,Walking,Haputale,Sightseeing,132,5,1.005
38,2,Private Vehicle,Bentota,Medical / Hospital Visit,54,3,0.902
45,2,Private Vehicle,Badulla,Airport Transfer,103,5,2.384
52,2,N/A,Sigiriya,Beach Leisure,274,4,0.511
58,4,Private Vehicle,Arugam Bay,Vehicle Travel,253,2,12.48
33,12,Private Vehicle,Kandy,Vehicle Travel,142,5,29.021
56,6,Walking,Negombo,Jogging,31,5,0.028
57,1,Public Bus,Nuwara Eliya,Vehicle Travel,158,4,1.849
66,5,Public Bus,Polonnaruwa,Vehicle Travel,281,2,15.924
50,1,Private Vehicle,Galle,Other,151,2,0.226
69,4,Public Bus,Galle,Vehicle Travel,201,4,10.675
31,4,Private Vehicle,Arugam Bay,Spa / Ayurveda,146,2,3.986
62,7,N/A,Kandy,Meal,47,2,9.236
20,6,Bicycle,Bentota,Bicycle Ride,40,3,0.005
24,13,Private Vehicle,Hikkaduwa,Other,223,1,4.564
72,1,Public Transport,Trincomalee,Sightseeing,244,4,0.466
47,10,Water,Jaffna,Swimming / Snorkeling,59,4,0.523
57,1,Walking,Kandy,Walking,25,1,0.0
56,3,Water,Hikkaduwa,Swimming / Snorkeling,51,4,0.126
61,13,N/A,Kandy,Resting,132,1,0.785
33,8,Private Vehicle,Jaffna,Other,64,1,0.715
29,2,Walking,Dambulla,Sightseeing,95,3,0.085
20,5,Tuk-Tuk,Negombo,Vehicle Travel,109,3,5.949
72,9,Private Vehicle,Anuradhapura,Vehicle Travel,53,3,6.324
32,15,Flight,Ella,Flight,246,4,227.247
54,7,Walking,Polonnaruwa,Cultural / Temple Visit,42,3,0.161
46,1,Flight,Nuwara Eliya,Flight,224,4,14.732
28,5,Public Transport,Arugam Bay,Shopping,125,3,2.58
44,1,Cruise,Nuwara Eliya,Cruise,331,4,9.631
23,1,Public Bus,Colombo,Vehicle Travel,102,4,1.053
29,7,Bicycle,Yala,Vehicle Travel,164,2,6.633
26,10,Tuk-Tuk,Jaffna,Vehicle Travel,198,4,23.769
69,1,Ferry,Dambulla,Ferry,88,4,0.493
53,10,Walking,Negombo,Vehicle Travel,238,1,7.63
76,9,Private Vehicle,Polonnaruwa,Cultural / Temple Visit,71,4,1.355
45,10,Flight,Polonnaruwa,Flight,279,4,199.894
30,2,N/A,Yala,Other,43,2,0.13
56,4,Ferry,Bentota,Ferry,47,5,1.192
76,1,Walking,Mirissa,Vehicle Travel,113,3,0.471
51,2,Private Vehicle,Arugam Bay,Private / Hired Vehicle,124,4,2.67
19,3,Private Vehicle,Sigiriya,Vehicle Travel,222,5,9.926
37,3,Walking,Colombo,Walking,62,5,0.002
76,2,Public Bus,Arugam Bay,Vehicle Travel,333,4,7.916
50,2,N/A,Arugam Bay,Meal,61,4,3.879
77,14,Water,Haputale,Surfing,164,3,2.154
50,10,Public Transport,Polonnaruwa,Sightseeing,222,3,3.384
18,3,Water,Sigiriya,Surfing,154,5,0.491
73,16,Private Vehicle,Galle,Vehicle Travel,160,3,35.77
66,2,Public Transport,Dambulla,Sightseeing,70,5,0.211
63,4,Bicycle,Arugam Bay,Bicycle Ride,49,1,0.005
79,11,Private Vehicle,Colombo,Airport Transfer,81,2,7.791
30,4,N/A,Dambulla,Meal,85,2,10.118
75,2,Private Vehicle,Bentota,Vehicle Travel,50,4,1.31
32,3,Walking,Ella,Vehicle Travel,148,2,1.764
79,5,Private Vehicle,Hikkaduwa,Vehicle Travel,173,3,9.612
30,7,Water,Dambulla,Surfing,141,5,1.029
52,4,Private Vehicle,Dambulla,Private / Hired Vehicle,112,4,4.534
67,4,Private Vehicle,Sigiriya,Vehicle Travel,273,4,16.403
22,2,Walking,Jaffna,Other,181,2,0.196
22,6,Public Bus,Arugam Bay,Vehicle Travel,248,3,15.01
71,2,Public Transport,Kalpitiya,Public Transport,110,4,0.316
21,12,N/A,Ella,Resting,112,1,0.641
56,9,Public Transport,Polonnaruwa,Sightseeing,127,3,1.604
77,4,Cruise,Bentota,Cruise,430,5,54.505
56,9,N/A,Mirissa,Meal,44,2,12.503
48,1,N/A,Trincomalee,Resting,73,5,0.047
44,3,Private Vehicle,Bentota,Vehicle Travel,202,2,6.912
58,4,Walking,Nuwara Eliya,Cultural / Temple Visit,83,2,0.172
54,5,Walking,Anuradhapura,Walking,52,2,0.003
49,10,Ferry,Mirissa,Ferry,186,5,11.471
27,17,Private Vehicle,Mirissa,Private / Hired Vehicle,64,4,10.507
59,4,Walking,Mirissa,Walking,83,4,0.004
64,3,Public Bus,Hikkaduwa,Vehicle Travel,157,3,4.878
62,7,Public Bus,Kandy,Vehicle Travel,76,5,6.504
22,3,N/A,Anuradhapura,Resting,106,4,0.193
62,1,Public Bus,Bentota,Vehicle Travel,74,4,0.814
63,16,Bicycle,Anuradhapura,Vehicle Travel,54,4,7.002
29,11,Flight,Anuradhapura,Flight,164,4,111.13
71,16,Walking,Ella,Vehicle Travel,147,4,10.243
51,2,Private Vehicle,Badulla,Vehicle Travel,81,2,1.942
47,1,N/A,Colombo,Beach Leisure,231,5,0.254
63,4,Walking,Jaffna,Walking,40,3,0.002
50,15,Public Bus,Arugam Bay,Vehicle Travel,142,5,22.927
52,1,Public Bus,Negombo,Vehicle Travel,77,3,0.671
37,1,Walking,Polonnaruwa,Other,93,2,0.046
76,1,Private Vehicle,Mirissa,Vehicle Travel,288,3,4.175
79,10,Bicycle,Dambulla,Bicycle Ride,112,4,0.036
26,10,Flight,Sigiriya,Flight,182,3,108.094
64,8,Private Vehicle,Badulla,Other,105,5,1.826
19,1,Flight,Kandy,Flight,210,4,11.724
41,9,Private Vehicle,Hikkaduwa,Airport Transfer,42,2,3.762
79,4,Bicycle,Galle,Bicycle Ride,60,4,0.008
29,1,Public Transport,Nuwara Eliya,Sightseeing,115,4,0.192
41,3,Tuk-Tuk,Polonnaruwa,Vehicle Travel,137,5,5.246
31,5,Walking,Hikkaduwa,Other,41,3,0.1
63,3,Walking,Mirissa,Hiking,215,5,0.123
47,17,Walking,Polonnaruwa,Vehicle Travel,157,1,9.798
55,5,Cruise,Sigiriya,Cruise,246,4,35.39
77,3,Tuk-Tuk,Mirissa,Vehicle Travel,183,4,7.182
50,8,Public Transport,Nuwara Eliya,Cultural / Temple Visit,74,3,0.904
64,7,Tuk-Tuk,Arugam Bay,Vehicle Travel,227,1,14.755
24,1,Water,Yala,Swimming / Snorkeling,96,4,0.078
31,7,Public Bus,Mirissa,Vehicle Travel,132,3,9.097
77,2,Cruise,Kandy,Cruise,204,2,8.894
72,4,Tuk-Tuk,Colombo,Vehicle Travel,212,2,8.332
59,9,Public Transport,Colombo,Sightseeing,55,4,0.811
41,6,Train,Sigiriya,Vehicle Travel,182,2,8.902
30,3,Public Transport,Jaffna,Cultural / Temple Visit,153,3,0.598
71,1,Tuk-Tuk,Ella,Vehicle Travel,159,5,2.242
67,5,Walking,Badulla,Sightseeing,90,4,0.271
33,3,Walking,Yala,Jogging,21,4,0.009
55,14,Private Vehicle,Bentota,Vehicle Travel,76,4,15.232
56,6,Private Vehicle,Kalpitiya,Cultural / Temple Visit,89,2,0.869
48,12,Private Vehicle,Ella,Spa / Ayurveda,176,3,16.445
76,4,Water,Ella,Surfing,73,2,0.277
25,11,Walking,Anuradhapura,Vehicle Travel,47,2,1.84
34,1,Walking,Kandy,Walking,78,2,0.001
23,3,Public Transport,Hikkaduwa,Public Transport,155,4,0.554
61,1,Walking,Dambulla,Shopping,142,2,0.191
58,1,Walking,Anuradhapura,Jogging,25,2,0.003
80,14,Flight,Kalpitiya,Flight,79,5,95.866
52,9,Jeep,Colombo,Wildlife Safari,290,2,39.073
27,7,N/A,Trincomalee,Beach Leisure,133,4,0.841
46,5,N/A,Negombo,Other,63,3,0.587
23,6,N/A,Anuradhapura,Meal,34,4,6.737
60,7,Public Transport,Haputale,Public Transport,51,1,0.363
60,11,Private Vehicle,Yala,Spa / Ayurveda,128,1,8.301
72,6,Public Transport,Haputale,Shopping,104,5,3.42
39,10,Private Vehicle,Hikkaduwa,Vehicle Travel,227,3,30.425
37,3,Private Vehicle,Nuwara Eliya,Vehicle Travel,229,1,7.428
22,18,Boat,Polonnaruwa,Boat Ride,84,3,6.516
44,1,Private Vehicle,Colombo,Airport Transfer,47,4,0.433
47,4,Public Transport,Ella,Cultural / Temple Visit,57,2,0.326
65,13,Private Vehicle,Dambulla,Other,29,4,0.753
65,2,Public Bus,Haputale,Vehicle Travel,130,4,2.621
26,1,Walking,Anuradhapura,Hiking,115,4,0.019
35,3,Walking,Hikkaduwa,Hiking,296,5,0.167
50,4,N/A,Hikkaduwa,Meal,63,3,7.306
39,15,Private Vehicle,Negombo,Private / Hired Vehicle,72,5,13.942
19,12,Private Vehicle,Haputale,Vehicle Travel,104,3,17.331
71,5,Public Transport,Kandy,Shopping,120,3,2.458
64,18,Tuk-Tuk,Ella,Vehicle Travel,129,4,29.5
50,7,Walking,Haputale,Walking,61,4,0.005
38,13,Bicycle,Trincomalee,Vehicle Travel,198,1,16.234
71,2,Public Transport,Trincomalee,Airport Transfer,57,5,1.23
20,5,N/A,Yala,Meal,72,5,11.972
46,1,Private Vehicle,Anuradhapura,Cultural / Temple Visit,58,3,0.086
68,1,Walking,Nuwara Eliya,Vehicle Travel,57,4,0.262
78,9,Private Vehicle,Anuradhapura,Cultural / Temple Visit,54,4,0.942
33,1,Train,Kandy,Vehicle Travel,130,5,1.657
59,6,Private Vehicle,Sigiriya,Vehicle Travel,197,4,18.131
29,8,Walking,Badulla,Walking,112,1,0.007
25,1,Flight,Ella,Flight,217,4,15.565
40,4,N/A,Negombo,Meal,68,2,7.461
73,8,Walking,Colombo,Walking,41,4,0.004
61,13,N/A,Negombo,Beach Leisure,222,4,2.622
48,3,Tuk-Tuk,Sigiriya,Vehicle Travel,87,4,3.363
35,18,Bicycle,Negombo,Vehicle Travel,113,2,15.563
26,12,Private Vehicle,Arugam Bay,Sightseeing,78,3,1.663
35,7,Walking,Dambulla,Vehicle Travel,204,4,6.342
27,4,Private Vehicle,Hikkaduwa,Private / Hired Vehicle,20,3,0.916
29,9,Public Transport,Jaffna,Cultural / Temple Visit,153,2,1.784
61,11,Public Bus,Negombo,Vehicle Travel,261,3,34.22
26,3,Bicycle,Badulla,Vehicle Travel,66,5,1.836
20,20,Public Transport,Jaffna,Sightseeing,84,3,2.306
52,14,Public Bus,Ella,Vehicle Travel,287,4,45.217
36,5,Private Vehicle,Galle,Sightseeing,231,4,2.275
46,9,Cruise,Trincomalee,Cruise,589,5,149.384
26,5,Walking,Yala,Hiking,102,4,0.071
31,10,N/A,Mirissa,Beach Leisure,178,2,1.504
45,11,Private Vehicle,Hikkaduwa,Shopping,95,2,5.155
61,1,N/A,Ella,Meal,67,1,1.651
44,1,Public Transport,Negombo,Airport Transfer,77,5,0.67
52,3,Public Transport,Badulla,Cultural / Temple Visit,47,4,0.235
50,14,N/A,Bentota,Meal,37,4,18.616
34,4,N/A,Haputale,Resting,94,4,0.192
35,13,Public Transport,Haputale,Sightseeing,197,5,4.526
44,5,N/A,Yala,Other,44,5,0.536
20,3,Flight,Dambulla,Flight,96,4,21.09
61,14,Walking,Haputale,Sightseeing,213,3,1.569
56,6,Tuk-Tuk,Kalpitiya,Vehicle Travel,246,2,16.148
37,3,Flight,Anuradhapura,Flight,136,4,26.837
41,1,Tuk-Tuk,Hikkaduwa,Vehicle Travel,205,4,2.558
38,1,Private Vehicle,Jaffna,Spa / Ayurveda,100,4,0.714
59,1,N/A,Yala,Meal,77,3,2.272
65,3,Public Transport,Mirissa,Spa / Ayurveda,173,4,3.4
24,7,Private Vehicle,Haputale,Vehicle Travel,177,3,13.378
44,3,Walking,Colombo,Jogging,25,3,0.009
18,1,Private Vehicle,Haputale,Other,95,5,0.235
46,2,Private Vehicle,Anuradhapura,Private / Hired Vehicle,136,4,2.5
33,4,Private Vehicle,Polonnaruwa,Cultural / Temple Visit,123,3,0.923
39,20,Bicycle,Galle,Vehicle Travel,156,3,25.402
46,4,Tuk-Tuk,Kalpitiya,Vehicle Travel,91,4,4.812
38,1,Train,Yala,Vehicle Travel,156,3,1.308
42,6,Public Bus,Haputale,Vehicle Travel,139,2,8.579
66,14,N/A,Yala,Meal,61,4,33.054
69,10,Train,Negombo,Vehicle Travel,185,4,20.577
18,12,Private Vehicle,Jaffna,Medical / Hospital Visit,81,1,7.07
41,15,Train,Nuwara Eliya,Vehicle Travel,179,4,26.116
71,7,Private Vehicle,Nuwara Eliya,Other,148,4,1.947
51,20,Public Transport,Trincomalee,Public Transport,64,3,1.521
30,1,Train,Arugam Bay,Vehicle Travel,70,3,0.637
55,12,Private Vehicle,Mirissa,Private / Hired Vehicle,167,3,19.319
27,12,Bicycle,Polonnaruwa,Vehicle Travel,348,3,31.064
19,14,Private Vehicle,Dambulla,Vehicle Travel,136,5,28.83
57,5,N/A,Kandy,Resting,141,3,0.425
50,10,Train,Arugam Bay,Vehicle Travel,165,5,18.362
65,2,Public Bus,Galle,Vehicle Travel,279,3,6.004
39,7,Walking,Trincomalee,Cultural / Temple Visit,93,4,0.295
71,3,Bicycle,Trincomalee,Vehicle Travel,183,4,5.218
44,6,Walking,Badulla,Cultural / Temple Visit,115,4,0.408
64,8,Private Vehicle,Anuradhapura,Other,117,5,2.117
24,3,Flight,Arugam Bay,Flight,242,4,52.224
24,2,Private Vehicle,Trincomalee,Vehicle Travel,135,3,3.115
67,3,Ferry,Galle,Ferry,127,5,2.302
70,8,Walking,Kandy,Walking,63,5,0.008
77,8,Private Vehicle,Negombo,Shopping,179,5,8.486
38,9,Tuk-Tuk,Bentota,Vehicle Travel,196,2,16.918
19,1,N/A,Anuradhapura,Meal,51,1,1.11
79,11,Private Vehicle,Badulla,Vehicle Travel,186,3,27.368
55,8,Walking,Nuwara Eliya,Other,60,4,0.312
33,1,Private Vehicle,Haputale,Medical / Hospital Visit,33,1,0.241
66,3,Train,Mirissa,Vehicle Travel,293,3,8.856
74,5,Public Transport,Sigiriya,Sightseeing,215,4,1.532
35,3,Walking,Badulla,Vehicle Travel,285,2,2.837
66,1,N/A,Mirissa,Resting,191,4,0.106
67,2,N/A,Bentota,Resting,62,3,0.075
49,1,Public Bus,Arugam Bay,Vehicle Travel,94,5,1.19
57,1,Walking,Anuradhapura,Jogging,53,3,0.007
34,2,N/A,Polonnaruwa,Beach Leisure,305,4,0.573
76,11,Public Bus,Arugam Bay,Vehicle Travel,164,4,21.028
79,5,Walking,Colombo,Other,35,3,0.111
79,4,Walking,Hikkaduwa,Vehicle Travel,101,3,1.9
64,8,Walking,Dambulla,Vehicle Travel,78,5,3.283
20,6,N/A,Anuradhapura,Meal,63,4,13.017
41,1,Private Vehicle,Haputale,Sightseeing,77,1,0.107
46,2,Flight,Yala,Flight,297,4,43.211
78,2,Public Bus,Sigiriya,Vehicle Travel,66,2,1.143
52,7,Water,Negombo,Surfing,138,3,0.811
51,5,Private Vehicle,Galle,Medical / Hospital Visit,76,3,2.889
27,4,Public Bus,Badulla,Vehicle Travel,64,3,2.657
68,6,N/A,Hikkaduwa,Other,131,1,1.187
39,17,Private Vehicle,Bentota,Vehicle Travel,67,3,15.198
23,3,Ferry,Kandy,Ferry,131,1,1.674
80,5,Walking,Jaffna,Vehicle Travel,82,3,1.822
29,5,Flight,Jaffna,Flight,231,4,74.451
19,9,Public Bus,Dambulla,Vehicle Travel,163,4,13.812
22,9,Cruise,Sigiriya,Cruise,362,1,75.047
46,9,Public Bus,Nuwara Eliya,Vehicle Travel,266,2,22.202
24,2,Tuk-Tuk,Yala,Vehicle Travel,91,4,2.24
71,4,Flight,Polonnaruwa,Flight,292,4,93.241
50,11,Train,Haputale,Vehicle Travel,258,5,30.427
38,4,Walking,Anuradhapura,Sightseeing,116,2,0.203
18,19,Private Vehicle,Colombo,Shopping,112,2,11.904
48,3,Train,Galle,Vehicle Travel,244,3,6.275
27,5,Cruise,Trincomalee,Cruise,161,4,23.844
79,5,Private Vehicle,Colombo,Sightseeing,239,3,2.249
36,4,N/A,Negombo,Meal,61,2,7.274
47,12,Public Transport,Colombo,Public Transport,60,1,0.773
19,1,Train,Yala,Vehicle Travel,154,4,1.432
26,6,Walking,Dambulla,Hiking,180,3,0.171
31,7,Bicycle,Arugam Bay,Bicycle Ride,76,4,0.017
21,12,Walking,Hikkaduwa,Walking,83,3,0.011
63,7,Tuk-Tuk,Bentota,Vehicle Travel,87,3,7.891
77,16,N/A,Dambulla,Beach Leisure,132,2,1.929
80,13,Flight,Yala,Flight,174,5,186.356
34,3,Train,Dambulla,Vehicle Travel,97,1,2.016
67,12,N/A,Badulla,Meal,47,2,18.635
49,16,Walking,Anuradhapura,Walking,110,5,0.021
20,2,Walking,Nuwara Eliya,Sightseeing,202,2,0.186
23,7,Train,Haputale,Vehicle Travel,320,3,19.615
52,3,Private Vehicle,Hikkaduwa,Sightseeing,197,3,0.909
44,7,Private Vehicle,Kalpitiya,Medical / Hospital Visit,73,4,4.672
18,1,Public Bus,Anuradhapura,Vehicle Travel,128,3,1.203
76,9,Public Transport,Bentota,Airport Transfer,29,5,2.401
64,4,Tuk-Tuk,Galle,Vehicle Travel,175,4,8.248
49,6,N/A,Dambulla,Beach Leisure,253,4,1.44
80,1,Bicycle,Polonnaruwa,Vehicle Travel,100,3,0.883
79,8,Private Vehicle,Polonnaruwa,Vehicle Travel,142,4,16.849
79,5,N/A,Sigiriya,Meal,77,5,13.534
34,7,Private Vehicle,Arugam Bay,Vehicle Travel,196,5,19.802
73,3,Bicycle,Arugam Bay,Bicycle Ride,142,1,0.01
49,1,Private Vehicle,Galle,Other,127,4,0.263
63,4,Public Transport,Colombo,Spa / Ayurveda,110,4,3.144
72,16,Private Vehicle,Bentota,Vehicle Travel,130,5,34.669
28,2,Walking,Trincomalee,Shopping,97,3,0.329
46,8,Walking,Badulla,Vehicle Travel,130,4,4.195
26,1,Water,Kalpitiya,Swimming / Snorkeling,67,4,0.056
35,9,Public Transport,Negombo,Sightseeing,135,5,2.07
44,2,Private Vehicle,Badulla,Private / Hired Vehicle,54,4,1.23
71,4,Public Bus,Dambulla,Vehicle Travel,230,5,12.683
72,3,Private Vehicle,Trincomalee,Other,99,3,0.583
42,1,Private Vehicle,Haputale,Airport Transfer,73,2,0.646
38,3,N/A,Haputale,Other,31,3,0.159
51,3,Private Vehicle,Nuwara Eliya,Shopping,120,5,2.248
75,5,Water,Sigiriya,Swimming / Snorkeling,78,2,0.314
79,18,Flight,Badulla,Flight,178,4,240.132
32,5,N/A,Colombo,Beach Leisure,136,5,0.685
29,14,N/A,Trincomalee,Beach Leisure,142,5,1.962
62,5,Public Transport,Anuradhapura,Airport Transfer,84,4,4.014
36,1,Water,Negombo,Surfing,88,4,0.082
30,2,Private Vehicle,Badulla,Spa / Ayurveda,191,2,2.704
19,4,Water,Bentota,Surfing,105,3,0.329
43,3,N/A,Nuwara Eliya,Meal,55,4,5.179
42,12,Private Vehicle,Bentota,Sightseeing,171,4,3.311
53,8,Public Transport,Negombo,Cultural / Temple Visit,60,3,0.655
30,6,Bicycle,Anuradhapura,Bicycle Ride,168,2,0.025
63,5,Cruise,Mirissa,Cruise,287,4,41.713
60,4,Private Vehicle,Bentota,Cultural / Temple Visit,63,3,0.47
47,7,Flight,Negombo,Flight,287,5,172.895
29,1,N/A,Kandy,Meal,69,3,2.089
49,1,Private Vehicle,Bentota,Vehicle Travel,283,5,4.457
60,3,Jeep,Bentota,Wildlife Safari,195,4,11.495
41,2,N/A,Jaffna,Resting,140,4,0.148
34,8,N/A,Mirissa,Resting,66,4,0.255
49,1,Private Vehicle,Negombo,Vehicle Travel,73,3,0.909
40,1,Train,Haputale,Vehicle Travel,187,3,1.617
43,14,Train,Dambulla,Vehicle Travel,116,5,17.771
39,20,Public Transport,Colombo,Shopping,114,3,9.244
37,5,Bicycle,Hikkaduwa,Bicycle Ride,42,4,0.006
63,5,Public Transport,Colombo,Airport Transfer,67,2,2.811
46,10,Private Vehicle,Yala,Spa / Ayurveda,196,4,13.411
47,1,Public Transport,Jaffna,Sightseeing,196,3,0.285
59,4,N/A,Bentota,Beach Leisure,130,4,0.48
40,1,N/A,Hikkaduwa,Meal,46,4,1.286
24,4,Private Vehicle,Dambulla,Vehicle Travel,60,2,2.76
71,19,Walking,Mirissa,Cultural / Temple Visit,133,3,1.272
21,10,Boat,Trincomalee,Boat Ride,60,5,3.147
54,19,Walking,Badulla,Sightseeing,273,4,3.012
34,9,Cruise,Hikkaduwa,Cruise,465,5,99.5
31,7,Private Vehicle,Nuwara Eliya,Other,83,4,1.165
20,10,Flight,Hikkaduwa,Flight,320,4,272.25
74,8,Private Vehicle,Arugam Bay,Vehicle Travel,157,4,17.239
45,5,Private Vehicle,Colombo,Private / Hired Vehicle,31,5,1.704
39,3,Walking,Haputale,Vehicle Travel,147,4,1.716
64,5,Private Vehicle,Dambulla,Vehicle Travel,199,3,12.04
20,2,Private Vehicle,Mirissa,Spa / Ayurveda,125,5,2.379
53,5,Walking,Hikkaduwa,Walking,54,5,0.003
49,1,Train,Jaffna,Vehicle Travel,133,3,1.263
52,6,Walking,Bentota,Walking,115,2,0.007
25,2,Walking,Haputale,Walking,130,4,0.003
78,3,Jeep,Jaffna,Wildlife Safari,246,4,15.524
33,5,Walking,Bentota,Walking,52,3,0.002
60,1,Private Vehicle,Hikkaduwa,Medical / Hospital Visit,82,4,0.855
65,16,Public Bus,Ella,Vehicle Travel,61,4,11.04
39,4,Flight,Bentota,Flight,94,3,26.788
26,3,Train,Galle,Vehicle Travel,210,4,5.644
36,1,Flight,Kandy,Flight,120,3,6.809
68,12,Public Bus,Polonnaruwa,Vehicle Travel,318,4,44.588
75,7,Walking,Yala,Walking,153,1,0.01
77,4,Jeep,Kalpitiya,Wildlife Safari,381,5,27.828
32,2,Private Vehicle,Mirissa,Spa / Ayurveda,88,3,1.142
56,9,Walking,Nuwara Eliya,Shopping,154,5,2.427
27,16,Water,Nuwara Eliya,Surfing,97,4,1.536
62,4,Public Bus,Arugam Bay,Vehicle Travel,144,3,5.775
44,1,Public Bus,Kandy,Vehicle Travel,135,5,1.819
62,1,Bicycle,Jaffna,Bicycle Ride,102,3,0.003
61,1,N/A,Arugam Bay,Beach Leisure,181,4,0.18
80,9,Flight,Galle,Flight,455,5,301.741
48,19,Bicycle,Trincomalee,Vehicle Travel,195,5,34.34
39,20,Walking,Polonnaruwa,Vehicle Travel,90,4,6.805
51,10,Private Vehicle,Haputale,Private / Hired Vehicle,46,5,5.99
28,1,Walking,Yala,Other,100,3,0.055
25,18,Private Vehicle,Kandy,Shopping,91,3,8.381
50,3,Tuk-Tuk,Kalpitiya,Vehicle Travel,257,1,8.179
70,3,Train,Jaffna,Vehicle Travel,138,3,3.707
51,8,Walking,Dambulla,Walking,34,4,0.003
67,1,Ferry,Colombo,Ferry,202,3,1.015
29,11,Public Transport,Sigiriya,Sightseeing,133,4,2.387
46,20,Private Vehicle,Sigiriya,Vehicle Travel,309,1,67.487
56,10,Walking,Negombo,Shopping,129,3,2.019
39,10,Public Transport,Hikkaduwa,Public Transport,40,4,0.433
18,4,Private Vehicle,Negombo,Vehicle Travel,182,2,8.168
22,1,Private Vehicle,Anuradhapura,Private / Hired Vehicle,74,4,0.859
76,10,Cruise,Bentota,Cruise,553,4,152.781
56,6,Cruise,Ella,Cruise,526,4,79.941
34,14,Walking,Sigiriya,Vehicle Travel,205,5,13.129
34,1,Walking,Ella,Other,43,5,0.023
20,3,Private Vehicle,Polonnaruwa,Airport Transfer,37,1,0.838
77,3,Public Transport,Hikkaduwa,Public Transport,44,4,0.182
24,8,Flight,Hikkaduwa,Flight,128,3,66.261
65,10,Cruise,Kalpitiya,Cruise,471,3,120.22
33,16,Private Vehicle,Negombo,Shopping,89,4,8.83
39,3,Public Transport,Bentota,Sightseeing,130,4,0.583
35,5,Bicycle,Bentota,Bicycle Ride,75,5,0.01
69,1,Private Vehicle,Galle,Private / Hired Vehicle,151,4,1.59
20,2,Public Bus,Negombo,Vehicle Travel,169,4,3.538
40,4,Public Transport,Kalpitiya,Public Transport,58,4,0.298
35,6,N/A,Negombo,Resting,70,2,0.196
35,5,Train,Arugam Bay,Vehicle Travel,123,1,4.608
30,3,N/A,Bentota,Resting,117,4,0.196
75,7,Train,Yala,Vehicle Travel,74,4,5.741
41,11,Public Transport,Sigiriya,Public Transport,53,2,0.638
44,2,Walking,Ella,Jogging,42,3,0.011
42,3,Cruise,Yala,Cruise,195,3,15.867
79,9,Walking,Nuwara Eliya,Jogging,40,4,0.047
39,10,Private Vehicle,Negombo,Vehicle Travel,77,3,9.804
39,11,Public Transport,Haputale,Sightseeing,166,2,2.469
38,2,Tuk-Tuk,Ella,Vehicle Travel,92,1,1.77
38,6,Walking,Colombo,Hiking,155,3,0.148
23,14,Public Transport,Kalpitiya,Shopping,99,4,6.086
56,4,Walking,Sigiriya,Cultural / Temple Visit,124,5,0.303
19,4,Train,Sigiriya,Vehicle Travel,194,3,7.157
32,19,Flight,Kalpitiya,Flight,258,4,331.485
30,1,Tuk-Tuk,Polonnaruwa,Vehicle Travel,209,4,2.379
36,9,Private Vehicle,Jaffna,Vehicle Travel,122,4,16.008
65,12,Walking,Ella,Walking,112,3,0.015
55,1,Flight,Negombo,Flight,412,2,25.652
80,9,Cruise,Negombo,Cruise,414,5,119.834
40,5,Water,Yala,Swimming / Snorkeling,130,5,0.701
76,12,Walking,Jaffna,Walking,171,3,0.022
20,14,N/A,Trincomalee,Resting,109,4,0.865
49,13,Public Transport,Hikkaduwa,Sightseeing,99,1,1.45
68,1,Public Transport,Trincomalee,Cultural / Temple Visit,81,1,0.103
51,10,N/A,Badulla,Resting,154,1,0.731
76,14,Bicycle,Colombo,Vehicle Travel,213,4,31.126
37,7,Flight,Kandy,Flight,90,3,39.732
20,7,Flight,Ella,Flight,122,2,46.837
66,1,Private Vehicle,Galle,Medical / Hospital Visit,43,1,0.316
22,12,Private Vehicle,Arugam Bay,Sightseeing,138,1,2.086
66,1,Private Vehicle,Kandy,Private / Hired Vehicle,153,3,1.577
64,3,Train,Ella,Vehicle Travel,207,4,6.317
71,15,Public Bus,Trincomalee,Vehicle Travel,166,4,27.001
48,16,Walking,Kalpitiya,Vehicle Travel,49,3,2.957
74,20,N/A,Polonnaruwa,Resting,125,3,1.431
28,5,Cruise,Nuwara Eliya,Cruise,255,4,32.967
45,2,N/A,Kandy,Meal,73,3,4.069
25,5,Bicycle,Negombo,Vehicle Travel,105,3,4.238
66,1,Private Vehicle,Dambulla,Spa / Ayurveda,83,5,0.74
62,13,Walking,Haputale,Shopping,154,4,3.287
68,6,Private Vehicle,Yala,Sightseeing,224,3,2.405
66,4,Public Transport,Kandy,Spa / Ayurveda,97,3,1.952
37,1,Train,Haputale,Vehicle Travel,131,2,1.111
22,4,Public Bus,Sigiriya,Vehicle Travel,142,1,5.874
76,12,Public Bus,Anuradhapura,Vehicle Travel,92,5,15.764
49,9,Boat,Yala,Boat Ride,146,4,6.483
23,1,Tuk-Tuk,Badulla,Vehicle Travel,104,1,1.009
76,1,Public Transport,Anuradhapura,Public Transport,20,2,0.024
80,4,Jeep,Jaffna,Wildlife Safari,312,3,22.935
46,1,Private Vehicle,Trincomalee,Airport Transfer,82,3,0.765
66,15,Public Transport,Badulla,Sightseeing,123,4,2.536
20,7,Private Vehicle,Badulla,Sightseeing,162,3,1.846
23,1,Private Vehicle,Mirissa,Vehicle Travel,215,5,3.106
35,10,Train,Galle,Vehicle Travel,129,4,12.253
59,3,Private Vehicle,Bentota,Private / Hired Vehicle,50,5,1.661
26,2,N/A,Hikkaduwa,Beach Leisure,227,5,0.486
20,6,Private Vehicle,Polonnaruwa,Shopping,104,5,4.442
60,1,N/A,Dambulla,Resting,134,5,0.093
66,5,Public Transport,Arugam Bay,Public Transport,39,3,0.235
64,12,Water,Hikkaduwa,Surfing,82,2,0.928
68,15,Public Transport,Bentota,Sightseeing,212,2,4.928
68,3,Private Vehicle,Mirissa,Vehicle Travel,51,4,2.36
55,7,Train,Arugam Bay,Vehicle Travel,127,4,8.447
50,2,Bicycle,Hikkaduwa,Bicycle Ride,48,2,0.002
71,6,Private Vehicle,Kalpitiya,Private / Hired Vehicle,148,5,11.193
39,2,Train,Polonnaruwa,Vehicle Travel,224,4,5.065
24,6,Walking,Negombo,Vehicle Travel,76,4,2.085
65,2,Public Transport,Dambulla,Sightseeing,98,3,0.31
35,15,Walking,Ella,Walking,65,2,0.009
79,13,Tuk-Tuk,Ella,Vehicle Travel,88,4,16.249
44,3,Private Vehicle,Polonnaruwa,Spa / Ayurveda,150,2,3.039
71,10,Flight,Trincomalee,Flight,128,4,105.271
20,1,Private Vehicle,Yala,Private / Hired Vehicle,148,3,1.244
59,9,Bicycle,Hikkaduwa,Vehicle Travel,242,3,17.073
46,3,N/A,Kandy,Resting,103,3,0.168
47,1,N/A,Ella,Resting,161,4,0.101
34,8,Public Transport,Galle,Public Transport,31,3,0.326
79,5,Bicycle,Jaffna,Vehicle Travel,187,5,8.184
42,5,Private Vehicle,Kandy,Other,162,1,1.102
71,5,Public Bus,Colombo,Vehicle Travel,299,5,19.343
44,1,N/A,Hikkaduwa,Resting,202,1,0.079
21,1,Public Transport,Negombo,Spa / Ayurveda,121,2,0.741
73,7,Private Vehicle,Sigiriya,Vehicle Travel,165,5,19.041
29,7,Walking,Hikkaduwa,Sightseeing,131,4,0.554
35,1,N/A,Kandy,Meal,53,4,1.661
72,4,Public Bus,Yala,Vehicle Travel,125,4,6.068
74,7,N/A,Anuradhapura,Resting,73,3,0.247
75,8,N/A,Bentota,Meal,65,4,16.344
44,11,Private Vehicle,Kalpitiya,Shopping,66,2,3.236
65,4,Private Vehicle,Kandy,Private / Hired Vehicle,136,4,5.047
38,6,Tuk-Tuk,Mirissa,Vehicle Travel,66,5,5.884
64,6,N/A,Sigiriya,Other,60,5,0.777
49,3,Public Bus,Arugam Bay,Vehicle Travel,190,4,6.952
21,1,Walking,Nuwara Eliya,Walking,52,4,0.001
44,1,Walking,Negombo,Cultural / Temple Visit,51,4,0.031
47,12,Bicycle,Kandy,Bicycle Ride,108,3,0.036
34,2,Public Bus,Kandy,Vehicle Travel,208,5,5.0
41,7,Train,Bentota,Vehicle Travel,181,4,12.472
49,6,Tuk-Tuk,Kalpitiya,Vehicle Travel,117,3,8.303
21,4,Train,Colombo,Vehicle Travel,294,4,12.261
27,12,Private Vehicle,Ella,Private / Hired Vehicle,114,1,10.683
66,8,Ferry,Arugam Bay,Ferry,62,5,3.138
40,1,Walking,Colombo,Hiking,188,5,0.031
56,10,Private Vehicle,Trincomalee,Private / Hired Vehicle,162,3,14.458
53,5,Jeep,Anuradhapura,Wildlife Safari,214,1,14.264
52,3,Bicycle,Mirissa,Bicycle Ride,80,4,0.007
44,9,Cruise,Kandy,Cruise,431,2,82.863
48,8,Tuk-Tuk,Ella,Vehicle Travel,246,5,27.818
69,3,Private Vehicle,Ella,Vehicle Travel,241,1,8.055
78,19,N/A,Negombo,Meal,53,3,31.6
34,7,Private Vehicle,Negombo,Vehicle Travel,218,1,17.243
60,7,Public Transport,Galle,Sightseeing,182,4,2.122
79,1,Flight,Yala,Flight,263,4,19.179
18,2,Tuk-Tuk,Negombo,Vehicle Travel,80,5,2.255
67,4,Walking,Colombo,Vehicle Travel,198,5,4.328
49,7,Walking,Galle,Hiking,248,4,0.297
78,5,Private Vehicle,Mirissa,Other,114,3,0.931
54,10,N/A,Jaffna,Other,64,2,0.941
70,2,N/A,Negombo,Meal,54,5,3.962
28,9,Train,Arugam Bay,Vehicle Travel,85,3,6.022
26,11,Boat,Haputale,Boat Ride,167,5,7.974
76,10,Flight,Galle,Flight,529,5,421.959
51,10,Private Vehicle,Ella,Shopping,97,4,5.673
53,13,Walking,Mirissa,Vehicle Travel,43,4,2.627
28,1,Private Vehicle,Kalpitiya,Spa / Ayurveda,136,5,1.105
32,8,Private Vehicle,Colombo,Sightseeing,152,4,2.285
69,17,Walking,Negombo,Walking,78,4,0.016
37,6,Public Transport,Badulla,Sightseeing,130,3,1.117
54,2,Water,Jaffna,Surfing,111,3,0.182
37,20,Walking,Polonnaruwa,Cultural / Temple Visit,108,3,1.273
34,2,Private Vehicle,Sigiriya,Vehicle Travel,201,5,5.589
28,3,Private Vehicle,Polonnaruwa,Sightseeing,72,4,0.409
76,2,Bicycle,Arugam Bay,Vehicle Travel,147,4,2.436
77,5,Water,Sigiriya,Surfing,32,1,0.124
25,4,Walking,Ella,Jogging,28,5,0.018
40,5,Private Vehicle,Kalpitiya,Vehicle Travel,337,3,20.72
53,15,Private Vehicle,Negombo,Spa / Ayurveda,77,4,7.923
42,5,N/A,Dambulla,Meal,58,1,6.986
63,5,Train,Negombo,Vehicle Travel,151,5,9.184
34,13,Walking,Sigiriya,Jogging,28,4,0.044
21,11,Private Vehicle,Ella,Spa / Ayurveda,188,3,15.585
39,2,Train,Mirissa,Vehicle Travel,100,3,1.76
55,1,N/A,Sigiriya,Meal,59,3,1.865
29,7,Public Bus,Mirissa,Vehicle Travel,214,3,13.58
69,12,Water,Haputale,Surfing,212,2,2.125
18,6,Flight,Negombo,Flight,473,3,166.245
22,2,N/A,Arugam Bay,Meal,78,3,4.591
50,9,Walking,Haputale,Walking,131,3,0.011
50,8,Public Transport,Jaffna,Cultural / Temple Visit,139,4,1.696
36,6,Private Vehicle,Arugam Bay,Airport Transfer,89,3,5.716
34,12,Water,Badulla,Swimming / Snorkeling,61,2,0.609
22,10,Tuk-Tuk,Bentota,Vehicle Travel,101,5,14.141
59,8,Public Transport,Nuwara Eliya,Airport Transfer,115,3,7.731
41,8,Walking,Galle,Other,74,4,0.368
25,8,Public Transport,Mirissa,Shopping,94,5,3.86
43,5,Public Transport,Trincomalee,Airport Transfer,62,4,2.902
77,5,Water,Dambulla,Swimming / Snorkeling,109,4,0.439
34,9,Cruise,Galle,Cruise,342,4,78.09
74,7,Train,Bentota,Vehicle Travel,164,5,12.755
34,5,Public Transport,Galle,Cultural / Temple Visit,68,5,0.563
29,1,Public Bus,Bentota,Vehicle Travel,215,2,2.142
34,9,Private Vehicle,Badulla,Vehicle Travel,48,4,5.817
38,7,Private Vehicle,Kalpitiya,Vehicle Travel,257,5,26.972
25,3,Walking,Arugam Bay,Vehicle Travel,96,5,1.223
55,3,Public Transport,Kandy,Public Transport,53,2,0.172
39,2,Flight,Badulla,Flight,150,3,15.707
63,16,Private Vehicle,Ella,Vehicle Travel,242,4,54.254
48,12,Private Vehicle,Galle,Airport Transfer,157,3,15.713
45,6,Public Transport,Yala,Sightseeing,191,4,2.047
47,4,Public Transport,Haputale,Sightseeing,44,3,0.27
27,9,Train,Dambulla,Vehicle Travel,195,3,16.313
62,5,Private Vehicle,Anuradhapura,Sightseeing,164,3,1.288
24,18,Flight,Arugam Bay,Flight,189,5,274.027
63,1,N/A,Kandy,Resting,144,5,0.088
80,1,N/A,Sigiriya,Resting,122,5,0.083
66,6,Public Bus,Hikkaduwa,Vehicle Travel,117,5,8.87
46,2,Boat,Yala,Boat Ride,30,5,0.293
37,7,Train,Badulla,Vehicle Travel,140,3,7.816
72,10,Private Vehicle,Yala,Vehicle Travel,111,2,14.754
34,1,Private Vehicle,Polonnaruwa,Shopping,96,5,0.615
48,4,N/A,Negombo,Beach Leisure,230,4,0.77
66,8,N/A,Trincomalee,Meal,69,3,18.387
76,12,Private Vehicle,Kalpitiya,Medical / Hospital Visit,32,5,4.095
76,5,Walking,Kalpitiya,Walking,59,3,0.003
23,2,Bicycle,Bentota,Bicycle Ride,64,5,0.004
74,6,Train,Sigiriya,Vehicle Travel,170,4,9.341
25,4,Walking,Negombo,Jogging,36,1,0.014
54,10,N/A,Colombo,Meal,85,5,29.763
76,6,Public Transport,Negombo,Shopping,141,4,4.456
59,2,Private Vehicle,Yala,Private / Hired Vehicle,55,4,1.238
77,10,Walking,Dambulla,Vehicle Travel,115,4,5.524
39,5,Public Bus,Galle,Vehicle Travel,266,2,13.402
37,2,Walking,Jaffna,Walking,120,2,0.002
38,6,Public Transport,Trincomalee,Spa / Ayurveda,152,1,3.908
40,16,Private Vehicle,Colombo,Private / Hired Vehicle,122,2,18.677
61,9,Walking,Trincomalee,Walking,62,3,0.006
46,3,Flight,Hikkaduwa,Flight,499,4,102.977
64,9,Tuk-Tuk,Yala,Vehicle Travel,43,2,4.551
44,3,Public Transport,Mirissa,Public Transport,55,4,0.231
37,6,Public Transport,Bentota,Sightseeing,106,3,0.939
29,5,Public Bus,Mirissa,Vehicle Travel,85,3,3.918
52,2,Walking,Nuwara Eliya,Sightseeing,202,5,0.23
74,3,Private Vehicle,Sigiriya,Vehicle Travel,209,5,9.331
72,15,Water,Kandy,Swimming / Snorkeling,107,5,1.924
33,2,Public Bus,Kandy,Vehicle Travel,99,1,1.781
48,11,Public Transport,Galle,Spa / Ayurveda,155,4,10.944
62,8,Train,Ella,Vehicle Travel,122,2,7.5
56,5,Private Vehicle,Negombo,Cultural / Temple Visit,77,4,0.788
22,1,N/A,Nuwara Eliya,Meal,73,5,2.599
55,2,Bicycle,Anuradhapura,Vehicle Travel,119,3,1.725
20,2,Water,Ella,Surfing,64,5,0.13
25,6,Private Vehicle,Yala,Shopping,152,4,5.219
59,18,Flight,Nuwara Eliya,Flight,287,3,323.049
24,13,Private Vehicle,Bentota,Private / Hired Vehicle,161,2,16.716
39,1,Private Vehicle,Kandy,Private / Hired Vehicle,149,5,1.705
55,2,Flight,Trincomalee,Flight,260,3,34.137
59,1,Private Vehicle,Sigiriya,Spa / Ayurveda,94,1,0.474
46,18,Tuk-Tuk,Hikkaduwa,Vehicle Travel,90,2,17.417
23,2,Bicycle,Badulla,Vehicle Travel,117,5,1.977
68,2,Private Vehicle,Arugam Bay,Vehicle Travel,186,3,5.094
77,7,Walking,Trincomalee,Walking,121,5,0.01
73,6,N/A,Polonnaruwa,Resting,84,4,0.268
65,2,Public Bus,Bentota,Vehicle Travel,267,3,4.553
43,8,Cruise,Galle,Cruise,342,3,66.883
73,1,Walking,Negombo,Shopping,203,4,0.317
48,1,Private Vehicle,Mirissa,Vehicle Travel,78,3,0.885
26,1,Private Vehicle,Arugam Bay,Vehicle Travel,237,1,2.475
71,3,N/A,Anuradhapura,Beach Leisure,184,3,0.487
38,18,N/A,Colombo,Meal,56,5,37.38
77,6,Train,Jaffna,Vehicle Travel,95,4,6.235
41,10,Train,Trincomalee,Vehicle Travel,110,4,11.566
72,3,Public Bus,Trincomalee,Vehicle Travel,128,3,4.61
51,9,N/A,Bentota,Meal,74,3,21.408
47,17,Bicycle,Ella,Vehicle Travel,237,4,34.593
36,3,N/A,Jaffna,Meal,63,2,5.262
70,20,Walking,Mirissa,Hiking,111,5,0.456
21,7,Public Transport,Ella,Public Transport,75,5,0.609
47,10,Flight,Galle,Flight,374,3,234.034
41,2,N/A,Arugam Bay,Meal,50,5,3.031
52,7,Public Transport,Colombo,Public Transport,72,4,0.611
34,5,Cruise,Ella,Cruise,277,4,31.29
59,16,Public Transport,Mirissa,Sightseeing,85,2,1.978
42,14,Ferry,Sigiriya,Ferry,146,5,12.522
29,4,Private Vehicle,Arugam Bay,Cultural / Temple Visit,118,3,0.863
30,16,Public Bus,Hikkaduwa,Vehicle Travel,168,5,29.953
61,13,Walking,Ella,Other,199,3,1.289
34,6,Bicycle,Nuwara Eliya,Bicycle Ride,161,3,0.026
37,1,Cruise,Sigiriya,Cruise,167,5,4.568
57,1,Public Transport,Yala,Public Transport,93,3,0.104
38,1,N/A,Jaffna,Meal,56,1,1.455
42,1,Ferry,Kandy,Ferry,111,5,0.676
33,18,Bicycle,Arugam Bay,Vehicle Travel,260,3,37.41
39,2,Walking,Hikkaduwa,Walking,97,5,0.002
61,8,Public Transport,Kalpitiya,Spa / Ayurveda,107,5,6.029
51,7,Water,Trincomalee,Swimming / Snorkeling,81,1,0.46
80,7,Private Vehicle,Mirissa,Vehicle Travel,104,4,11.565
66,2,Walking,Polonnaruwa,Sightseeing,128,5,0.166
19,6,Private Vehicle,Negombo,Other,145,5,1.894
41,7,Public Transport,Trincomalee,Public Transport,35,4,0.309
36,6,Tuk-Tuk,Jaffna,Vehicle Travel,185,4,12.615
55,2,Public Bus,Badulla,Vehicle Travel,190,4,4.342
34,9,Train,Dambulla,Vehicle Travel,61,2,5.214
78,1,N/A,Nuwara Eliya,Beach Leisure,202,4,0.218
36,6,Walking,Arugam Bay,Walking,47,3,0.003
50,4,Private Vehicle,Negombo,Spa / Ayurveda,159,3,4.054
25,2,Public Transport,Trincomalee,Sightseeing,63,3,0.162
75,11,Water,Yala,Swimming / Snorkeling,87,5,1.03
75,2,Cruise,Mirissa,Cruise,363,3,17.372
68,15,Walking,Anuradhapura,Hiking,141,3,0.339
40,13,Walking,Hikkaduwa,Jogging,60,1,0.085
21,3,Private Vehicle,Negombo,Airport Transfer,67,2,1.551
62,3,Ferry,Kalpitiya,Ferry,73,5,1.241
45,1,Walking,Badulla,Shopping,213,3,0.317
80,14,Walking,Negombo,Hiking,248,2,0.558
61,7,Private Vehicle,Dambulla,Shopping,164,5,7.646
51,1,Private Vehicle,Dambulla,Private / Hired Vehicle,88,1,0.649
80,5,N/A,Bentota,Resting,64,3,0.157
68,1,Private Vehicle,Haputale,Spa / Ayurveda,143,5,1.146
46,6,Private Vehicle,Trincomalee,Sightseeing,211,4,2.523
19,5,Public Bus,Kalpitiya,Vehicle Travel,179,2,8.098
23,1,Walking,Nuwara Eliya,Vehicle Travel,248,4,1.021
45,11,Public Transport,Bentota,Public Transport,33,4,0.477
53,2,Boat,Mirissa,Boat Ride,67,4,0.738
19,6,Private Vehicle,Jaffna,Vehicle Travel,71,3,4.757
25,7,Private Vehicle,Yala,Medical / Hospital Visit,52,5,4.06
62,16,Tuk-Tuk,Nuwara Eliya,Vehicle Travel,114,4,24.642
65,5,Walking,Nuwara Eliya,Walking,106,4,0.007
19,14,Walking,Negombo,Jogging,50,5,0.119
49,3,Walking,Colombo,Jogging,36,5,0.017
23,12,Private Vehicle,Galle,Medical / Hospital Visit,48,4,4.964
63,2,Public Transport,Haputale,Spa / Ayurveda,97,3,1.222
70,9,Flight,Badulla,Flight,237,1,109.286
72,1,Public Transport,Kandy,Cultural / Temple Visit,173,4,0.295
55,19,Water,Galle,Surfing,166,1,2.185
57,16,Private Vehicle,Bentota,Vehicle Travel,338,4,75.372
76,4,Private Vehicle,Jaffna,Airport Transfer,103,4,3.71
56,5,Bicycle,Ella,Vehicle Travel,53,4,2.24
46,6,Tuk-Tuk,Badulla,Vehicle Travel,120,2,7.86
65,2,Private Vehicle,Arugam Bay,Airport Transfer,119,5,2.701
55,8,N/A,Trincomalee,Beach Leisure,103,4,0.78
71,8,Public Transport,Ella,Public Transport,79,4,0.771
51,5,Bicycle,Bentota,Vehicle Travel,130,4,5.82
72,1,Ferry,Negombo,Ferry,87,2,0.42
20,14,N/A,Mirissa,Meal,51,4,26.624
20,1,Flight,Nuwara Eliya,Flight,308,1,16.578
24,7,Flight,Yala,Flight,338,4,165.963
53,1,Public Transport,Ella,Cultural / Temple Visit,57,2,0.076
62,1,Public Transport,Yala,Spa / Ayurveda,174,2,1.081
31,1,Public Transport,Nuwara Eliya,Public Transport,145,3,0.159
27,3,Private Vehicle,Badulla,Private / Hired Vehicle,150,1,3.991
72,7,Tuk-Tuk,Sigiriya,Vehicle Travel,67,5,7.775
65,5,N/A,Arugam Bay,Meal,51,5,9.092
58,8,Bicycle,Mirissa,Bicycle Ride,114,1,0.02
48,8,Walking,Colombo,Hiking,65,1,0.064
44,1,Tuk-Tuk,Nuwara Eliya,Vehicle Travel,168,4,1.871
19,1,Walking,Badulla,Vehicle Travel,265,1,0.856
29,7,Bicycle,Hikkaduwa,Bicycle Ride,32,3,0.006
74,7,Water,Nuwara Eliya,Surfing,139,2,0.874
39,6,Cruise,Yala,Cruise,431,4,66.506
62,2,Private Vehicle,Kalpitiya,Private / Hired Vehicle,88,5,2.219
62,11,Private Vehicle,Ella,Private / Hired Vehicle,60,2,6.035
37,1,Public Bus,Sigiriya,Vehicle Travel,173,5,2.065
30,7,Train,Nuwara Eliya,Vehicle Travel,232,5,17.283
61,1,Flight,Hikkaduwa,Flight,426,5,35.886
23,8,Private Vehicle,Trincomalee,Sightseeing,181,4,2.576
49,4,N/A,Trincomalee,Meal,73,5,11.294
73,9,Flight,Anuradhapura,Flight,227,4,140.797
62,1,Cruise,Bentota,Cruise,370,5,10.801
66,6,Flight,Trincomalee,Flight,122,2,38.877
23,1,Walking,Dambulla,Walking,73,4,0.001
30,8,Public Transport,Polonnaruwa,Sightseeing,135,4,1.532
35,1,Walking,Dambulla,Walking,111,1,0.001
36,1,Flight,Colombo,Flight,309,3,19.938
30,9,Bicycle,Arugam Bay,Bicycle Ride,126,2,0.03
79,1,N/A,Anuradhapura,Other,148,3,0.304
28,2,Private Vehicle,Haputale,Other,69,2,0.216
62,11,Water,Yala,Swimming / Snorkeling,107,3,0.973
54,11,Cruise,Nuwara Eliya,Cruise,333,3,91.867
56,12,Flight,Sigiriya,Flight,84,4,69.269
31,3,Flight,Ella,Flight,159,2,26.682
37,5,Private Vehicle,Yala,Vehicle Travel,325,3,20.162
56,10,Public Transport,Sigiriya,Airport Transfer,130,3,10.058
36,1,Walking,Jaffna,Vehicle Travel,189,3,0.819
61,9,Private Vehicle,Nuwara Eliya,Private / Hired Vehicle,42,1,3.033
20,1,Walking,Jaffna,Hiking,263,5,0.048
22,14,Private Vehicle,Mirissa,Sightseeing,122,3,3.031
63,7,Walking,Hikkaduwa,Vehicle Travel,113,3,3.644
56,5,Private Vehicle,Kalpitiya,Private / Hired Vehicle,157,4,8.099
20,5,Private Vehicle,Kandy,Vehicle Travel,104,5,6.675
74,2,Tuk-Tuk,Kandy,Vehicle Travel,98,3,2.339
18,3,Private Vehicle,Arugam Bay,Sightseeing,106,3,0.458
78,9,Train,Trincomalee,Vehicle Travel,105,4,9.375
63,6,Private Vehicle,Dambulla,Vehicle Travel,207,3,18.175
80,5,Public Transport,Nuwara Eliya,Shopping,91,3,1.973
77,2,Tuk-Tuk,Arugam Bay,Vehicle Travel,227,5,6.127
37,8,Walking,Mirissa,Shopping,153,5,2.403
65,4,N/A,Hikkaduwa,Meal,46,4,6.061
31,2,Boat,Trincomalee,Boat Ride,67,1,0.55
47,15,Public Transport,Jaffna,Sightseeing,65,4,1.521
33,5,Private Vehicle,Ella,Sightseeing,106,5,1.133
48,5,Private Vehicle,Arugam Bay,Medical / Hospital Visit,37,5,1.692
72,19,Public Bus,Trincomalee,Vehicle Travel,191,2,33.915
45,3,Walking,Kandy,Vehicle Travel,113,2,1.201
23,15,Private Vehicle,Badulla,Medical / Hospital Visit,59,2,6.78
38,8,Bicycle,Mirissa,Vehicle Travel,257,5,22.48
67,7,Private Vehicle,Negombo,Vehicle Travel,92,3,9.169
50,2,Boat,Trincomalee,Boat Ride,57,3,0.558
53,1,Private Vehicle,Haputale,Private / Hired Vehicle,158,3,1.48
45,4,Private Vehicle,Colombo,Private / Hired Vehicle,146,3,4.852
36,1,Public Transport,Badulla,Shopping,185,5,1.09
55,1,Bicycle,Nuwara Eliya,Vehicle Travel,316,3,2.124
57,6,Walking,Kalpitiya,Sightseeing,147,3,0.44
74,9,N/A,Kandy,Meal,50,4,16.045
56,1,Tuk-Tuk,Bentota,Vehicle Travel,81,4,1.25
80,9,Private Vehicle,Jaffna,Vehicle Travel,280,4,42.597
70,16,Flight,Hikkaduwa,Flight,175,5,237.431
22,9,Walking,Colombo,Cultural / Temple Visit,82,2,0.411
42,10,N/A,Anuradhapura,Meal,58,1,13.804
42,8,Flight,Polonnaruwa,Flight,224,1,99.014
18,2,Walking,Ella,Hiking,98,4,0.036
29,3,N/A,Haputale,Beach Leisure,183,5,0.496
66,16,N/A,Negombo,Resting,134,3,1.173
40,8,Train,Badulla,Vehicle Travel,201,4,16.023
27,10,N/A,Haputale,Resting,89,4,0.506
36,17,Private Vehicle,Nuwara Eliya,Vehicle Travel,148,5,34.884
35,2,Private Vehicle,Haputale,Sightseeing,240,3,0.828
28,3,Water,Arugam Bay,Swimming / Snorkeling,141,2,0.343
24,7,Walking,Sigiriya,Jogging,36,4,0.033
66,1,Flight,Kalpitiya,Flight,389,5,33.131
69,6,Public Transport,Arugam Bay,Shopping,114,4,3.784
49,11,Walking,Hikkaduwa,Sightseeing,169,5,1.1
56,7,Public Bus,Mirissa,Vehicle Travel,182,3,13.663
75,3,Boat,Sigiriya,Boat Ride,135,4,2.351
71,9,Jeep,Badulla,Wildlife Safari,298,3,51.151
20,1,Private Vehicle,Polonnaruwa,Sightseeing,144,3,0.237
78,13,N/A,Trincomalee,Beach Leisure,246,3,3.142
22,1,Walking,Jaffna,Vehicle Travel,116,2,0.401
19,12,Private Vehicle,Kandy,Vehicle Travel,202,1,27.165
43,5,Ferry,Negombo,Ferry,89,4,2.211
64,4,Private Vehicle,Haputale,Vehicle Travel,25,5,1.403
23,5,Tuk-Tuk,Badulla,Vehicle Travel,251,3,14.573
36,2,Public Transport,Jaffna,Cultural / Temple Visit,51,3,0.155
34,4,N/A,Badulla,Other,44,1,0.263
43,12,Bicycle,Dambulla,Vehicle Travel,115,3,9.73
80,11,Bicycle,Trincomalee,Vehicle Travel,138,3,9.855
38,1,Private Vehicle,Polonnaruwa,Vehicle Travel,311,4,4.557
31,8,N/A,Ella,Meal,77,5,24.128
25,12,Walking,Hikkaduwa,Jogging,30,4,0.042
30,11,N/A,Mirissa,Meal,54,4,18.326
26,4,Public Transport,Arugam Bay,Public Transport,61,4,0.281
54,1,Flight,Mirissa,Flight,360,2,22.398
44,15,Tuk-Tuk,Kalpitiya,Vehicle Travel,107,3,20.143
49,4,Walking,Jaffna,Walking,114,2,0.004
70,3,Private Vehicle,Anuradhapura,Vehicle Travel,89,3,3.392
54,10,Walking,Yala,Sightseeing,166,5,1.084
27,2,Private Vehicle,Jaffna,Private / Hired Vehicle,28,3,0.426
41,12,Private Vehicle,Jaffna,Sightseeing,167,3,3.607
37,1,Water,Bentota,Swimming / Snorkeling,99,2,0.085
70,9,Boat,Trincomalee,Boat Ride,65,3,2.755
37,17,Tuk-Tuk,Sigiriya,Vehicle Travel,109,5,24.389
26,20,Walking,Haputale,Jogging,27,3,0.066
64,14,Public Transport,Trincomalee,Sightseeing,178,4,4.017
44,13,Walking,Polonnaruwa,Walking,32,1,0.004
24,2,Private Vehicle,Anuradhapura,Vehicle Travel,140,2,2.881
61,17,Public Bus,Anuradhapura,Vehicle Travel,298,3,54.508
31,15,Private Vehicle,Sigiriya,Other,206,5,6.098
72,6,Tuk-Tuk,Jaffna,Vehicle Travel,140,2,9.561
70,4,Walking,Mirissa,Vehicle Travel,149,4,2.484
41,1,Private Vehicle,Jaffna,Vehicle Travel,216,2,2.648
53,6,Walking,Polonnaruwa,Walking,124,4,0.009
53,8,Public Transport,Trincomalee,Public Transport,115,4,1.208
59,4,Walking,Polonnaruwa,Other,51,4,0.102
22,4,Cruise,Kandy,Cruise,390,3,36.341
38,6,Private Vehicle,Anuradhapura,Private / Hired Vehicle,119,2,6.36
28,1,Bicycle,Negombo,Vehicle Travel,241,5,2.174
61,16,Public Transport,Anuradhapura,Public Transport,45,4,0.886
22,3,Water,Negombo,Swimming / Snorkeling,64,2,0.151
50,1,N/A,Jaffna,Resting,112,3,0.062
63,1,Public Transport,Arugam Bay,Public Transport,52,1,0.052
77,12,Train,Jaffna,Vehicle Travel,244,3,30.529
36,12,Walking,Haputale,Hiking,207,3,0.354
18,1,Private Vehicle,Hikkaduwa,Private / Hired Vehicle,30,2,0.24
63,1,N/A,Badulla,Beach Leisure,211,3,0.182
18,4,Tuk-Tuk,Kandy,Vehicle Travel,82,4,3.365
22,2,Private Vehicle,Polonnaruwa,Vehicle Travel,145,5,4.375
80,9,Walking,Kalpitiya,Vehicle Travel,135,4,5.265
72,1,Private Vehicle,Haputale,Spa / Ayurveda,133,4,1.105
62,6,Walking,Trincomalee,Walking,39,4,0.002
70,4,Private Vehicle,Arugam Bay,Vehicle Travel,96,3,5.396
22,5,Bicycle,Jaffna,Bicycle Ride,114,4,0.016
23,4,Tuk-Tuk,Haputale,Vehicle Travel,131,1,5.59
36,1,Public Bus,Kalpitiya,Vehicle Travel,70,1,0.582
19,2,Private Vehicle,Haputale,Shopping,203,4,2.294
73,1,Bicycle,Badulla,Bicycle Ride,108,2,0.003
21,1,Flight,Mirissa,Flight,302,4,17.211
52,18,Train,Sigiriya,Vehicle Travel,101,4,19.504
71,2,Private Vehicle,Ella,Airport Transfer,49,1,0.81
64,3,Public Transport,Kalpitiya,Shopping,47,3,0.57
32,1,N/A,Ella,Meal,57,4,1.792
47,10,Private Vehicle,Kandy,Private / Hired Vehicle,165,4,18.633
52,14,Private Vehicle,Arugam Bay,Private / Hired Vehicle,62,5,9.762
66,10,Public Transport,Negombo,Public Transport,110,3,1.335
44,7,Walking,Negombo,Walking,51,5,0.004
35,11,Walking,Sigiriya,Walking,40,3,0.004
68,4,Private Vehicle,Trincomalee,Other,24,1,0.153
73,12,N/A,Kalpitiya,Meal,46,4,20.374
48,11,Flight,Dambulla,Flight,174,3,123.559
19,1,Private Vehicle,Haputale,Vehicle Travel,261,2,3.212
49,5,Public Bus,Dambulla,Vehicle Travel,68,3,3.349
74,2,Cruise,Kandy,Cruise,512,5,31.413
80,1,Private Vehicle,Nuwara Eliya,Shopping,211,5,1.284
43,12,N/A,Ella,Beach Leisure,240,5,2.858
27,1,Walking,Galle,Shopping,195,3,0.292
54,9,Public Transport,Kalpitiya,Airport Transfer,60,3,3.821
70,19,Private Vehicle,Negombo,Sightseeing,156,5,7.684
77,5,Water,Haputale,Surfing,147,3,0.627
21,3,Walking,Bentota,Walking,112,3,0.003
36,7,Bicycle,Badulla,Vehicle Travel,266,3,12.467
48,11,Flight,Haputale,Flight,379,4,227.082
24,2,Tuk-Tuk,Galle,Vehicle Travel,35,4,0.975
73,2,N/A,Kalpitiya,Beach Leisure,199,3,0.358
25,7,Walking,Galle,Walking,60,1,0.003
59,15,Public Transport,Arugam Bay,Sightseeing,180,4,4.047
75,3,Train,Ella,Vehicle Travel,32,4,1.151
61,4,Walking,Jaffna,Vehicle Travel,102,2,1.572
66,20,Walking,Colombo,Shopping,87,3,2.2
34,2,N/A,Polonnaruwa,Other,63,5,0.246
70,1,N/A,Arugam Bay,Meal,53,4,1.767
44,6,Public Transport,Kalpitiya,Shopping,129,4,3.838
21,1,Public Transport,Yala,Public Transport,125,4,0.156
41,2,Public Transport,Jaffna,Cultural / Temple Visit,114,5,0.343
40,7,Water,Negombo,Swimming / Snorkeling,77,3,0.431
50,8,Walking,Badulla,Walking,48,3,0.004
34,5,Train,Anuradhapura,Vehicle Travel,192,3,8.814
47,4,Private Vehicle,Trincomalee,Spa / Ayurveda,171,5,5.449
44,6,Public Transport,Bentota,Spa / Ayurveda,103,2,3.236
38,7,Public Transport,Colombo,Public Transport,37,2,0.275
61,11,Public Bus,Kalpitiya,Vehicle Travel,271,3,28.905
37,10,N/A,Jaffna,Meal,59,4,20.994
66,8,Public Transport,Anuradhapura,Shopping,63,4,2.727
33,13,N/A,Dambulla,Beach Leisure,132,3,1.564
72,12,Flight,Polonnaruwa,Flight,252,3,181.126
40,1,Walking,Badulla,Vehicle Travel,143,4,0.606
20,16,Bicycle,Yala,Bicycle Ride,54,1,0.02
27,13,Walking,Galle,Walking,31,4,0.004
68,3,Public Bus,Arugam Bay,Vehicle Travel,268,2,7.304
72,1,Public Bus,Yala,Vehicle Travel,265,5,3.165
31,7,N/A,Nuwara Eliya,Other,131,3,1.35
55,4,N/A,Jaffna,Meal,66,4,9.411
54,10,Private Vehicle,Yala,Shopping,95,2,5.042
26,5,N/A,Kalpitiya,Resting,75,3,0.183
46,1,Walking,Colombo,Walking,24,4,0.0
61,2,Private Vehicle,Negombo,Vehicle Travel,211,4,5.714
78,13,N/A,Mirissa,Meal,62,4,32.807
71,1,Tuk-Tuk,Nuwara Eliya,Vehicle Travel,309,4,3.917
24,9,Flight,Anuradhapura,Flight,165,4,96.795
32,3,Public Transport,Kalpitiya,Sightseeing,204,5,1.047
45,4,Private Vehicle,Anuradhapura,Other,197,3,1.199
27,5,Public Transport,Hikkaduwa,Cultural / Temple Visit,138,5,1.218
53,2,Water,Trincomalee,Swimming / Snorkeling,44,3,0.085
18,7,Private Vehicle,Kalpitiya,Vehicle Travel,185,3,15.802
25,8,N/A,Hikkaduwa,Resting,94,4,0.44
20,1,Public Bus,Polonnaruwa,Vehicle Travel,282,1,2.001
36,4,Public Transport,Haputale,Public Transport,58,2,0.231
66,9,Public Transport,Galle,Spa / Ayurveda,151,1,7.006
29,9,Private Vehicle,Polonnaruwa,Private / Hired Vehicle,183,4,14.152
80,6,Walking,Badulla,Jogging,36,4,0.033
34,10,Walking,Colombo,Other,90,1,0.373
20,1,Public Transport,Arugam Bay,Cultural / Temple Visit,79,2,0.109
39,1,Public Bus,Sigiriya,Vehicle Travel,128,3,1.254
65,8,Walking,Badulla,Walking,95,3,0.008
24,8,Private Vehicle,Anuradhapura,Vehicle Travel,87,2,6.477
22,11,Public Transport,Ella,Public Transport,94,2,1.016
71,2,Walking,Kandy,Shopping,119,5,0.486
55,5,Flight,Dambulla,Flight,203,4,63.707
39,8,Private Vehicle,Kandy,Airport Transfer,142,3,9.673
65,2,Tuk-Tuk,Bentota,Vehicle Travel,238,3,5.423
71,5,Walking,Jaffna,Jogging,20,2,0.012
40,7,Jeep,Colombo,Wildlife Safari,206,3,24.638
53,2,Private Vehicle,Ella,Sightseeing,64,3,0.225
18,4,Private Vehicle,Badulla,Spa / Ayurveda,131,5,4.036
37,2,Bicycle,Arugam Bay,Vehicle Travel,72,4,1.019
55,14,Bicycle,Bentota,Vehicle Travel,120,3,16.146
30,2,Public Transport,Kalpitiya,Airport Transfer,73,2,1.084
80,1,Walking,Kandy,Vehicle Travel,188,4,0.898
79,1,Private Vehicle,Sigiriya,Sightseeing,136,5,0.243
34,1,N/A,Kalpitiya,Meal,64,1,1.518
42,2,Train,Dambulla,Vehicle Travel,126,5,2.612
29,7,Bicycle,Yala,Bicycle Ride,112,2,0.018
49,1,Private Vehicle,Badulla,Vehicle Travel,90,4,1.338
25,3,Water,Jaffna,Swimming / Snorkeling,45,2,0.105
42,1,Walking,Negombo,Shopping,161,4,0.26
52,4,Jeep,Badulla,Wildlife Safari,401,3,26.508
56,1,Private Vehicle,Trincomalee,Sightseeing,113,4,0.216
55,7,Walking,Arugam Bay,Jogging,25,4,0.023
31,8,Private Vehicle,Hikkaduwa,Private / Hired Vehicle,186,4,16.192
67,9,Water,Kandy,Swimming / Snorkeling,86,4,0.72
61,2,Bicycle,Yala,Vehicle Travel,241,1,3.174
65,12,Walking,Hikkaduwa,Vehicle Travel,122,4,7.096
47,8,Public Bus,Anuradhapura,Vehicle Travel,117,2,11.11
74,1,Water,Negombo,Swimming / Snorkeling,81,4,0.083
42,4,Private Vehicle,Yala,Vehicle Travel,144,2,5.91
68,10,N/A,Ella,Meal,79,3,23.656
30,3,Flight,Galle,Flight,399,3,84.23
33,4,Private Vehicle,Trincomalee,Vehicle Travel,257,5,15.234
51,7,Bicycle,Ella,Bicycle Ride,37,4,0.008
53,1,Tuk-Tuk,Anuradhapura,Vehicle Travel,121,2,1.413
65,17,Flight,Trincomalee,Flight,370,4,428.247
36,2,Public Transport,Colombo,Public Transport,126,2,0.313
72,1,Walking,Yala,Walking,61,3,0.001
38,1,Bicycle,Bentota,Vehicle Travel,243,3,1.811
51,4,Private Vehicle,Bentota,Private / Hired Vehicle,189,4,7.764
76,13,Private Vehicle,Haputale,Medical / Hospital Visit,95,5,12.312
51,11,Cruise,Haputale,Cruise,648,5,195.793
60,14,Private Vehicle,Bentota,Vehicle Travel,122,2,19.358
75,6,N/A,Kalpitiya,Meal,65,1,12.166
79,4,N/A,Nuwara Eliya,Resting,140,5,0.402
49,4,N/A,Bentota,Meal,58,3,6.303
44,1,Public Bus,Haputale,Vehicle Travel,103,4,1.31
30,14,Walking,Galle,Hiking,230,5,0.654
51,5,Cruise,Anuradhapura,Cruise,284,2,30.753
75,4,Train,Polonnaruwa,Vehicle Travel,269,3,10.494
48,5,N/A,Haputale,Beach Leisure,249,5,1.228
39,10,Private Vehicle,Haputale,Vehicle Travel,240,4,35.632
24,2,Walking,Kalpitiya,Walking,42,5,0.001
42,9,Public Transport,Badulla,Shopping,116,4,4.781
32,9,Private Vehicle,Arugam Bay,Vehicle Travel,154,3,15.454
79,12,Bicycle,Bentota,Vehicle Travel,135,5,15.883
51,1,Public Transport,Anuradhapura,Airport Transfer,114,4,1.048
26,2,Private Vehicle,Galle,Shopping,69,5,0.929
22,5,N/A,Galle,Meal,53,3,8.002
71,12,Public Bus,Badulla,Vehicle Travel,96,4,14.445
76,17,Flight,Ella,Flight,403,3,431.083
66,6,Private Vehicle,Mirissa,Medical / Hospital Visit,40,3,1.788
25,2,N/A,Nuwara Eliya,Beach Leisure,194,5,0.341
24,2,Public Transport,Hikkaduwa,Public Transport,32,5,0.086
30,7,Public Transport,Arugam Bay,Public Transport,78,4,0.639
65,2,Private Vehicle,Galle,Vehicle Travel,129,5,4.088
66,6,Walking,Anuradhapura,Jogging,44,3,0.037
70,12,Walking,Negombo,Walking,46,5,0.008
24,4,Private Vehicle,Polonnaruwa,Medical / Hospital Visit,109,4,3.247
27,4,Private Vehicle,Sigiriya,Medical / Hospital Visit,39,4,1.725
74,1,Train,Sigiriya,Vehicle Travel,91,4,0.964
76,2,N/A,Negombo,Meal,61,4,4.271
63,8,Private Vehicle,Yala,Spa / Ayurveda,77,5,5.228
24,3,Private Vehicle,Kandy,Vehicle Travel,216,3,7.839
22,1,Walking,Galle,Walking,20,5,0.0
21,1,Flight,Anuradhapura,Flight,80,2,4.336
61,1,Boat,Sigiriya,Boat Ride,75,2,0.338
71,8,Water,Galle,Swimming / Snorkeling,122,4,1.075
57,7,Walking,Dambulla,Vehicle Travel,80,4,2.424
34,5,Private Vehicle,Arugam Bay,Shopping,120,5,3.81
65,5,Flight,Negombo,Flight,236,3,68.696
21,1,Public Transport,Colombo,Spa / Ayurveda,100,1,0.514
70,5,Bicycle,Yala,Vehicle Travel,123,4,5.533
74,1,Public Bus,Arugam Bay,Vehicle Travel,134,5,1.731
63,15,Bicycle,Jaffna,Bicycle Ride,64,5,0.033
73,1,Public Transport,Badulla,Shopping,79,5,0.4
54,4,N/A,Arugam Bay,Meal,66,3,9.014
47,1,Walking,Arugam Bay,Hiking,88,5,0.02
38,10,Walking,Kalpitiya,Sightseeing,185,2,0.842
76,1,Public Transport,Anuradhapura,Shopping,198,5,1.215
61,14,N/A,Anuradhapura,Meal,63,4,29.006
30,1,Cruise,Ella,Cruise,400,3,8.398
78,11,Private Vehicle,Negombo,Other,90,4,2.176
21,8,N/A,Colombo,Resting,73,4,0.314
55,2,N/A,Nuwara Eliya,Meal,79,3,4.955
30,2,Private Vehicle,Yala,Vehicle Travel,114,2,3.09
59,3,N/A,Yala,Other,57,4,0.342
43,11,Private Vehicle,Colombo,Vehicle Travel,63,5,10.808
45,12,Public Transport,Trincomalee,Public Transport,56,4,0.789
60,2,Private Vehicle,Badulla,Spa / Ayurveda,148,2,1.818
65,3,Public Bus,Galle,Vehicle Travel,198,4,6.782
41,2,Public Transport,Arugam Bay,Public Transport,56,2,0.118
80,1,Private Vehicle,Jaffna,Airport Transfer,84,3,0.885
49,7,Private Vehicle,Bentota,Medical / Hospital Visit,68,1,3.164
28,3,Private Vehicle,Jaffna,Private / Hired Vehicle,222,3,5.726
18,2,N/A,Bentota,Resting,139,3,0.137
30,12,Train,Ella,Vehicle Travel,76,2,7.563
61,10,Bicycle,Polonnaruwa,Bicycle Ride,121,3,0.032
51,10,Train,Badulla,Vehicle Travel,207,4,20.037
39,1,Public Transport,Anuradhapura,Public Transport,114,3,0.122
48,14,Private Vehicle,Kandy,Vehicle Travel,91,2,16.079
70,6,Walking,Ella,Jogging,31,4,0.03
54,5,Walking,Kalpitiya,Sightseeing,177,4,0.518
21,1,Private Vehicle,Kalpitiya,Vehicle Travel,127,5,1.828
21,14,Private Vehicle,Arugam Bay,Other,65,3,1.284
48,6,Walking,Kalpitiya,Vehicle Travel,118,4,3.36
43,11,N/A,Nuwara Eliya,Meal,62,5,23.964
71,8,Tuk-Tuk,Yala,Vehicle Travel,77,4,8.946
54,11,Private Vehicle,Galle,Vehicle Travel,173,4,30.421
65,8,Train,Trincomalee,Vehicle Travel,115,1,7.642
54,14,Train,Hikkaduwa,Vehicle Travel,199,3,26.964
39,2,Private Vehicle,Badulla,Private / Hired Vehicle,105,3,2.076
59,2,Walking,Dambulla,Sightseeing,216,3,0.222
57,9,Flight,Hikkaduwa,Flight,108,5,69.565
63,5,Water,Hikkaduwa,Swimming / Snorkeling,83,2,0.369
29,7,Flight,Mirissa,Flight,434,4,181.471
58,9,Walking,Yala,Walking,97,5,0.011
35,6,Ferry,Trincomalee,Ferry,93,4,2.752
67,10,N/A,Ella,Meal,86,2,26.138
68,3,Private Vehicle,Colombo,Other,102,5,0.676
57,12,Flight,Dambulla,Flight,117,3,86.039
77,1,Private Vehicle,Arugam Bay,Shopping,157,1,0.699
51,7,Public Transport,Kalpitiya,Sightseeing,78,3,0.923
19,13,Private Vehicle,Galle,Private / Hired Vehicle,45,3,5.026
56,2,Private Vehicle,Anuradhapura,Cultural / Temple Visit,71,5,0.296
66,3,Walking,Sigiriya,Other,110,2,0.174
24,3,Bicycle,Polonnaruwa,Bicycle Ride,71,5,0.007
24,6,Private Vehicle,Anuradhapura,Sightseeing,190,1,1.694
35,4,Bicycle,Mirissa,Vehicle Travel,100,5,3.942
71,1,Private Vehicle,Kandy,Private / Hired Vehicle,74,1,0.689
51,13,Flight,Trincomalee,Flight,202,5,205.312
79,2,Private Vehicle,Yala,Vehicle Travel,147,1,3.474
72,6,Private Vehicle,Mirissa,Cultural / Temple Visit,144,5,1.919
52,6,Walking,Jaffna,Vehicle Travel,123,5,3.209
60,1,Private Vehicle,Galle,Private / Hired Vehicle,70,4,0.753
38,1,Private Vehicle,Kandy,Private / Hired Vehicle,66,1,0.449
23,17,Walking,Galle,Walking,123,4,0.024
43,8,Public Transport,Nuwara Eliya,Sightseeing,101,4,1.061
55,1,Bicycle,Negombo,Vehicle Travel,75,4,0.587
29,10,Water,Sigiriya,Swimming / Snorkeling,95,4,0.93
31,5,Public Transport,Badulla,Public Transport,79,5,0.566
18,1,Public Bus,Kandy,Vehicle Travel,160,5,1.93
64,8,Private Vehicle,Trincomalee,Vehicle Travel,109,4,12.106
74,5,Private Vehicle,Negombo,Medical / Hospital Visit,41,2,1.629
70,2,Train,Kandy,Vehicle Travel,169,2,2.84
41,13,Walking,Trincomalee,Vehicle Travel,145,4,8.217
55,3,Boat,Kandy,Boat Ride,123,5,2.018
78,3,N/A,Dambulla,Resting,55,3,0.075
55,2,Flight,Arugam Bay,Flight,144,2,15.872
36,10,Public Transport,Kalpitiya,Sightseeing,133,3,1.765
39,9,Water,Hikkaduwa,Swimming / Snorkeling,51,3,0.377
63,14,Cruise,Bentota,Cruise,631,5,258.812
46,2,Bicycle,Ella,Bicycle Ride,54,4,0.003
70,10,N/A,Ella,Resting,188,2,1.003
72,6,Walking,Colombo,Other,85,3,0.23
20,3,Flight,Bentota,Flight,243,1,36.052
63,1,Water,Negombo,Swimming / Snorkeling,90,4,0.093
41,11,Walking,Anuradhapura,Walking,79,4,0.01
50,2,Train,Galle,Vehicle Travel,76,1,1.128
34,7,Walking,Kandy,Walking,102,3,0.008
41,6,Public Bus,Yala,Vehicle Travel,220,5,16.471
38,1,Water,Nuwara Eliya,Surfing,137,5,0.141
21,20,Water,Negombo,Surfing,105,4,2.018
67,11,Walking,Bentota,Sightseeing,33,3,0.199
27,5,Tuk-Tuk,Galle,Vehicle Travel,63,5,4.736
41,8,Ferry,Sigiriya,Ferry,94,4,3.868
30,5,Walking,Yala,Jogging,18,5,0.013
28,9,Public Bus,Colombo,Vehicle Travel,93,1,7.154
41,1,Walking,Galle,Hiking,280,2,0.04
75,4,Tuk-Tuk,Badulla,Vehicle Travel,228,1,10.71
77,3,Water,Bentota,Swimming / Snorkeling,125,5,0.431
42,5,Boat,Negombo,Boat Ride,72,4,1.665
49,4,Private Vehicle,Haputale,Vehicle Travel,95,2,4.045
80,1,Private Vehicle,Galle,Private / Hired Vehicle,35,5,0.48
32,18,Public Bus,Hikkaduwa,Vehicle Travel,224,5,47.237
77,1,Private Vehicle,Polonnaruwa,Cultural / Temple Visit,136,3,0.252
24,1,N/A,Colombo,Beach Leisure,234,4,0.214
32,3,Tuk-Tuk,Bentota,Vehicle Travel,84,4,3.287
39,7,Private Vehicle,Galle,Vehicle Travel,220,1,15.606
20,2,N/A,Colombo,Other,188,4,0.696
69,6,Private Vehicle,Sigiriya,Vehicle Travel,231,3,17.519
71,9,Tuk-Tuk,Ella,Vehicle Travel,120,5,19.232
42,1,Water,Kalpitiya,Swimming / Snorkeling,56,5,0.054
70,19,Private Vehicle,Nuwara Eliya,Spa / Ayurveda,173,5,29.888
66,3,Private Vehicle,Negombo,Vehicle Travel,122,4,6.495
68,7,Jeep,Kandy,Wildlife Safari,188,2,23.198
68,1,Walking,Mirissa,Hiking,108,3,0.017
54,9,Cruise,Hikkaduwa,Cruise,185,4,44.863
24,12,Walking,Ella,Hiking,190,3,0.32
76,1,Walking,Yala,Vehicle Travel,343,4,1.719
56,1,Bicycle,Haputale,Vehicle Travel,308,3,2.34
74,3,Flight,Mirissa,Flight,161,2,30.426
78,1,Public Transport,Polonnaruwa,Cultural / Temple Visit,140,4,0.22
29,19,Train,Yala,Vehicle Travel,115,4,20.3
43,7,Public Transport,Nuwara Eliya,Public Transport,98,4,0.873
30,7,Walking,Arugam Bay,Walking,27,4,0.002
21,16,Jeep,Yala,Wildlife Safari,274,3,71.638
78,12,Private Vehicle,Badulla,Vehicle Travel,219,4,42.253
76,11,Public Bus,Yala,Vehicle Travel,89,4,9.427
76,3,N/A,Mirissa,Beach Leisure,191,4,0.632
73,3,Private Vehicle,Jaffna,Vehicle Travel,174,3,6.205
58,3,Water,Anuradhapura,Swimming / Snorkeling,121,4,0.369
50,3,Walking,Anuradhapura,Other,167,1,0.171
80,3,Tuk-Tuk,Polonnaruwa,Vehicle Travel,90,4,3.624
52,1,Private Vehicle,Nuwara Eliya,Vehicle Travel,135,2,1.765
58,3,Public Transport,Yala,Shopping,129,5,1.958
31,4,Private Vehicle,Hikkaduwa,Vehicle Travel,270,5,16.352
65,3,Private Vehicle,Kandy,Sightseeing,258,4,1.616
69,1,Train,Hikkaduwa,Vehicle Travel,155,5,1.852
60,3,Private Vehicle,Polonnaruwa,Private / Hired Vehicle,190,4,5.282
49,5,Private Vehicle,Yala,Medical / Hospital Visit,72,2,3.164
30,9,Walking,Jaffna,Sightseeing,80,4,0.45
20,9,Boat,Arugam Bay,Boat Ride,100,5,5.301
57,2,Boat,Hikkaduwa,Boat Ride,103,1,0.725
61,1,Walking,Kandy,Walking,90,3,0.001
66,3,Flight,Mirissa,Flight,398,4,86.831
77,1,Private Vehicle,Arugam Bay,Vehicle Travel,214,3,3.005
49,4,Public Bus,Colombo,Vehicle Travel,208,4,9.963
70,18,Public Transport,Polonnaruwa,Sightseeing,195,4,5.482
63,2,N/A,Ella,Beach Leisure,90,4,0.173
35,3,Train,Jaffna,Vehicle Travel,186,1,3.84
71,9,Walking,Kalpitiya,Hiking,174,3,0.232
21,5,Bicycle,Haputale,Bicycle Ride,87,5,0.014
55,1,Boat,Mirissa,Boat Ride,40,3,0.182
77,1,Walking,Negombo,Vehicle Travel,86,4,0.395
59,15,Walking,Jaffna,Vehicle Travel,53,1,2.509
77,1,N/A,Dambulla,Resting,71,3,0.041
21,7,Public Transport,Badulla,Spa / Ayurveda,94,3,3.392
51,10,N/A,Arugam Bay,Meal,57,3,16.296
67,2,Public Transport,Yala,Sightseeing,83,4,0.251
58,9,Walking,Ella,Other,45,4,0.238
73,2,Train,Badulla,Vehicle Travel,245,5,6.38
47,3,Private Vehicle,Haputale,Vehicle Travel,289,5,13.799
61,3,Cruise,Negombo,Cruise,534,3,38.927
44,20,Flight,Hikkaduwa,Flight,163,1,171.785
72,2,Walking,Nuwara Eliya,Vehicle Travel,123,5,1.141
25,1,Public Bus,Haputale,Vehicle Travel,37,3,0.399
34,15,Train,Kandy,Vehicle Travel,177,3,23.757
24,1,Walking,Mirissa,Walking,114,2,0.001
62,13,N/A,Sigiriya,Meal,79,4,37.213
32,7,Private Vehicle,Arugam Bay,Sightseeing,48,3,0.521
37,6,Public Transport,Kandy,Airport Transfer,25,2,1.056
70,10,Water,Galle,Swimming / Snorkeling,53,4,0.537
40,9,Public Transport,Anuradhapura,Sightseeing,93,4,1.254
27,1,Train,Anuradhapura,Vehicle Travel,163,3,1.665
19,20,Public Transport,Kalpitiya,Shopping,77,4,7.062
32,15,Public Transport,Jaffna,Sightseeing,116,3,2.59
75,13,N/A,Colombo,Resting,212,3,1.304
52,7,Private Vehicle,Haputale,Sightseeing,154,3,1.766
80,5,Cruise,Mirissa,Cruise,244,2,29.111
31,6,Private Vehicle,Polonnaruwa,Shopping,120,3,3.887
40,1,Walking,Haputale,Walking,43,5,0.0
28,5,Private Vehicle,Trincomalee,Sightseeing,115,2,0.998
43,7,Bicycle,Ella,Bicycle Ride,60,5,0.013
53,8,Boat,Yala,Boat Ride,76,2,2.702
68,3,Private Vehicle,Hikkaduwa,Vehicle Travel,88,3,3.275
41,5,Walking,Colombo,Other,111,4,0.285
66,7,Flight,Haputale,Flight,266,5,123.271
57,4,Public Transport,Anuradhapura,Sightseeing,63,2,0.363
36,16,Walking,Hikkaduwa,Vehicle Travel,139,2,8.254
75,9,Private Vehicle,Badulla,Vehicle Travel,299,4,38.416
45,1,Public Bus,Kalpitiya,Vehicle Travel,153,3,1.349
27,1,Water,Negombo,Surfing,183,4,0.16
78,8,N/A,Sigiriya,Meal,38,5,11.925
75,4,N/A,Trincomalee,Beach Leisure,188,1,0.584
21,12,Private Vehicle,Trincomalee,Vehicle Travel,203,5,38.755
74,2,N/A,Kalpitiya,Resting,106,1,0.085
77,1,N/A,Colombo,Meal,48,5,1.766
70,4,Walking,Colombo,Jogging,25,5,0.016
34,9,Public Transport,Galle,Public Transport,102,4,1.202
57,17,Walking,Badulla,Walking,130,5,0.027
51,13,Walking,Trincomalee,Sightseeing,205,5,1.749
57,5,Tuk-Tuk,Hikkaduwa,Vehicle Travel,156,1,7.124
56,11,N/A,Kandy,Meal,36,1,10.259
58,1,Private Vehicle,Colombo,Vehicle Travel,77,1,0.827
50,6,N/A,Hikkaduwa,Beach Leisure,300,3,1.502
61,14,Tuk-Tuk,Negombo,Vehicle Travel,329,4,70.824
51,4,Private Vehicle,Yala,Airport Transfer,57,3,2.099
19,16,Private Vehicle,Kandy,Cultural / Temple Visit,58,4,1.644
20,2,Walking,Arugam Bay,Walking,74,3,0.001
78,1,Public Bus,Mirissa,Vehicle Travel,70,1,0.69
75,5,Walking,Nuwara Eliya,Walking,106,3,0.005
54,14,Water,Bentota,Swimming / Snorkeling,97,5,1.429
28,3,N/A,Negombo,Meal,54,3,4.343
67,11,N/A,Nuwara Eliya,Resting,148,3,0.895
27,2,Private Vehicle,Kandy,Vehicle Travel,62,2,1.567
41,9,Private Vehicle,Mirissa,Vehicle Travel,154,5,23.393
38,6,Cruise,Colombo,Cruise,349,3,48.599
18,2,N/A,Yala,Beach Leisure,146,4,0.255
68,9,N/A,Jaffna,Beach Leisure,217,1,1.397
50,9,Walking,Kandy,Jogging,23,1,0.023
37,5,N/A,Hikkaduwa,Meal,71,4,11.5
49,2,Private Vehicle,Polonnaruwa,Private / Hired Vehicle,45,4,0.974
18,1,Public Bus,Badulla,Vehicle Travel,240,4,2.437
45,16,N/A,Sigiriya,Beach Leisure,142,3,1.952
50,8,Water,Bentota,Swimming / Snorkeling,81,5,0.623
39,11,Bicycle,Mirissa,Vehicle Travel,38,4,3.406
70,8,Tuk-Tuk,Jaffna,Vehicle Travel,104,5,13.447
33,11,Flight,Mirissa,Flight,232,2,147.273
26,1,N/A,Bentota,Meal,65,3,1.737
51,5,Tuk-Tuk,Kandy,Vehicle Travel,136,3,8.035
73,8,Tuk-Tuk,Colombo,Vehicle Travel,259,4,29.268
41,1,Private Vehicle,Badulla,Private / Hired Vehicle,113,4,1.082
20,1,Boat,Yala,Boat Ride,132,3,0.518
79,7,Private Vehicle,Yala,Sightseeing,144,1,1.453
45,12,Train,Mirissa,Vehicle Travel,255,2,24.782
28,8,Water,Nuwara Eliya,Swimming / Snorkeling,111,1,0.705
56,1,Water,Anuradhapura,Swimming / Snorkeling,139,5,0.131
38,17,Flight,Yala,Flight,129,3,118.005
77,1,Private Vehicle,Kandy,Spa / Ayurveda,79,2,0.554
36,2,Tuk-Tuk,Mirissa,Vehicle Travel,172,3,3.62
52,18,Public Bus,Ella,Vehicle Travel,180,1,25.956
52,10,Flight,Colombo,Flight,284,5,233.196
33,15,Train,Mirissa,Vehicle Travel,267,3,34.946
49,11,Train,Bentota,Vehicle Travel,109,5,14.074
24,7,Private Vehicle,Negombo,Vehicle Travel,168,4,16.949
58,3,Private Vehicle,Trincomalee,Airport Transfer,56,4,1.601
65,3,Walking,Colombo,Jogging,37,3,0.013
77,16,Private Vehicle,Hikkaduwa,Vehicle Travel,88,4,22.636
38,12,Private Vehicle,Colombo,Other,65,4,1.424
35,3,Walking,Bentota,Shopping,145,1,0.688
52,3,Private Vehicle,Hikkaduwa,Vehicle Travel,119,5,6.004
61,3,Private Vehicle,Yala,Airport Transfer,103,3,3.307
80,3,Bicycle,Anuradhapura,Vehicle Travel,231,3,5.185
19,12,Flight,Nuwara Eliya,Flight,68,3,50.152
33,1,Walking,Yala,Other,109,4,0.064
34,4,Flight,Sigiriya,Flight,467,3,114.804
34,15,Public Bus,Haputale,Vehicle Travel,148,3,22.076
47,6,Public Bus,Hikkaduwa,Vehicle Travel,319,1,16.814
72,4,Flight,Haputale,Flight,453,3,113.44
19,3,Walking,Bentota,Walking,131,2,0.003
69,1,Private Vehicle,Badulla,Sightseeing,122,5,0.261
56,2,Walking,Sigiriya,Shopping,125,3,0.378
56,1,Private Vehicle,Bentota,Vehicle Travel,77,5,1.126
60,1,Private Vehicle,Sigiriya,Vehicle Travel,29,4,0.41
25,1,Flight,Jaffna,Flight,167,4,10.179
65,3,Public Transport,Mirissa,Airport Transfer,50,5,1.604
33,1,Public Bus,Kandy,Vehicle Travel,60,3,0.622
50,16,Tuk-Tuk,Jaffna,Vehicle Travel,117,4,24.914
60,1,Tuk-Tuk,Badulla,Vehicle Travel,196,1,1.818
56,4,Private Vehicle,Yala,Sightseeing,122,2,0.743
38,13,Bicycle,Hikkaduwa,Vehicle Travel,174,3,18.682
42,1,Walking,Mirissa,Jogging,37,4,0.005
48,5,Train,Badulla,Vehicle Travel,49,5,2.778
20,12,Private Vehicle,Mirissa,Vehicle Travel,114,3,15.368
63,6,Walking,Arugam Bay,Hiking,67,4,0.068
24,2,Walking,Colombo,Jogging,43,3,0.012
46,9,Public Transport,Polonnaruwa,Shopping,148,1,4.97
59,8,Public Bus,Bentota,Vehicle Travel,130,1,8.988
23,3,Public Transport,Haputale,Public Transport,64,4,0.25
80,1,Public Transport,Nuwara Eliya,Sightseeing,144,3,0.228
41,1,Private Vehicle,Yala,Other,77,3,0.152
18,11,Bicycle,Polonnaruwa,Bicycle Ride,98,1,0.023
59,3,Private Vehicle,Ella,Private / Hired Vehicle,94,4,3.134
53,1,Public Bus,Sigiriya,Vehicle Travel,332,5,4.109
58,5,Flight,Dambulla,Flight,186,1,47.115
65,14,Private Vehicle,Bentota,Medical / Hospital Visit,65,4,9.141
47,1,N/A,Badulla,Meal,45,4,1.286
70,1,Water,Trincomalee,Surfing,129,3,0.124
41,4,Walking,Polonnaruwa,Walking,113,1,0.003
52,8,N/A,Trincomalee,Other,73,5,1.141
27,5,Cruise,Colombo,Cruise,363,3,38.991
57,14,Private Vehicle,Polonnaruwa,Airport Transfer,69,3,9.704
34,1,Walking,Yala,Cultural / Temple Visit,58,5,0.032
61,3,Walking,Anuradhapura,Jogging,41,5,0.021
68,3,Tuk-Tuk,Negombo,Vehicle Travel,130,4,4.819
72,3,Private Vehicle,Sigiriya,Spa / Ayurveda,119,5,3.089
76,5,Private Vehicle,Yala,Vehicle Travel,84,2,5.113
25,10,N/A,Mirissa,Other,148,4,3.218
26,3,Private Vehicle,Jaffna,Vehicle Travel,99,3,3.186
76,9,Private Vehicle,Negombo,Spa / Ayurveda,173,5,14.239
41,1,Private Vehicle,Kandy,Vehicle Travel,70,3,0.876
19,6,Tuk-Tuk,Badulla,Vehicle Travel,146,1,7.776
36,4,N/A,Mirissa,Meal,50,3,5.943
70,6,N/A,Mirissa,Meal,47,4,8.809
40,1,Cruise,Kalpitiya,Cruise,296,4,7.0
22,16,Bicycle,Arugam Bay,Vehicle Travel,85,4,10.089
63,14,Ferry,Colombo,Ferry,172,1,10.28
30,11,Walking,Galle,Walking,48,2,0.005
40,13,Private Vehicle,Haputale,Shopping,48,4,3.226
18,1,Flight,Badulla,Flight,266,3,16.91
55,5,Tuk-Tuk,Kandy,Vehicle Travel,178,4,12.318
46,3,Cruise,Hikkaduwa,Cruise,113,5,8.726
72,13,Walking,Hikkaduwa,Jogging,40,4,0.079
39,2,Walking,Ella,Walking,75,3,0.002
30,2,N/A,Dambulla,Beach Leisure,99,4,0.2
28,8,Ferry,Arugam Bay,Ferry,79,5,3.559
30,1,Bicycle,Nuwara Eliya,Bicycle Ride,112,4,0.003
46,9,Public Transport,Jaffna,Spa / Ayurveda,132,5,8.786
23,2,Public Transport,Haputale,Spa / Ayurveda,155,3,1.493
43,8,Public Transport,Nuwara Eliya,Shopping,181,4,7.043
71,13,Public Transport,Mirissa,Cultural / Temple Visit,67,2,1.255
66,7,Public Transport,Negombo,Spa / Ayurveda,144,4,7.198
58,2,N/A,Mirissa,Resting,129,5,0.18
74,1,Public Bus,Hikkaduwa,Vehicle Travel,102,5,1.225
67,1,Private Vehicle,Negombo,Sightseeing,194,2,0.351
59,1,Public Bus,Nuwara Eliya,Vehicle Travel,83,5,1.04
72,6,Public Transport,Galle,Shopping,127,2,3.117
25,3,Tuk-Tuk,Badulla,Vehicle Travel,153,3,5.705
69,2,Walking,Bentota,Jogging,23,4,0.006
36,2,Public Bus,Haputale,Vehicle Travel,195,3,3.879
64,16,N/A,Sigiriya,Beach Leisure,218,3,3.057
75,1,Ferry,Sigiriya,Ferry,95,4,0.555
49,3,Walking,Colombo,Hiking,159,4,0.089
23,5,Bicycle,Yala,Bicycle Ride,68,4,0.011
41,1,Private Vehicle,Haputale,Private / Hired Vehicle,98,4,1.072
43,14,Walking,Kalpitiya,Vehicle Travel,63,4,3.165
77,1,Walking,Bentota,Walking,68,3,0.001
77,8,Ferry,Yala,Ferry,121,1,4.417
53,7,Private Vehicle,Hikkaduwa,Vehicle Travel,277,4,29.745
77,11,Cruise,Badulla,Cruise,474,4,141.292
45,7,Ferry,Mirissa,Ferry,224,3,7.549
43,10,Jeep,Nuwara Eliya,Wildlife Safari,284,2,47.191
70,4,Cruise,Anuradhapura,Cruise,222,5,31.339
60,5,Private Vehicle,Negombo,Private / Hired Vehicle,205,5,12.222
50,9,Private Vehicle,Colombo,Private / Hired Vehicle,131,4,11.022
46,6,N/A,Jaffna,Meal,83,4,16.864
62,5,Private Vehicle,Dambulla,Private / Hired Vehicle,81,5,4.703
65,2,Jeep,Bentota,Wildlife Safari,446,4,15.236
48,2,Private Vehicle,Trincomalee,Vehicle Travel,143,3,3.593
19,3,N/A,Negombo,Resting,143,4,0.245
24,1,Private Vehicle,Jaffna,Private / Hired Vehicle,135,5,1.637
27,4,Tuk-Tuk,Colombo,Vehicle Travel,210,4,9.893
47,1,Public Transport,Jaffna,Shopping,172,1,0.614
56,6,Walking,Nuwara Eliya,Walking,116,5,0.009
68,9,Private Vehicle,Negombo,Shopping,73,4,4.393
32,6,N/A,Sigiriya,Meal,57,3,10.888
67,8,N/A,Badulla,Meal,63,5,19.659
59,1,Walking,Galle,Vehicle Travel,158,4,0.705
21,1,Walking,Kalpitiya,Cultural / Temple Visit,43,5,0.026
40,8,Private Vehicle,Colombo,Vehicle Travel,293,5,37.95
37,11,Public Transport,Hikkaduwa,Sightseeing,108,1,1.322
73,9,Private Vehicle,Anuradhapura,Shopping,110,4,6.083
76,8,Train,Ella,Vehicle Travel,266,3,16.703
69,9,N/A,Nuwara Eliya,Resting,64,5,0.326
51,9,Public Transport,Colombo,Cultural / Temple Visit,92,5,1.248
49,9,Walking,Galle,Sightseeing,162,5,1.052
37,9,Walking,Anuradhapura,Vehicle Travel,162,4,5.902
66,1,N/A,Ella,Meal,78,4,2.336
23,1,N/A,Badulla,Other,75,3,0.149
35,3,Walking,Polonnaruwa,Vehicle Travel,127,3,1.327
26,5,Public Transport,Arugam Bay,Public Transport,55,2,0.309
49,10,Private Vehicle,Kandy,Private / Hired Vehicle,115,5,12.392
36,3,Flight,Badulla,Flight,232,4,50.481
30,2,Private Vehicle,Negombo,Shopping,107,4,1.176
41,10,Private Vehicle,Ella,Other,56,3,0.888
72,2,Public Bus,Kandy,Vehicle Travel,129,4,2.695
53,11,Walking,Mirissa,Vehicle Travel,93,3,3.711
69,2,N/A,Colombo,Meal,65,5,4.478
75,3,Walking,Mirissa,Hiking,242,5,0.123
74,4,Private Vehicle,Yala,Vehicle Travel,115,4,7.147
40,3,Private Vehicle,Kalpitiya,Vehicle Travel,232,5,11.561
73,1,Public Bus,Anuradhapura,Vehicle Travel,181,2,1.732
75,2,Private Vehicle,Yala,Private / Hired Vehicle,101,2,1.583
78,3,Bicycle,Trincomalee,Bicycle Ride,177,4,0.016
40,3,Walking,Badulla,Hiking,144,4,0.073
32,10,Jeep,Negombo,Wildlife Safari,132,1,16.515
54,1,Tuk-Tuk,Hikkaduwa,Vehicle Travel,294,2,3.214
76,4,Public Transport,Bentota,Cultural / Temple Visit,106,4,0.558
74,1,Public Transport,Arugam Bay,Public Transport,101,1,0.105
53,15,Public Transport,Ella,Airport Transfer,45,3,5.382
27,10,Bicycle,Anuradhapura,Bicycle Ride,56,3,0.015
44,19,Walking,Polonnaruwa,Shopping,213,5,7.692
62,14,Walking,Kandy,Walking,41,3,0.006
53,3,Boat,Ella,Boat Ride,68,2,1.022
39,8,N/A,Jaffna,Meal,65,1,11.996
39,3,Private Vehicle,Dambulla,Spa / Ayurveda,86,2,1.45
21,13,Public Bus,Badulla,Vehicle Travel,74,4,11.241
36,4,Water,Jaffna,Surfing,114,3,0.413
60,4,Tuk-Tuk,Hikkaduwa,Vehicle Travel,63,2,3.039
33,14,Public Transport,Sigiriya,Sightseeing,239,5,5.675
80,12,Public Transport,Yala,Spa / Ayurveda,195,4,14.994
23,17,Walking,Bentota,Sightseeing,119,2,0.865
55,1,Walking,Galle,Walking,49,3,0.0
49,2,Flight,Anuradhapura,Flight,192,5,26.211
70,3,Private Vehicle,Nuwara Eliya,Cultural / Temple Visit,137,4,0.778
73,4,Walking,Jaffna,Sightseeing,102,5,0.303
52,5,Walking,Dambulla,Walking,79,1,0.003
57,3,N/A,Badulla,Meal,40,4,4.003
62,10,Private Vehicle,Kalpitiya,Spa / Ayurveda,118,1,7.356
50,2,Train,Bentota,Vehicle Travel,171,3,2.963
29,8,Private Vehicle,Haputale,Sightseeing,117,4,1.665
45,12,Public Transport,Haputale,Sightseeing,131,4,2.756
33,7,Cruise,Trincomalee,Cruise,266,1,37.407
47,3,Tuk-Tuk,Nuwara Eliya,Vehicle Travel,139,2,4.926
56,2,N/A,Dambulla,Beach Leisure,260,4,0.592
31,1,Private Vehicle,Galle,Spa / Ayurveda,134,2,0.79
33,9,Walking,Anuradhapura,Jogging,28,3,0.031
69,5,Private Vehicle,Trincomalee,Private / Hired Vehicle,218,2,10.002
41,1,N/A,Kalpitiya,Resting,40,2,0.018
30,19,Private Vehicle,Badulla,Private / Hired Vehicle,88,5,18.053
62,8,Private Vehicle,Polonnaruwa,Private / Hired Vehicle,58,1,4.238
63,12,Ferry,Arugam Bay,Ferry,120,4,7.966
70,4,Walking,Kandy,Other,93,4,0.263
65,16,Walking,Dambulla,Shopping,72,1,1.506
80,2,Private Vehicle,Kalpitiya,Private / Hired Vehicle,79,4,1.946
54,2,Walking,Arugam Bay,Hiking,91,3,0.032
36,13,Private Vehicle,Jaffna,Vehicle Travel,165,5,32.234
72,13,Private Vehicle,Kalpitiya,Vehicle Travel,204,4,40.159
34,5,Flight,Galle,Flight,341,4,124.243
36,1,Public Transport,Polonnaruwa,Shopping,124,3,0.505
70,3,N/A,Trincomalee,Meal,83,5,10.589
73,10,Public Transport,Hikkaduwa,Shopping,125,4,5.88
39,12,Public Bus,Ella,Vehicle Travel,221,3,25.363
63,3,Boat,Mirissa,Boat Ride,66,2,0.838
76,1,Public Transport,Sigiriya,Public Transport,115,1,0.122
68,8,Public Transport,Trincomalee,Cultural / Temple Visit,59,3,0.731
18,9,Tuk-Tuk,Trincomalee,Vehicle Travel,134,3,12.748
59,4,Train,Badulla,Vehicle Travel,180,5,7.902
28,6,Walking,Hikkaduwa,Jogging,36,5,0.03
71,19,Walking,Jaffna,Shopping,112,2,3.554
22,2,N/A,Yala,Meal,77,5,5.702
80,6,N/A,Bentota,Resting,139,4,0.486
29,7,Private Vehicle,Hikkaduwa,Other,114,3,1.31
44,6,Walking,Kalpitiya,Jogging,44,5,0.039
32,12,Walking,Jaffna,Sightseeing,240,4,1.466
69,7,Walking,Hikkaduwa,Walking,131,4,0.01
42,5,Walking,Bentota,Vehicle Travel,92,2,1.523
64,1,Flight,Jaffna,Flight,54,3,3.806
22,9,Tuk-Tuk,Jaffna,Vehicle Travel,140,5,18.539
46,1,Private Vehicle,Hikkaduwa,Medical / Hospital Visit,77,2,0.555
75,1,Water,Bentota,Swimming / Snorkeling,130,1,0.105
76,5,Cruise,Bentota,Cruise,236,3,26.828
31,6,Private Vehicle,Anuradhapura,Medical / Hospital Visit,44,3,2.335
42,20,Public Bus,Yala,Vehicle Travel,144,3,29.106
43,9,Public Bus,Sigiriya,Vehicle Travel,83,5,8.785
53,12,Water,Ella,Swimming / Snorkeling,44,3,0.472
51,3,Private Vehicle,Trincomalee,Vehicle Travel,90,5,4.661
24,5,Train,Kalpitiya,Vehicle Travel,172,4,6.966
66,18,Private Vehicle,Colombo,Shopping,108,4,12.389
32,4,Private Vehicle,Hikkaduwa,Sightseeing,198,2,1.174
37,11,Tuk-Tuk,Polonnaruwa,Vehicle Travel,307,3,42.063
70,5,Private Vehicle,Polonnaruwa,Other,89,5,1.035
61,2,Tuk-Tuk,Kalpitiya,Vehicle Travel,57,4,1.337
42,6,Cruise,Bentota,Cruise,207,3,27.962
75,2,Cruise,Galle,Cruise,264,5,16.824
42,1,Bicycle,Badulla,Bicycle Ride,61,5,0.002
53,2,Public Bus,Hikkaduwa,Vehicle Travel,197,2,3.985
33,2,N/A,Anuradhapura,Beach Leisure,146,4,0.276
29,3,Walking,Kalpitiya,Hiking,73,4,0.034
48,13,N/A,Anuradhapura,Other,64,5,1.74
53,4,N/A,Negombo,Beach Leisure,282,2,0.92
68,12,N/A,Badulla,Resting,120,3,0.675
42,6,Train,Dambulla,Vehicle Travel,289,3,15.64
74,1,Private Vehicle,Hikkaduwa,Vehicle Travel,251,3,3.25
56,2,Private Vehicle,Ella,Vehicle Travel,219,2,5.956
22,15,Public Bus,Haputale,Vehicle Travel,196,4,35.013
64,7,Walking,Yala,Hiking,190,4,0.236
54,15,Private Vehicle,Mirissa,Vehicle Travel,88,2,17.531
42,3,Water,Mirissa,Swimming / Snorkeling,32,4,0.094
47,9,Walking,Nuwara Eliya,Vehicle Travel,243,1,7.054
37,10,Private Vehicle,Mirissa,Medical / Hospital Visit,69,3,5.119
56,18,Walking,Anuradhapura,Sightseeing,37,4,0.377
53,1,Public Transport,Bentota,Public Transport,29,5,0.04
46,16,Private Vehicle,Kalpitiya,Private / Hired Vehicle,101,3,15.005
35,4,Walking,Negombo,Walking,144,5,0.007
43,12,Train,Arugam Bay,Vehicle Travel,203,5,28.465
49,6,Public Transport,Colombo,Sightseeing,162,4,1.708
47,6,N/A,Negombo,Resting,216,5,0.778
37,3,Private Vehicle,Negombo,Airport Transfer,146,3,3.604
54,11,Public Bus,Ella,Vehicle Travel,281,1,24.903
32,2,Public Transport,Dambulla,Cultural / Temple Visit,89,5,0.338
49,5,Private Vehicle,Anuradhapura,Vehicle Travel,181,3,12.394
25,6,Tuk-Tuk,Negombo,Vehicle Travel,137,3,8.32
47,9,Private Vehicle,Polonnaruwa,Shopping,156,1,5.393
67,5,Flight,Negombo,Flight,177,1,47.182
69,8,Walking,Haputale,Vehicle Travel,97,2,3.343
61,5,Private Vehicle,Kandy,Sightseeing,177,2,1.524
64,8,Private Vehicle,Bentota,Sightseeing,205,5,3.461
22,8,Public Transport,Kandy,Public Transport,106,3,0.951
39,9,Public Transport,Ella,Cultural / Temple Visit,57,5,0.759
59,11,N/A,Anuradhapura,Resting,171,1,0.818
68,6,Flight,Colombo,Flight,132,3,57.422
54,2,Private Vehicle,Anuradhapura,Shopping,53,5,0.65
71,8,Water,Galle,Surfing,160,2,1.065
35,1,Private Vehicle,Galle,Shopping,77,3,0.395
27,2,Jeep,Polonnaruwa,Wildlife Safari,284,5,10.09
23,10,Public Transport,Negombo,Cultural / Temple Visit,86,2,1.188
54,4,Walking,Arugam Bay,Walking,25,1,0.001
59,5,Train,Jaffna,Vehicle Travel,239,5,12.707
35,19,N/A,Sigiriya,Other,59,3,1.812
67,2,Public Bus,Arugam Bay,Vehicle Travel,107,4,2.405
64,1,Cruise,Dambulla,Cruise,155,2,3.658
40,1,Public Bus,Trincomalee,Vehicle Travel,189,3,1.879
33,2,Private Vehicle,Dambulla,Private / Hired Vehicle,161,3,2.909
64,9,Private Vehicle,Arugam Bay,Private / Hired Vehicle,118,4,11.44
60,10,Jeep,Anuradhapura,Wildlife Safari,120,3,18.696
28,6,Walking,Kalpitiya,Other,54,5,0.164
34,2,Private Vehicle,Haputale,Airport Transfer,78,4,1.572
48,5,Private Vehicle,Nuwara Eliya,Cultural / Temple Visit,43,4,0.382
50,1,Walking,Arugam Bay,Cultural / Temple Visit,119,3,0.064
28,8,Flight,Dambulla,Flight,86,4,44.759
77,7,Train,Sigiriya,Vehicle Travel,108,4,6.623
42,1,Private Vehicle,Negombo,Medical / Hospital Visit,71,2,0.564
42,11,Cruise,Kalpitiya,Cruise,199,5,68.367
21,10,Private Vehicle,Nuwara Eliya,Vehicle Travel,58,3,7.357
73,3,Private Vehicle,Ella,Vehicle Travel,68,5,2.937
32,7,N/A,Haputale,Beach Leisure,223,5,1.508
80,7,Flight,Badulla,Flight,464,1,178.8
49,1,Tuk-Tuk,Kalpitiya,Vehicle Travel,154,3,1.737
73,2,Train,Mirissa,Vehicle Travel,140,4,2.736
29,8,N/A,Kandy,Resting,50,4,0.189
28,15,Train,Haputale,Vehicle Travel,69,5,10.818
68,6,Private Vehicle,Ella,Private / Hired Vehicle,179,2,11.112
69,6,Walking,Ella,Cultural / Temple Visit,89,4,0.297
52,7,Ferry,Negombo,Ferry,36,5,1.353
20,4,Train,Anuradhapura,Vehicle Travel,159,5,7.487
77,1,N/A,Kalpitiya,Resting,45,1,0.024
42,4,Private Vehicle,Kalpitiya,Vehicle Travel,98,5,5.805
76,14,Private Vehicle,Polonnaruwa,Private / Hired Vehicle,79,2,10.619
72,11,Cruise,Polonnaruwa,Cruise,393,4,121.034
71,15,Private Vehicle,Trincomalee,Private / Hired Vehicle,56,3,8.841
61,1,Train,Kalpitiya,Vehicle Travel,268,4,2.446
60,5,Flight,Haputale,Flight,271,1,74.649
51,6,Public Transport,Sigiriya,Spa / Ayurveda,153,3,4.9
19,2,Private Vehicle,Yala,Sightseeing,146,3,0.5
42,2,Private Vehicle,Mirissa,Airport Transfer,34,5,0.864
64,10,Flight,Kalpitiya,Flight,208,4,153.775
69,8,Train,Anuradhapura,Vehicle Travel,161,4,12.216
53,7,Private Vehicle,Sigiriya,Spa / Ayurveda,50,4,2.871
62,2,N/A,Bentota,Meal,55,3,3.17
19,5,Tuk-Tuk,Dambulla,Vehicle Travel,231,1,11.348
47,1,Walking,Trincomalee,Vehicle Travel,49,2,0.166
49,1,N/A,Sigiriya,Meal,60,3,1.585
74,5,Jeep,Negombo,Wildlife Safari,254,5,25.1
37,3,Train,Hikkaduwa,Vehicle Travel,233,3,4.765
32,17,Walking,Trincomalee,Cultural / Temple Visit,75,4,0.64
40,5,N/A,Mirissa,Meal,70,5,14.523
28,1,Private Vehicle,Nuwara Eliya,Vehicle Travel,86,5,1.013
53,1,N/A,Ella,Meal,57,3,1.484
58,9,N/A,Polonnaruwa,Resting,56,5,0.366
68,2,Train,Hikkaduwa,Vehicle Travel,72,4,1.35
79,2,Bicycle,Badulla,Vehicle Travel,280,4,4.816
22,4,Private Vehicle,Haputale,Airport Transfer,94,4,3.787
33,2,N/A,Anuradhapura,Beach Leisure,241,3,0.349
36,7,Private Vehicle,Arugam Bay,Private / Hired Vehicle,52,5,4.419
33,5,Private Vehicle,Polonnaruwa,Vehicle Travel,83,4,5.595
70,1,Tuk-Tuk,Colombo,Vehicle Travel,157,4,1.954
26,10,Train,Kalpitiya,Vehicle Travel,110,5,12.503
19,4,Private Vehicle,Ella,Vehicle Travel,109,4,5.303
72,7,Walking,Sigiriya,Sightseeing,166,1,0.532
78,1,Bicycle,Arugam Bay,Vehicle Travel,270,3,2.0
32,7,N/A,Negombo,Resting,134,5,0.515
38,3,Private Vehicle,Anuradhapura,Vehicle Travel,65,4,3.098
49,5,Private Vehicle,Haputale,Other,129,5,1.362
51,3,Walking,Dambulla,Jogging,36,3,0.015
80,20,Bicycle,Negombo,Bicycle Ride,72,4,0.041
43,2,Private Vehicle,Dambulla,Private / Hired Vehicle,79,5,1.647
18,14,Walking,Colombo,Shopping,158,4,2.847
44,14,Walking,Polonnaruwa,Vehicle Travel,119,3,6.137
53,4,Private Vehicle,Mirissa,Sightseeing,155,1,0.789
50,3,Bicycle,Ella,Bicycle Ride,112,5,0.011
50,4,Private Vehicle,Dambulla,Medical / Hospital Visit,25,4,0.847
76,19,Walking,Galle,Walking,107,3,0.023
68,7,Public Transport,Mirissa,Public Transport,85,4,0.921
33,6,Ferry,Jaffna,Ferry,94,2,3.104
40,1,Tuk-Tuk,Colombo,Vehicle Travel,235,3,2.711
60,12,Public Transport,Anuradhapura,Sightseeing,233,2,3.948
43,1,Water,Galle,Swimming / Snorkeling,150,2,0.114
44,1,Public Transport,Haputale,Shopping,195,5,0.965
28,2,N/A,Polonnaruwa,Resting,204,3,0.189
34,5,Private Vehicle,Badulla,Spa / Ayurveda,56,5,2.547
64,13,Public Bus,Arugam Bay,Vehicle Travel,193,3,25.456
71,10,Water,Bentota,Surfing,86,1,0.766
67,2,Public Transport,Badulla,Public Transport,61,3,0.136
37,3,Tuk-Tuk,Bentota,Vehicle Travel,214,2,6.743
26,10,Public Transport,Yala,Airport Transfer,75,4,5.776
28,5,Private Vehicle,Galle,Vehicle Travel,66,5,5.194
42,2,Private Vehicle,Polonnaruwa,Vehicle Travel,236,4,6.409
50,4,Boat,Galle,Boat Ride,59,4,1.173
74,7,Private Vehicle,Colombo,Other,161,5,2.409
74,18,Public Transport,Polonnaruwa,Public Transport,85,4,2.148
18,8,Tuk-Tuk,Polonnaruwa,Vehicle Travel,296,4,30.567
62,1,N/A,Kalpitiya,Meal,46,4,1.635
36,9,N/A,Kalpitiya,Other,74,3,1.029
30,2,N/A,Galle,Resting,68,1,0.059
52,12,Private Vehicle,Anuradhapura,Vehicle Travel,47,4,7.623
20,4,Public Transport,Dambulla,Spa / Ayurveda,154,4,4.248
39,2,Public Transport,Bentota,Public Transport,33,3,0.077
52,5,Public Bus,Dambulla,Vehicle Travel,94,5,6.011
35,2,Flight,Haputale,Flight,354,1,36.412
55,2,Private Vehicle,Badulla,Vehicle Travel,88,4,2.329
46,6,Tuk-Tuk,Dambulla,Vehicle Travel,307,5,25.73
68,10,Tuk-Tuk,Dambulla,Vehicle Travel,106,3,13.818
29,12,Train,Jaffna,Vehicle Travel,78,5,9.283
21,4,Flight,Kandy,Flight,165,5,55.082
51,1,Private Vehicle,Yala,Cultural / Temple Visit,59,4,0.117
34,5,N/A,Badulla,Resting,93,5,0.238
62,4,Ferry,Haputale,Ferry,212,4,4.305
23,2,Walking,Nuwara Eliya,Jogging,26,3,0.008
54,13,Walking,Negombo,Vehicle Travel,168,4,9.168
80,18,Flight,Bentota,Flight,89,3,100.231
23,1,Walking,Yala,Walking,69,3,0.001
37,11,Walking,Mirissa,Vehicle Travel,274,2,10.556
71,7,Public Transport,Arugam Bay,Public Transport,47,3,0.429
51,2,Walking,Mirissa,Jogging,23,5,0.007
29,7,Public Transport,Kandy,Public Transport,105,5,0.953
31,1,N/A,Sigiriya,Beach Leisure,214,5,0.178
66,1,Walking,Polonnaruwa,Walking,65,2,0.001
72,20,Public Transport,Mirissa,Sightseeing,138,4,4.361
40,7,Private Vehicle,Polonnaruwa,Airport Transfer,24,4,1.755
47,2,Walking,Badulla,Walking,50,2,0.001
67,4,N/A,Anuradhapura,Beach Leisure,273,4,1.188
29,16,Train,Sigiriya,Vehicle Travel,172,3,21.569
30,4,Private Vehicle,Bentota,Vehicle Travel,260,5,15.869
66,14,Walking,Jaffna,Vehicle Travel,70,3,3.913
29,12,Public Transport,Sigiriya,Public Transport,73,5,1.114
66,3,N/A,Anuradhapura,Meal,74,5,8.873
49,8,Private Vehicle,Ella,Vehicle Travel,143,4,18.191
80,8,Private Vehicle,Anuradhapura,Vehicle Travel,106,2,10.887
20,10,Train,Haputale,Vehicle Travel,183,3,15.247
77,3,N/A,Yala,Resting,82,5,0.182
32,1,Public Transport,Dambulla,Cultural / Temple Visit,46,1,0.057
20,2,N/A,Yala,Beach Leisure,231,2,0.33
63,7,Public Transport,Yala,Sightseeing,168,5,2.113
51,10,Private Vehicle,Hikkaduwa,Private / Hired Vehicle,65,4,6.568
70,10,Cruise,Galle,Cruise,363,4,92.764
24,6,Private Vehicle,Anuradhapura,Spa / Ayurveda,173,2,6.154
23,1,Public Transport,Galle,Airport Transfer,54,3,0.398
53,1,Boat,Ella,Boat Ride,113,5,0.669
73,10,Tuk-Tuk,Negombo,Vehicle Travel,192,3,22.467
43,6,Private Vehicle,Ella,Private / Hired Vehicle,75,2,4.009
68,10,Private Vehicle,Nuwara Eliya,Medical / Hospital Visit,101,1,8.217
75,1,Public Transport,Jaffna,Shopping,135,4,0.665
72,4,Flight,Bentota,Flight,133,3,31.952
50,14,Water,Galle,Swimming / Snorkeling,58,5,0.915
62,2,Jeep,Badulla,Wildlife Safari,245,3,8.012
51,1,Private Vehicle,Haputale,Shopping,115,2,0.644
60,7,Ferry,Jaffna,Ferry,58,5,2.656
53,6,N/A,Trincomalee,Meal,44,5,9.999
51,16,Private Vehicle,Polonnaruwa,Shopping,126,4,11.65
45,14,Private Vehicle,Badulla,Vehicle Travel,99,5,23.261
59,10,Bicycle,Galle,Vehicle Travel,119,2,8.972
65,1,N/A,Kandy,Resting,221,3,0.097
75,5,Walking,Bentota,Vehicle Travel,135,2,2.55
56,13,Private Vehicle,Bentota,Vehicle Travel,109,3,19.107
24,4,Walking,Kalpitiya,Other,117,4,0.237
55,16,Walking,Trincomalee,Vehicle Travel,184,5,16.743
37,7,Ferry,Polonnaruwa,Ferry,184,1,5.133
19,1,Bicycle,Hikkaduwa,Vehicle Travel,91,3,0.706
22,5,Walking,Negombo,Walking,60,5,0.004
55,8,N/A,Badulla,Other,166,4,2.654
77,1,Private Vehicle,Jaffna,Airport Transfer,160,3,1.576
49,3,Public Transport,Dambulla,Public Transport,67,3,0.242
46,9,Walking,Sigiriya,Walking,32,3,0.003
23,1,Public Transport,Sigiriya,Sightseeing,121,3,0.17
60,3,Boat,Jaffna,Boat Ride,119,3,1.498
21,8,Private Vehicle,Haputale,Vehicle Travel,40,4,4.265
70,10,Private Vehicle,Kandy,Spa / Ayurveda,171,3,11.024
69,5,Public Transport,Trincomalee,Spa / Ayurveda,127,4,4.226
80,16,Bicycle,Nuwara Eliya,Bicycle Ride,60,1,0.022
35,15,Private Vehicle,Kalpitiya,Vehicle Travel,137,1,22.484
28,5,Water,Trincomalee,Surfing,94,3,0.345
36,1,Private Vehicle,Colombo,Cultural / Temple Visit,95,5,0.179
68,10,Train,Colombo,Vehicle Travel,137,4,12.891
31,2,Walking,Mirissa,Walking,70,2,0.001
73,12,Cruise,Nuwara Eliya,Cruise,206,3,60.728
27,6,N/A,Colombo,Beach Leisure,293,4,1.753
21,4,Jeep,Ella,Wildlife Safari,260,3,16.696
31,6,N/A,Ella,Meal,51,4,9.677
65,6,Train,Bentota,Vehicle Travel,271,5,16.677
55,14,Walking,Negombo,Walking,77,2,0.01
40,2,Public Transport,Kalpitiya,Shopping,137,4,1.156
59,15,N/A,Trincomalee,Meal,69,4,35.658
58,1,Walking,Haputale,Jogging,42,4,0.006
52,10,Public Bus,Dambulla,Vehicle Travel,92,2,7.868
50,14,Boat,Ella,Boat Ride,53,4,3.712
24,4,Private Vehicle,Negombo,Cultural / Temple Visit,123,1,0.691
34,1,Water,Nuwara Eliya,Swimming / Snorkeling,165,4,0.166
51,11,Jeep,Badulla,Wildlife Safari,384,4,70.586
26,12,Private Vehicle,Polonnaruwa,Private / Hired Vehicle,50,3,5.166
47,3,Walking,Kandy,Jogging,42,5,0.02
25,5,Flight,Ella,Flight,389,5,141.093
67,11,N/A,Yala,Beach Leisure,132,4,1.367
24,2,Ferry,Negombo,Ferry,148,5,1.644
23,7,Private Vehicle,Jaffna,Private / Hired Vehicle,110,5,8.971
58,4,Water,Kandy,Swimming / Snorkeling,41,2,0.148
31,2,Private Vehicle,Mirissa,Private / Hired Vehicle,77,4,1.543
40,11,Public Transport,Mirissa,Sightseeing,170,4,2.879
37,3,Tuk-Tuk,Haputale,Vehicle Travel,36,4,1.399
31,15,N/A,Sigiriya,Beach Leisure,281,5,4.356
65,6,Private Vehicle,Colombo,Sightseeing,245,3,2.63
61,5,Public Bus,Negombo,Vehicle Travel,78,1,3.766
33,4,Walking,Negombo,Hiking,236,3,0.13
61,4,Private Vehicle,Trincomalee,Shopping,103,4,2.334
62,11,Water,Hikkaduwa,Surfing,46,3,0.41
51,8,Public Transport,Ella,Shopping,98,1,2.797
54,10,Train,Galle,Vehicle Travel,341,3,27.534
76,4,Public Transport,Yala,Shopping,144,4,2.825
46,2,Private Vehicle,Kalpitiya,Private / Hired Vehicle,110,2,2.016
42,1,Private Vehicle,Trincomalee,Vehicle Travel,152,3,1.506
51,10,Private Vehicle,Mirissa,Spa / Ayurveda,160,2,10.185
70,4,Public Bus,Badulla,Vehicle Travel,171,3,7.194
62,5,N/A,Bentota,Resting,142,2,0.348
22,5,Public Transport,Arugam Bay,Public Transport,154,2,0.718
46,4,N/A,Hikkaduwa,Resting,142,4,0.344
64,8,Private Vehicle,Ella,Private / Hired Vehicle,148,2,11.731
32,7,Boat,Yala,Boat Ride,80,2,2.555
80,18,N/A,Jaffna,Beach Leisure,211,4,3.625
68,1,N/A,Bentota,Resting,155,1,0.071
71,6,Ferry,Nuwara Eliya,Ferry,123,1,2.992
23,1,Flight,Yala,Flight,358,3,20.251
54,11,Train,Kalpitiya,Vehicle Travel,177,3,15.931
51,7,Train,Yala,Vehicle Travel,247,4,17.275
57,4,N/A,Polonnaruwa,Resting,144,5,0.391
71,11,Jeep,Hikkaduwa,Wildlife Safari,165,3,34.335
40,4,Private Vehicle,Galle,Airport Transfer,31,4,1.258
51,2,Private Vehicle,Haputale,Other,66,5,0.262
60,5,Public Transport,Jaffna,Sightseeing,67,3,0.494
65,1,Bicycle,Jaffna,Vehicle Travel,208,4,1.941
66,14,Public Transport,Hikkaduwa,Cultural / Temple Visit,98,4,2.565
39,9,N/A,Colombo,Meal,73,4,22.916
80,10,Cruise,Sigiriya,Cruise,498,5,167.529
18,13,Tuk-Tuk,Dambulla,Vehicle Travel,154,1,21.017
49,10,Bicycle,Mirissa,Bicycle Ride,133,5,0.042
56,4,Walking,Anuradhapura,Sightseeing,195,3,0.416
21,1,Private Vehicle,Arugam Bay,Private / Hired Vehicle,221,4,2.417
46,3,Private Vehicle,Mirissa,Private / Hired Vehicle,59,3,1.727
55,15,Public Transport,Arugam Bay,Airport Transfer,93,3,12.088
56,16,Private Vehicle,Arugam Bay,Sightseeing,171,1,3.842
25,10,Walking,Jaffna,Vehicle Travel,68,5,3.424
35,2,Walking,Sigiriya,Sightseeing,100,4,0.106
33,2,Train,Jaffna,Vehicle Travel,203,5,4.672
58,13,Walking,Hikkaduwa,Cultural / Temple Visit,70,3,0.473
38,1,Flight,Negombo,Flight,167,3,9.951
54,6,Private Vehicle,Mirissa,Sightseeing,123,3,1.073
64,4,Public Bus,Arugam Bay,Vehicle Travel,36,3,1.482
68,3,Private Vehicle,Hikkaduwa,Airport Transfer,88,3,2.322
29,8,N/A,Negombo,Resting,48,5,0.217
74,16,N/A,Bentota,Meal,76,5,47.851
28,10,Public Transport,Arugam Bay,Spa / Ayurveda,84,3,4.182
19,5,Walking,Hikkaduwa,Walking,77,3,0.004
20,4,Tuk-Tuk,Hikkaduwa,Vehicle Travel,105,4,6.183
30,14,Flight,Arugam Bay,Flight,109,4,99.849
73,6,Train,Sigiriya,Vehicle Travel,232,4,15.647
31,5,Public Transport,Haputale,Public Transport,71,4,0.393
61,8,Public Transport,Trincomalee,Public Transport,130,1,1.088
44,2,Private Vehicle,Trincomalee,Vehicle Travel,149,1,3.282
20,1,Public Transport,Arugam Bay,Spa / Ayurveda,113,5,0.973
45,12,Private Vehicle,Dambulla,Other,45,4,0.98
19,7,Public Transport,Bentota,Public Transport,77,5,0.773
47,1,Tuk-Tuk,Haputale,Vehicle Travel,168,3,1.888
53,3,Public Bus,Kandy,Vehicle Travel,115,4,3.777
50,19,Flight,Colombo,Flight,413,3,494.572
35,7,Public Bus,Trincomalee,Vehicle Travel,125,5,10.409
66,7,Jeep,Kalpitiya,Wildlife Safari,227,3,25.632
55,1,Train,Colombo,Vehicle Travel,53,4,0.536
34,17,Public Bus,Hikkaduwa,Vehicle Travel,70,2,10.39
45,13,Public Transport,Anuradhapura,Sightseeing,124,2,2.142
24,6,Private Vehicle,Colombo,Private / Hired Vehicle,86,2,5.184
76,3,Public Transport,Anuradhapura,Airport Transfer,77,4,2.122
65,8,Bicycle,Mirissa,Bicycle Ride,34,5,0.009
36,12,Private Vehicle,Mirissa,Shopping,54,5,3.937
60,10,Private Vehicle,Polonnaruwa,Spa / Ayurveda,99,4,8.092
60,18,N/A,Badulla,Meal,59,4,34.772
56,7,Public Transport,Kandy,Spa / Ayurveda,121,4,4.363
21,3,Ferry,Kalpitiya,Ferry,175,1,2.103
73,5,Walking,Colombo,Jogging,41,5,0.031
78,11,Cruise,Badulla,Cruise,410,4,122.453
79,2,Private Vehicle,Dambulla,Vehicle Travel,214,4,6.688
79,2,Public Bus,Badulla,Vehicle Travel,155,1,3.251
76,9,Walking,Kandy,Walking,47,2,0.004
64,4,Cruise,Kandy,Cruise,300,3,29.001
21,11,Private Vehicle,Badulla,Vehicle Travel,212,5,35.255
47,1,Ferry,Sigiriya,Ferry,132,4,0.705
33,3,Bicycle,Anuradhapura,Bicycle Ride,54,4,0.004
31,2,Flight,Sigiriya,Flight,474,3,61.301
70,8,Ferry,Ella,Ferry,130,4,5.581
69,10,Walking,Kandy,Other,108,3,0.568
50,4,Private Vehicle,Galle,Shopping,101,2,2.039
64,5,N/A,Polonnaruwa,Resting,109,4,0.299
26,1,Private Vehicle,Colombo,Vehicle Travel,278,3,3.278
31,9,N/A,Kalpitiya,Meal,54,3,13.898
72,20,Public Bus,Nuwara Eliya,Vehicle Travel,110,3,22.286
46,10,Bicycle,Mirissa,Bicycle Ride,67,3,0.016
52,2,Private Vehicle,Sigiriya,Airport Transfer,87,5,1.836
47,7,Flight,Kalpitiya,Flight,353,5,190.34
30,3,Walking,Colombo,Shopping,66,5,0.402
70,1,N/A,Negombo,Resting,53,5,0.036
65,2,Walking,Haputale,Hiking,78,3,0.023
61,1,Ferry,Yala,Ferry,83,3,0.464
40,2,Walking,Arugam Bay,Hiking,290,4,0.093
58,11,Public Bus,Galle,Vehicle Travel,191,1,20.841
78,3,N/A,Kalpitiya,Meal,35,5,3.976
58,10,Bicycle,Badulla,Vehicle Travel,101,1,6.81
49,16,N/A,Arugam Bay,Resting,61,4,0.536
35,6,Public Transport,Hikkaduwa,Public Transport,37,4,0.27
50,5,N/A,Dambulla,Meal,76,5,15.246
41,10,Bicycle,Anuradhapura,Vehicle Travel,84,4,6.843
56,1,Private Vehicle,Colombo,Private / Hired Vehicle,55,4,0.621
20,4,Private Vehicle,Galle,Sightseeing,62,3,0.415
29,5,Public Bus,Kalpitiya,Vehicle Travel,198,4,10.681
67,11,Water,Dambulla,Surfing,163,4,1.836
41,11,Private Vehicle,Kandy,Other,190,4,3.841
45,12,N/A,Polonnaruwa,Beach Leisure,215,4,2.26
52,8,Public Bus,Kalpitiya,Vehicle Travel,141,1,9.219
45,5,Flight,Trincomalee,Flight,91,3,30.046
65,11,N/A,Arugam Bay,Other,89,5,1.737
33,13,Walking,Badulla,Other,86,3,0.576
65,5,Water,Kalpitiya,Swimming / Snorkeling,71,4,0.305
31,19,Public Transport,Anuradhapura,Public Transport,46,4,1.105
41,13,N/A,Arugam Bay,Meal,52,5,26.565
55,5,Public Transport,Haputale,Shopping,148,2,2.887
73,1,N/A,Haputale,Resting,114,3,0.064
32,2,Walking,Mirissa,Hiking,80,5,0.032
55,10,Jeep,Mirissa,Wildlife Safari,201,4,35.096
22,1,Private Vehicle,Negombo,Medical / Hospital Visit,45,4,0.391
22,5,Public Bus,Sigiriya,Vehicle Travel,77,3,3.926
66,7,Public Transport,Haputale,Sightseeing,131,3,1.518
63,13,Bicycle,Sigiriya,Vehicle Travel,173,5,25.442
41,12,Private Vehicle,Polonnaruwa,Sightseeing,218,4,4.566
57,10,N/A,Polonnaruwa,Resting,57,5,0.382
41,4,Public Bus,Sigiriya,Vehicle Travel,83,5,3.902
35,1,Private Vehicle,Polonnaruwa,Cultural / Temple Visit,35,4,0.058
45,8,Train,Kalpitiya,Vehicle Travel,115,4,8.774
37,2,Cruise,Arugam Bay,Cruise,286,4,14.44
69,6,Boat,Trincomalee,Boat Ride,40,5,1.385
43,18,Private Vehicle,Trincomalee,Shopping,88,4,9.148
38,6,Water,Colombo,Surfing,232,2,1.129
51,7,Private Vehicle,Trincomalee,Airport Transfer,82,5,7.269
65,8,Cruise,Hikkaduwa,Cruise,343,4,85.704
35,11,N/A,Jaffna,Meal,60,5,23.178
77,4,Bicycle,Arugam Bay,Bicycle Ride,109,3,0.011
47,5,Private Vehicle,Trincomalee,Sightseeing,175,3,1.47
59,2,Bicycle,Trincomalee,Vehicle Travel,93,4,1.563
78,7,Private Vehicle,Haputale,Airport Transfer,38,4,2.775
45,3,Private Vehicle,Yala,Other,181,1,0.691
30,5,Bicycle,Nuwara Eliya,Vehicle Travel,105,3,3.478
65,10,Walking,Kandy,Walking,62,4,0.008
18,1,Walking,Kalpitiya,Jogging,40,5,0.006
46,6,Public Transport,Ella,Public Transport,146,1,0.885
79,2,N/A,Yala,Resting,128,3,0.137
44,2,Public Transport,Dambulla,Shopping,86,3,0.714
61,1,N/A,Ella,Beach Leisure,224,3,0.175
51,2,Water,Nuwara Eliya,Swimming / Snorkeling,106,1,0.147
31,19,Private Vehicle,Mirissa,Private / Hired Vehicle,147,4,26.514
38,20,Public Transport,Mirissa,Public Transport,137,4,3.048
50,9,Private Vehicle,Nuwara Eliya,Vehicle Travel,144,3,16.807
24,7,Public Transport,Trincomalee,Spa / Ayurveda,155,3,5.785
44,10,Cruise,Negombo,Cruise,219,5,63.545
44,13,Walking,Nuwara Eliya,Vehicle Travel,136,3,5.891
70,5,Water,Yala,Surfing,49,4,0.252
25,1,Train,Sigiriya,Vehicle Travel,86,3,0.771
71,9,Jeep,Haputale,Wildlife Safari,246,5,44.426
43,19,N/A,Anuradhapura,Meal,60,5,45.089
59,2,Cruise,Kalpitiya,Cruise,558,3,27.06
53,5,Private Vehicle,Kalpitiya,Vehicle Travel,65,4,4.633
36,3,Private Vehicle,Ella,Vehicle Travel,77,4,2.757
76,4,Public Bus,Haputale,Vehicle Travel,261,3,10.483
32,9,Walking,Colombo,Vehicle Travel,109,4,3.798
20,4,Private Vehicle,Anuradhapura,Vehicle Travel,149,3,7.837
65,15,Walking,Ella,Sightseeing,122,3,1.045
57,10,Public Bus,Colombo,Vehicle Travel,197,5,23.707
74,1,Bicycle,Jaffna,Bicycle Ride,143,2,0.004
46,11,Ferry,Mirissa,Ferry,50,2,2.696
19,10,Public Transport,Jaffna,Shopping,157,2,6.166
19,5,Walking,Yala,Sightseeing,97,5,0.261
45,5,Private Vehicle,Dambulla,Spa / Ayurveda,102,2,3.482
33,12,Tuk-Tuk,Arugam Bay,Vehicle Travel,171,2,22.449
76,4,Private Vehicle,Trincomalee,Vehicle Travel,283,4,17.061
25,1,Walking,Yala,Walking,54,4,0.001
73,3,Private Vehicle,Nuwara Eliya,Sightseeing,160,4,1.026
31,2,Public Transport,Hikkaduwa,Airport Transfer,45,5,0.898
25,8,Private Vehicle,Polonnaruwa,Private / Hired Vehicle,61,1,3.446
35,2,N/A,Bentota,Beach Leisure,165,4,0.266
27,7,Private Vehicle,Arugam Bay,Shopping,118,4,4.67
43,5,Private Vehicle,Kalpitiya,Spa / Ayurveda,145,3,4.936
38,12,Private Vehicle,Nuwara Eliya,Private / Hired Vehicle,71,5,9.693
51,5,N/A,Yala,Meal,70,4,12.968
51,15,Cruise,Sigiriya,Cruise,510,3,197.346
18,14,Walking,Bentota,Hiking,236,2,0.464
25,2,Walking,Arugam Bay,Vehicle Travel,199,2,1.321
28,8,N/A,Haputale,Resting,119,5,0.611
30,2,Walking,Colombo,Vehicle Travel,165,3,1.27
23,11,Private Vehicle,Anuradhapura,Vehicle Travel,78,5,12.731
37,7,Walking,Kalpitiya,Walking,44,2,0.002
52,3,Private Vehicle,Kandy,Vehicle Travel,109,5,4.713
37,2,Private Vehicle,Trincomalee,Sightseeing,217,5,0.946
38,4,Private Vehicle,Ella,Private / Hired Vehicle,43,2,1.351
47,11,Public Bus,Jaffna,Vehicle Travel,121,2,13.412
52,11,Water,Negombo,Surfing,105,5,1.257
38,1,Walking,Mirissa,Walking,82,1,0.001
31,3,N/A,Jaffna,Other,86,3,0.461
43,4,Public Bus,Negombo,Vehicle Travel,253,5,12.34
19,6,Water,Trincomalee,Swimming / Snorkeling,72,5,0.434
49,1,Public Transport,Mirissa,Shopping,66,4,0.288
77,3,Public Bus,Kandy,Vehicle Travel,185,5,8.021
43,13,Private Vehicle,Colombo,Vehicle Travel,219,4,35.62
24,5,N/A,Ella,Meal,51,4,7.288
62,9,Walking,Trincomalee,Cultural / Temple Visit,149,3,0.715
25,5,Cruise,Anuradhapura,Cruise,274,4,32.342
30,5,Boat,Anuradhapura,Boat Ride,94,4,2.651
27,7,N/A,Yala,Resting,106,4,0.376
73,2,Train,Badulla,Vehicle Travel,187,5,4.523
79,2,Walking,Anuradhapura,Vehicle Travel,139,3,1.27
53,19,N/A,Yala,Meal,64,4,42.121
56,12,N/A,Trincomalee,Meal,61,4,22.664
58,9,Train,Dambulla,Vehicle Travel,172,3,14.412
56,1,Public Transport,Negombo,Cultural / Temple Visit,83,3,0.136
52,1,Private Vehicle,Badulla,Vehicle Travel,267,5,3.668
80,2,Train,Mirissa,Vehicle Travel,205,3,4.211
64,15,Private Vehicle,Badulla,Spa / Ayurveda,94,4,11.37
23,11,Public Transport,Mirissa,Airport Transfer,125,4,13.567
42,5,Tuk-Tuk,Trincomalee,Vehicle Travel,179,5,12.754
79,17,Walking,Jaffna,Vehicle Travel,81,4,6.193
43,1,Private Vehicle,Arugam Bay,Vehicle Travel,219,2,2.759
30,6,Walking,Nuwara Eliya,Jogging,46,3,0.031
72,2,Public Transport,Anuradhapura,Sightseeing,222,4,0.695
57,3,Tuk-Tuk,Mirissa,Vehicle Travel,257,2,8.564
53,15,Private Vehicle,Mirissa,Medical / Hospital Visit,34,4,4.64
44,12,Bicycle,Ella,Bicycle Ride,82,3,0.024
25,1,Private Vehicle,Polonnaruwa,Cultural / Temple Visit,103,1,0.17
42,2,Tuk-Tuk,Negombo,Vehicle Travel,235,5,7.405
45,6,Train,Trincomalee,Vehicle Travel,53,5,2.731
76,1,N/A,Arugam Bay,Meal,72,4,2.472
37,6,Bicycle,Jaffna,Bicycle Ride,61,2,0.008
27,6,Cruise,Jaffna,Cruise,499,5,92.892
44,3,Jeep,Yala,Wildlife Safari,332,4,18.163
80,3,Bicycle,Kalpitiya,Bicycle Ride,75,5,0.008
48,2,Water,Ella,Swimming / Snorkeling,63,1,0.085
41,15,Private Vehicle,Anuradhapura,Sightseeing,89,2,1.977
60,4,Private Vehicle,Anuradhapura,Cultural / Temple Visit,139,4,1.052
58,6,Water,Kandy,Swimming / Snorkeling,61,5,0.371
36,3,Bicycle,Kandy,Vehicle Travel,260,2,5.472
78,9,Walking,Kalpitiya,Hiking,100,3,0.161
55,1,Private Vehicle,Dambulla,Airport Transfer,128,4,1.392
21,1,Private Vehicle,Anuradhapura,Vehicle Travel,158,5,2.329
43,9,Public Transport,Sigiriya,Shopping,65,4,2.791
76,9,Train,Yala,Vehicle Travel,291,5,26.156
42,2,Jeep,Negombo,Wildlife Safari,246,4,7.409
53,3,N/A,Sigiriya,Meal,56,5,6.696
56,16,Bicycle,Kandy,Vehicle Travel,155,4,19.821
62,1,Public Transport,Yala,Airport Transfer,108,2,0.939
72,2,Tuk-Tuk,Jaffna,Vehicle Travel,105,4,2.695
27,4,Cruise,Trincomalee,Cruise,415,4,42.98
50,3,Flight,Ella,Flight,330,3,67.286
51,7,Private Vehicle,Polonnaruwa,Shopping,154,3,5.984
27,8,Jeep,Mirissa,Wildlife Safari,313,4,42.257
60,5,Private Vehicle,Negombo,Medical / Hospital Visit,97,5,5.207
25,7,Private Vehicle,Badulla,Vehicle Travel,110,3,9.515
46,4,Private Vehicle,Trincomalee,Vehicle Travel,221,5,14.053
38,10,Private Vehicle,Jaffna,Vehicle Travel,115,3,14.538
27,1,Flight,Dambulla,Flight,186,2,10.295
69,3,N/A,Dambulla,Meal,48,2,4.251
33,8,Jeep,Polonnaruwa,Wildlife Safari,136,3,15.37
34,3,Cruise,Negombo,Cruise,236,1,14.018
71,1,Public Transport,Kandy,Airport Transfer,110,4,1.02
73,3,Public Transport,Anuradhapura,Shopping,76,4,1.057
20,9,Private Vehicle,Jaffna,Medical / Hospital Visit,50,4,4.032
35,1,N/A,Yala,Beach Leisure,230,5,0.224
62,9,Jeep,Colombo,Wildlife Safari,131,5,23.297
67,10,Tuk-Tuk,Sigiriya,Vehicle Travel,123,3,15.459
80,7,Public Bus,Bentota,Vehicle Travel,198,2,14.734
52,2,Public Transport,Colombo,Public Transport,47,3,0.119
18,11,Bicycle,Dambulla,Bicycle Ride,21,4,0.007
73,2,N/A,Anuradhapura,Meal,43,3,2.894
28,14,Private Vehicle,Dambulla,Vehicle Travel,227,4,37.944
25,9,Train,Kalpitiya,Vehicle Travel,215,4,17.471
60,1,Walking,Kalpitiya,Walking,107,4,0.001
56,11,Private Vehicle,Haputale,Other,70,2,1.23
21,5,N/A,Arugam Bay,Meal,68,3,9.414
28,4,Walking,Nuwara Eliya,Walking,26,3,0.001
55,4,Public Bus,Kandy,Vehicle Travel,195,5,9.575
34,7,Bicycle,Mirissa,Vehicle Travel,92,4,5.979
61,9,N/A,Galle,Resting,168,4,0.864
43,13,Walking,Nuwara Eliya,Walking,59,4,0.01
55,2,Public Bus,Nuwara Eliya,Vehicle Travel,187,4,4.046
47,7,Walking,Sigiriya,Walking,101,1,0.006
41,8,Private Vehicle,Anuradhapura,Vehicle Travel,112,2,9.948
39,8,Public Bus,Bentota,Vehicle Travel,276,2,19.614
61,5,Private Vehicle,Trincomalee,Medical / Hospital Visit,30,1,1.182
50,4,N/A,Badulla,Resting,85,3,0.156
55,10,Private Vehicle,Mirissa,Vehicle Travel,204,4,26.56
54,3,Bicycle,Hikkaduwa,Bicycle Ride,118,2,0.009
31,2,Private Vehicle,Ella,Vehicle Travel,95,2,1.846
75,6,Public Bus,Galle,Vehicle Travel,243,2,13.065
53,2,N/A,Ella,Other,19,3,0.065
63,1,Private Vehicle,Polonnaruwa,Sightseeing,201,2,0.347
73,1,Water,Ella,Swimming / Snorkeling,149,1,0.111
76,8,Private Vehicle,Badulla,Vehicle Travel,163,3,18.069
60,18,Private Vehicle,Dambulla,Vehicle Travel,127,5,33.744
67,4,Water,Polonnaruwa,Swimming / Snorkeling,89,3,0.354
47,1,Public Transport,Bentota,Airport Transfer,47,2,0.382
64,11,Public Transport,Ella,Public Transport,140,3,1.726
38,2,Ferry,Ella,Ferry,107,3,1.002
62,20,Private Vehicle,Kalpitiya,Cultural / Temple Visit,52,4,1.694
23,6,Train,Yala,Vehicle Travel,130,3,7.259
75,2,Private Vehicle,Yala,Cultural / Temple Visit,65,5,0.256
33,5,Boat,Nuwara Eliya,Boat Ride,137,5,3.519
59,3,Private Vehicle,Anuradhapura,Sightseeing,201,4,1.131
18,10,Walking,Anuradhapura,Vehicle Travel,252,2,7.909
27,1,N/A,Negombo,Resting,110,3,0.051
80,12,Walking,Polonnaruwa,Walking,108,3,0.015
70,10,Cruise,Arugam Bay,Cruise,290,4,76.32
32,12,Cruise,Bentota,Cruise,418,1,106.213
26,13,Private Vehicle,Arugam Bay,Other,111,4,2.802
69,2,Flight,Ella,Flight,242,3,29.812
80,5,Private Vehicle,Kandy,Medical / Hospital Visit,46,3,2.013
28,12,Private Vehicle,Nuwara Eliya,Private / Hired Vehicle,40,3,4.24
59,4,Private Vehicle,Colombo,Private / Hired Vehicle,103,3,3.83
35,1,Private Vehicle,Colombo,Vehicle Travel,117,4,1.781
64,3,Public Transport,Nuwara Eliya,Sightseeing,132,4,0.663
44,2,Public Transport,Haputale,Airport Transfer,102,3,1.403
25,13,Cruise,Ella,Cruise,510,1,124.362
38,5,Private Vehicle,Hikkaduwa,Sightseeing,137,5,1.349
51,8,Public Bus,Galle,Vehicle Travel,282,3,23.83
68,16,Boat,Arugam Bay,Boat Ride,97,4,9.162
19,3,Tuk-Tuk,Mirissa,Vehicle Travel,111,3,3.942
78,10,Private Vehicle,Jaffna,Vehicle Travel,101,4,14.809
58,1,N/A,Dambulla,Other,93,4,0.166
73,1,Public Transport,Sigiriya,Spa / Ayurveda,161,1,0.929
76,1,Walking,Negombo,Hiking,249,4,0.043
27,3,Flight,Yala,Flight,261,4,47.237
23,4,Jeep,Yala,Wildlife Safari,249,2,15.572
66,5,Train,Bentota,Vehicle Travel,120,4,5.471
29,2,Water,Badulla,Swimming / Snorkeling,123,3,0.216
27,1,Walking,Polonnaruwa,Sightseeing,57,1,0.023
47,8,Cruise,Arugam Bay,Cruise,420,5,95.36
75,1,Train,Negombo,Vehicle Travel,218,5,1.942
68,11,Private Vehicle,Haputale,Private / Hired Vehicle,70,3,8.173
50,15,N/A,Sigiriya,Resting,118,4,0.908
30,9,Walking,Bentota,Walking,87,1,0.006
39,6,Private Vehicle,Dambulla,Vehicle Travel,151,4,12.621
61,8,Walking,Sigiriya,Walking,49,3,0.004
27,7,Private Vehicle,Kandy,Vehicle Travel,293,4,33.048
51,15,Private Vehicle,Jaffna,Shopping,111,3,7.406
18,17,Public Transport,Nuwara Eliya,Cultural / Temple Visit,104,3,2.428
38,4,Water,Jaffna,Surfing,166,5,0.722
33,7,Train,Galle,Vehicle Travel,132,1,6.562
60,11,Private Vehicle,Arugam Bay,Vehicle Travel,141,2,19.141
75,1,Public Bus,Nuwara Eliya,Vehicle Travel,34,3,0.439
27,5,Bicycle,Trincomalee,Bicycle Ride,90,4,0.012
68,7,Private Vehicle,Nuwara Eliya,Private / Hired Vehicle,98,1,6.336
59,9,Private Vehicle,Sigiriya,Sightseeing,115,4,2.092
79,3,Cruise,Haputale,Cruise,146,3,11.752
75,3,Private Vehicle,Badulla,Vehicle Travel,82,4,3.559
24,2,Walking,Bentota,Sightseeing,176,5,0.187
64,6,Private Vehicle,Mirissa,Sightseeing,215,3,2.473
55,14,Public Transport,Anuradhapura,Public Transport,21,4,0.398
25,13,Water,Ella,Swimming / Snorkeling,68,3,0.768
34,3,Private Vehicle,Kandy,Private / Hired Vehicle,166,2,4.285
76,2,Private Vehicle,Kalpitiya,Private / Hired Vehicle,158,4,3.269
52,10,Public Transport,Kandy,Public Transport,48,5,0.759
39,9,Private Vehicle,Arugam Bay,Cultural / Temple Visit,81,5,1.533
38,5,Private Vehicle,Nuwara Eliya,Shopping,107,5,2.803
70,4,Private Vehicle,Dambulla,Shopping,150,3,3.196
35,1,Walking,Galle,Jogging,29,4,0.004
28,10,Walking,Jaffna,Shopping,227,2,2.555
54,7,N/A,Bentota,Beach Leisure,110,5,0.764
80,4,Public Transport,Trincomalee,Cultural / Temple Visit,155,4,1.272
29,14,Train,Ella,Vehicle Travel,114,3,11.215
34,8,Private Vehicle,Galle,Vehicle Travel,119,5,13.046
47,15,Private Vehicle,Ella,Cultural / Temple Visit,125,4,2.835
30,5,Walking,Jaffna,Vehicle Travel,215,5,4.252
59,4,Public Bus,Mirissa,Vehicle Travel,260,4,10.124
33,15,Private Vehicle,Haputale,Shopping,86,5,7.123
26,16,Train,Haputale,Vehicle Travel,106,4,18.379
34,16,Private Vehicle,Dambulla,Vehicle Travel,243,4,56.761
76,11,Walking,Colombo,Sightseeing,163,4,1.045
76,5,Private Vehicle,Negombo,Sightseeing,103,2,1.0
49,2,N/A,Negombo,Resting,163,1,0.137
43,4,Public Bus,Negombo,Vehicle Travel,79,5,3.581
69,15,Private Vehicle,Hikkaduwa,Vehicle Travel,85,5,19.846
30,3,Bicycle,Hikkaduwa,Vehicle Travel,227,5,5.387
59,10,Walking,Jaffna,Vehicle Travel,128,1,3.594
60,14,Public Transport,Mirissa,Public Transport,45,3,0.789
62,17,Private Vehicle,Hikkaduwa,Medical / Hospital Visit,40,5,7.48
31,16,Private Vehicle,Colombo,Vehicle Travel,72,2,12.149
63,6,Public Transport,Trincomalee,Public Transport,48,3,0.358
56,5,Private Vehicle,Galle,Other,222,3,2.006
73,19,N/A,Haputale,Meal,44,5,30.026
28,2,Private Vehicle,Badulla,Medical / Hospital Visit,36,4,0.61
56,2,Private Vehicle,Ella,Private / Hired Vehicle,214,3,4.347
70,17,N/A,Kalpitiya,Resting,61,4,0.632
35,8,Bicycle,Arugam Bay,Vehicle Travel,178,2,11.443
64,6,N/A,Hikkaduwa,Beach Leisure,182,4,1.096
24,1,Tuk-Tuk,Hikkaduwa,Vehicle Travel,192,4,2.019
63,5,Private Vehicle,Galle,Private / Hired Vehicle,22,4,1.028
56,16,Public Bus,Haputale,Vehicle Travel,70,3,11.352
30,7,Cruise,Mirissa,Cruise,501,3,86.955
22,4,Private Vehicle,Arugam Bay,Vehicle Travel,74,1,3.193
64,6,Walking,Mirissa,Vehicle Travel,40,5,1.093
33,13,Private Vehicle,Badulla,Private / Hired Vehicle,31,3,3.197
49,14,Water,Mirissa,Surfing,82,3,1.099
21,4,Flight,Hikkaduwa,Flight,201,3,55.403
78,7,Bicycle,Kalpitiya,Vehicle Travel,190,5,11.611
52,2,Public Transport,Hikkaduwa,Public Transport,44,4,0.119
76,4,Public Bus,Galle,Vehicle Travel,155,2,6.438
28,2,Walking,Polonnaruwa,Hiking,330,4,0.115
30,5,Private Vehicle,Kalpitiya,Spa / Ayurveda,154,3,5.757
56,6,Walking,Negombo,Walking,68,4,0.005
56,3,Private Vehicle,Ella,Private / Hired Vehicle,119,5,4.329
67,2,Train,Trincomalee,Vehicle Travel,49,4,0.974
76,1,Private Vehicle,Kandy,Sightseeing,106,5,0.228
69,1,N/A,Dambulla,Meal,53,4,1.759
26,9,Walking,Badulla,Walking,39,3,0.004
37,2,Private Vehicle,Colombo,Sightseeing,91,4,0.336
75,1,Flight,Galle,Flight,169,4,13.198
52,20,Cruise,Haputale,Cruise,410,3,204.022
72,2,Walking,Dambulla,Shopping,96,4,0.313
53,13,Private Vehicle,Polonnaruwa,Vehicle Travel,243,2,39.946
21,7,N/A,Nuwara Eliya,Meal,44,2,7.967
47,9,Boat,Mirissa,Boat Ride,114,5,5.213
69,6,Public Transport,Polonnaruwa,Public Transport,45,2,0.325
59,2,Walking,Kandy,Sightseeing,100,5,0.115
26,12,Public Transport,Sigiriya,Sightseeing,114,3,2.074
31,11,Flight,Sigiriya,Flight,100,4,78.284
71,3,Public Bus,Trincomalee,Vehicle Travel,183,5,7.828
79,10,Private Vehicle,Sigiriya,Vehicle Travel,130,4,19.993
65,6,Private Vehicle,Bentota,Private / Hired Vehicle,58,5,3.81
24,14,Private Vehicle,Sigiriya,Vehicle Travel,121,3,22.832
57,11,Water,Kandy,Surfing,89,3,0.931
70,1,Private Vehicle,Hikkaduwa,Spa / Ayurveda,163,4,1.37
58,13,Private Vehicle,Mirissa,Private / Hired Vehicle,49,4,7.113
55,17,Public Transport,Kalpitiya,Spa / Ayurveda,143,4,13.896
47,9,Ferry,Jaffna,Ferry,109,4,5.579
33,1,Walking,Hikkaduwa,Hiking,241,3,0.033
35,11,Private Vehicle,Anuradhapura,Other,58,3,1.01
64,7,Walking,Anuradhapura,Walking,54,5,0.005
22,3,Walking,Yala,Other,61,4,0.088
23,13,Private Vehicle,Badulla,Sightseeing,136,4,3.287
42,6,Water,Arugam Bay,Swimming / Snorkeling,89,4,0.495
66,12,Flight,Kalpitiya,Flight,391,5,416.116
59,8,Walking,Bentota,Other,162,5,0.908
55,3,Water,Hikkaduwa,Swimming / Snorkeling,122,3,0.322
51,18,Ferry,Sigiriya,Ferry,127,5,14.457
24,6,Bicycle,Anuradhapura,Bicycle Ride,34,3,0.005
38,5,Public Bus,Kalpitiya,Vehicle Travel,103,3,5.084
23,4,Private Vehicle,Hikkaduwa,Private / Hired Vehicle,103,5,4.654
65,1,Walking,Arugam Bay,Sightseeing,189,3,0.099
65,8,Walking,Yala,Hiking,235,3,0.304
34,4,N/A,Dambulla,Meal,40,4,5.329
36,15,Private Vehicle,Ella,Other,57,5,1.572
37,17,N/A,Polonnaruwa,Meal,72,2,32.468
74,10,Train,Mirissa,Vehicle Travel,192,4,20.946
48,2,N/A,Bentota,Beach Leisure,143,4,0.257
66,9,Private Vehicle,Hikkaduwa,Vehicle Travel,182,3,20.609
46,1,N/A,Badulla,Beach Leisure,157,4,0.159
61,11,Public Transport,Bentota,Spa / Ayurveda,124,4,8.415
51,5,Bicycle,Anuradhapura,Vehicle Travel,128,4,5.582
35,15,Cruise,Haputale,Cruise,361,4,140.374
73,4,Public Bus,Bentota,Vehicle Travel,170,5,9.465
62,2,N/A,Kalpitiya,Meal,55,5,4.045
66,20,Tuk-Tuk,Kalpitiya,Vehicle Travel,79,1,14.88
77,5,Walking,Jaffna,Hiking,223,4,0.189
33,12,Walking,Kandy,Sightseeing,162,4,1.211
23,14,Public Transport,Kandy,Sightseeing,64,2,1.154
54,5,Public Transport,Sigiriya,Airport Transfer,117,4,4.955
38,4,Walking,Colombo,Walking,97,4,0.004
45,6,N/A,Dambulla,Meal,48,2,7.85
32,12,Cruise,Mirissa,Cruise,635,3,171.657
43,17,Jeep,Arugam Bay,Wildlife Safari,283,4,89.914
42,3,Ferry,Polonnaruwa,Ferry,198,3,2.869
40,9,Walking,Galle,Walking,146,5,0.015
64,3,Private Vehicle,Trincomalee,Other,78,2,0.415
55,7,Walking,Bentota,Vehicle Travel,73,4,2.219
47,11,Private Vehicle,Colombo,Medical / Hospital Visit,46,4,5.254
25,13,Public Transport,Arugam Bay,Public Transport,76,3,1.148
53,4,Public Transport,Galle,Public Transport,44,4,0.225
29,3,Private Vehicle,Colombo,Medical / Hospital Visit,36,2,0.841
37,2,Tuk-Tuk,Nuwara Eliya,Vehicle Travel,122,2,2.622
44,1,Public Transport,Ella,Spa / Ayurveda,143,4,0.934
26,3,N/A,Mirissa,Beach Leisure,278,3,0.695
42,13,Boat,Dambulla,Boat Ride,61,5,4.164
34,4,Walking,Arugam Bay,Shopping,121,4,0.839
71,3,Bicycle,Mirissa,Bicycle Ride,108,1,0.008
72,9,N/A,Galle,Resting,118,3,0.571
18,2,Public Bus,Dambulla,Vehicle Travel,314,5,7.991
55,2,N/A,Trincomalee,Other,54,3,0.186
58,15,Flight,Yala,Flight,472,4,504.54
41,1,Private Vehicle,Kalpitiya,Sightseeing,166,2,0.279
47,4,Public Transport,Bentota,Shopping,113,5,2.554
67,6,Water,Yala,Surfing,165,3,0.924
41,2,Bicycle,Haputale,Bicycle Ride,84,3,0.004
22,3,Private Vehicle,Galle,Vehicle Travel,249,4,10.474
41,2,Ferry,Trincomalee,Ferry,96,3,0.921
33,3,Private Vehicle,Jaffna,Private / Hired Vehicle,63,4,1.965
42,14,Private Vehicle,Negombo,Shopping,203,1,14.034
32,4,Bicycle,Haputale,Vehicle Travel,109,2,3.024
27,4,N/A,Bentota,Meal,78,2,8.537
80,4,Walking,Galle,Walking,160,4,0.007
26,17,Public Transport,Anuradhapura,Public Transport,75,5,1.736
62,1,Bicycle,Ella,Bicycle Ride,84,1,0.002
63,13,N/A,Negombo,Beach Leisure,72,5,0.919
56,3,Walking,Jaffna,Jogging,33,5,0.013
75,16,N/A,Dambulla,Meal,55,1,21.933
18,3,Bicycle,Bentota,Vehicle Travel,153,2,3.075
37,1,N/A,Badulla,Resting,116,3,0.058
29,5,Train,Kalpitiya,Vehicle Travel,188,2,7.402
54,2,Tuk-Tuk,Haputale,Vehicle Travel,88,4,2.423
58,10,Ferry,Negombo,Ferry,78,4,4.317
74,8,Private Vehicle,Ella,Private / Hired Vehicle,75,3,6.281
41,8,Private Vehicle,Galle,Sightseeing,115,4,1.841
32,2,Walking,Badulla,Hiking,241,3,0.08
76,9,Public Transport,Kalpitiya,Shopping,126,5,6.857
60,3,Walking,Kalpitiya,Cultural / Temple Visit,134,4,0.216
66,20,Bicycle,Mirissa,Vehicle Travel,89,3,15.001
46,9,N/A,Kalpitiya,Resting,64,4,0.332
46,6,Tuk-Tuk,Arugam Bay,Vehicle Travel,123,3,9.305
42,12,Water,Ella,Surfing,143,5,1.773
65,6,Water,Sigiriya,Swimming / Snorkeling,136,3,0.787
31,6,Private Vehicle,Kalpitiya,Sightseeing,134,5,1.648
79,2,Walking,Mirissa,Vehicle Travel,235,5,2.342
29,8,Public Transport,Badulla,Spa / Ayurveda,191,4,10.032
47,4,Private Vehicle,Kalpitiya,Medical / Hospital Visit,54,4,1.976
37,1,Jeep,Dambulla,Wildlife Safari,116,4,2.14
58,11,Cruise,Colombo,Cruise,363,2,81.176
60,1,Ferry,Ella,Ferry,192,5,1.207
75,8,Walking,Anuradhapura,Hiking,129,3,0.15
67,1,N/A,Colombo,Meal,51,5,1.988
33,4,Public Bus,Haputale,Vehicle Travel,272,4,9.242
31,12,Private Vehicle,Nuwara Eliya,Other,94,2,1.527
73,1,Private Vehicle,Anuradhapura,Other,75,3,0.135
48,8,Private Vehicle,Hikkaduwa,Shopping,109,2,4.274
24,7,Private Vehicle,Colombo,Vehicle Travel,179,2,14.433
69,12,Public Bus,Mirissa,Vehicle Travel,47,4,6.939
58,2,Public Transport,Galle,Sightseeing,78,1,0.211
19,11,Private Vehicle,Haputale,Vehicle Travel,70,5,13.979
67,4,Walking,Hikkaduwa,Walking,74,3,0.003
56,4,Bicycle,Bentota,Vehicle Travel,208,3,6.97
56,3,Public Bus,Negombo,Vehicle Travel,175,3,5.057
72,4,Bicycle,Bentota,Bicycle Ride,148,2,0.014
49,5,Walking,Galle,Shopping,91,4,0.721
47,1,Private Vehicle,Colombo,Vehicle Travel,75,3,0.942
56,4,Private Vehicle,Nuwara Eliya,Private / Hired Vehicle,105,4,4.492
30,7,Walking,Negombo,Jogging,19,4,0.02
27,5,Public Transport,Jaffna,Shopping,128,2,2.655
71,1,Walking,Sigiriya,Walking,52,3,0.001
31,3,Cruise,Hikkaduwa,Cruise,304,3,23.537
49,4,Private Vehicle,Anuradhapura,Other,76,3,0.523
35,8,Tuk-Tuk,Ella,Vehicle Travel,271,4,26.339
32,14,Private Vehicle,Hikkaduwa,Vehicle Travel,224,1,28.963
55,6,Public Bus,Arugam Bay,Vehicle Travel,260,3,15.364
68,8,Private Vehicle,Hikkaduwa,Vehicle Travel,319,4,34.635
45,1,N/A,Jaffna,Other,91,3,0.145
26,16,Walking,Galle,Hiking,165,5,0.467
33,3,Public Bus,Colombo,Vehicle Travel,176,5,6.646
28,3,N/A,Galle,Beach Leisure,271,4,0.763
73,2,Private Vehicle,Nuwara Eliya,Shopping,151,4,1.929
38,1,Public Bus,Nuwara Eliya,Vehicle Travel,258,3,2.649
41,10,Private Vehicle,Haputale,Vehicle Travel,92,1,9.33
22,2,N/A,Dambulla,Resting,167,5,0.216
46,3,Private Vehicle,Kalpitiya,Vehicle Travel,68,3,2.297
75,2,Water,Arugam Bay,Swimming / Snorkeling,44,3,0.085
43,18,Tuk-Tuk,Bentota,Vehicle Travel,242,4,50.899
59,10,Public Bus,Yala,Vehicle Travel,179,4,16.677
29,15,Train,Kalpitiya,Vehicle Travel,188,4,28.042
27,12,Private Vehicle,Anuradhapura,Shopping,94,2,5.226
64,14,Private Vehicle,Mirissa,Shopping,95,5,9.39
22,5,Cruise,Galle,Cruise,248,2,29.546
46,2,Public Transport,Badulla,Airport Transfer,127,5,2.273
37,3,Public Bus,Mirissa,Vehicle Travel,191,3,6.389
19,3,Jeep,Badulla,Wildlife Safari,106,5,5.272
51,9,Tuk-Tuk,Sigiriya,Vehicle Travel,164,5,21.467
78,1,Walking,Mirissa,Hiking,174,3,0.032
22,1,Tuk-Tuk,Sigiriya,Vehicle Travel,147,5,1.835
69,8,Walking,Arugam Bay,Walking,142,2,0.013
51,1,Private Vehicle,Bentota,Private / Hired Vehicle,31,2,0.282
63,1,Train,Galle,Vehicle Travel,125,3,1.178
24,1,Public Bus,Yala,Vehicle Travel,47,4,0.56
72,8,Public Transport,Trincomalee,Public Transport,56,1,0.479
18,1,Private Vehicle,Ella,Other,149,4,0.244
75,1,Walking,Anuradhapura,Hiking,86,5,0.013
59,2,Walking,Kandy,Vehicle Travel,308,5,2.696
39,10,Walking,Mirissa,Sightseeing,189,3,0.885
18,2,Cruise,Bentota,Cruise,351,4,16.618
56,1,Tuk-Tuk,Kandy,Vehicle Travel,72,2,0.754
23,14,Public Transport,Trincomalee,Public Transport,28,3,0.347
56,13,Private Vehicle,Polonnaruwa,Vehicle Travel,162,5,29.972
66,2,Public Transport,Badulla,Sightseeing,220,5,0.843
34,2,Private Vehicle,Badulla,Airport Transfer,40,3,0.794
33,2,Walking,Ella,Jogging,35,2,0.008
31,9,Private Vehicle,Nuwara Eliya,Other,162,3,2.564
32,2,Private Vehicle,Kalpitiya,Shopping,58,3,0.46
25,15,Walking,Mirissa,Sightseeing,83,2,0.604
33,11,Tuk-Tuk,Trincomalee,Vehicle Travel,171,2,21.788
59,6,N/A,Polonnaruwa,Resting,47,3,0.154
37,1,Walking,Kandy,Vehicle Travel,81,3,0.301
67,13,Flight,Jaffna,Flight,507,5,421.37
69,9,Walking,Jaffna,Hiking,157,4,0.287
65,10,Tuk-Tuk,Haputale,Vehicle Travel,234,4,35.107
51,1,Flight,Arugam Bay,Flight,262,3,17.668
37,9,Bicycle,Trincomalee,Bicycle Ride,163,5,0.05
76,11,Private Vehicle,Polonnaruwa,Vehicle Travel,182,2,25.47
30,16,N/A,Sigiriya,Resting,66,5,0.683
47,6,Walking,Kandy,Shopping,144,1,1.204
46,5,Jeep,Arugam Bay,Wildlife Safari,181,5,17.963
64,4,Water,Mirissa,Surfing,111,2,0.347
52,9,N/A,Arugam Bay,Meal,63,5,22.003
68,14,Flight,Negombo,Flight,81,1,73.133
75,7,Water,Sigiriya,Surfing,64,5,0.541
42,2,N/A,Colombo,Beach Leisure,245,4,0.468
73,1,Flight,Dambulla,Flight,77,1,4.449
28,7,Private Vehicle,Kalpitiya,Shopping,60,4,2.369
75,12,Public Bus,Mirissa,Vehicle Travel,308,2,30.679
29,1,Cruise,Bentota,Cruise,587,4,14.909
71,4,Flight,Anuradhapura,Flight,520,3,135.583
42,15,Tuk-Tuk,Arugam Bay,Vehicle Travel,203,4,34.174
78,5,Water,Yala,Swimming / Snorkeling,53,5,0.317
26,2,Water,Nuwara Eliya,Swimming / Snorkeling,100,3,0.17
47,3,Jeep,Anuradhapura,Wildlife Safari,362,4,15.475
74,4,Walking,Sigiriya,Shopping,88,5,0.707
20,1,Water,Yala,Surfing,128,4,0.129
34,8,Private Vehicle,Anuradhapura,Medical / Hospital Visit,54,3,3.428
23,6,Water,Trincomalee,Swimming / Snorkeling,102,3,0.468
38,7,Public Transport,Polonnaruwa,Shopping,168,3,4.509
42,7,Flight,Bentota,Flight,261,3,115.544
56,1,Private Vehicle,Kandy,Other,64,3,0.105
34,2,Walking,Polonnaruwa,Walking,105,5,0.002
27,1,Private Vehicle,Ella,Private / Hired Vehicle,118,4,1.344
28,1,Private Vehicle,Haputale,Cultural / Temple Visit,111,4,0.207
77,9,Private Vehicle,Trincomalee,Private / Hired Vehicle,85,2,6.919
78,1,Public Bus,Trincomalee,Vehicle Travel,221,1,2.29
31,8,Walking,Yala,Walking,50,4,0.004
30,2,Bicycle,Negombo,Vehicle Travel,333,4,5.381
21,1,Boat,Hikkaduwa,Boat Ride,54,5,0.295
78,1,Private Vehicle,Haputale,Sightseeing,119,4,0.227
62,5,Public Transport,Colombo,Shopping,122,2,2.567
65,7,Walking,Ella,Walking,126,4,0.011
36,11,Train,Sigiriya,Vehicle Travel,136,4,16.205
58,1,Private Vehicle,Ella,Medical / Hospital Visit,47,1,0.333
21,7,Private Vehicle,Haputale,Vehicle Travel,220,4,22.016
60,10,Walking,Kandy,Hiking,203,2,0.268
54,3,Private Vehicle,Galle,Medical / Hospital Visit,53,3,1.431
38,1,Walking,Yala,Hiking,259,1,0.038
62,1,Public Transport,Sigiriya,Shopping,136,4,0.671
58,1,N/A,Bentota,Beach Leisure,242,4,0.221
45,13,Public Transport,Mirissa,Public Transport,56,3,0.806
29,4,Private Vehicle,Jaffna,Sightseeing,143,4,1.089
19,5,Private Vehicle,Kalpitiya,Vehicle Travel,116,4,7.933
77,10,N/A,Arugam Bay,Meal,52,3,15.681
35,3,Walking,Haputale,Vehicle Travel,177,1,1.763
37,7,Walking,Ella,Walking,54,3,0.004
60,1,N/A,Ella,Meal,59,2,1.809
34,5,Private Vehicle,Anuradhapura,Other,178,5,1.764
41,1,Bicycle,Galle,Bicycle Ride,51,5,0.002
62,2,N/A,Colombo,Meal,55,1,3.024
55,3,Private Vehicle,Anuradhapura,Sightseeing,258,4,1.246
59,9,Ferry,Trincomalee,Ferry,141,3,6.248
18,8,Private Vehicle,Sigiriya,Shopping,151,1,4.506
46,9,Public Transport,Sigiriya,Public Transport,127,3,1.141
47,1,Ferry,Kandy,Ferry,196,2,0.884
57,20,Walking,Galle,Shopping,128,3,4.107
27,1,Private Vehicle,Kalpitiya,Medical / Hospital Visit,43,3,0.314
28,11,N/A,Kandy,Beach Leisure,163,3,1.527
66,9,Private Vehicle,Negombo,Shopping,151,3,6.712
60,6,Private Vehicle,Negombo,Spa / Ayurveda,74,4,3.437
69,4,Tuk-Tuk,Nuwara Eliya,Vehicle Travel,143,3,8.181
35,10,Public Transport,Nuwara Eliya,Public Transport,50,3,0.552
80,9,Public Transport,Anuradhapura,Public Transport,36,3,0.364
35,1,N/A,Hikkaduwa,Beach Leisure,189,5,0.192
59,10,Public Bus,Colombo,Vehicle Travel,136,1,11.811
28,1,Private Vehicle,Polonnaruwa,Spa / Ayurveda,89,4,0.635
75,5,Jeep,Bentota,Wildlife Safari,254,2,20.905
38,7,Walking,Arugam Bay,Hiking,197,3,0.205
68,11,Public Transport,Haputale,Cultural / Temple Visit,96,4,1.581
38,5,Private Vehicle,Galle,Private / Hired Vehicle,98,4,5.298
67,2,Private Vehicle,Haputale,Other,171,5,0.818
46,5,Walking,Mirissa,Other,89,3,0.221
21,2,Public Bus,Yala,Vehicle Travel,182,3,3.705
29,5,Private Vehicle,Kandy,Cultural / Temple Visit,120,4,0.92
61,5,Walking,Kandy,Shopping,160,3,1.261
30,10,Walking,Polonnaruwa,Hiking,141,4,0.268
35,2,Walking,Yala,Jogging,43,5,0.014
52,2,Train,Dambulla,Vehicle Travel,192,3,3.482
33,5,Public Transport,Polonnaruwa,Public Transport,133,4,0.826
26,1,Cruise,Yala,Cruise,337,2,7.277
57,2,Public Transport,Bentota,Public Transport,111,1,0.231
61,3,N/A,Sigiriya,Beach Leisure,158,5,0.549
64,5,Train,Mirissa,Vehicle Travel,276,2,11.533
77,2,Public Transport,Negombo,Shopping,148,3,1.446
25,6,Private Vehicle,Bentota,Private / Hired Vehicle,35,4,1.981
44,13,N/A,Jaffna,Other,112,3,2.384
32,6,Walking,Trincomalee,Cultural / Temple Visit,122,2,0.317
74,3,Private Vehicle,Galle,Vehicle Travel,257,2,9.896
52,1,Tuk-Tuk,Trincomalee,Vehicle Travel,90,3,1.043
24,1,Flight,Dambulla,Flight,188,3,12.002
61,6,Boat,Badulla,Boat Ride,54,4,1.69
20,8,Walking,Bentota,Hiking,130,3,0.165
35,1,Private Vehicle,Nuwara Eliya,Vehicle Travel,80,5,1.409
63,2,Walking,Kalpitiya,Sightseeing,197,3,0.22
49,3,Walking,Haputale,Vehicle Travel,115,3,1.109
65,3,Walking,Polonnaruwa,Vehicle Travel,96,5,1.355
53,16,Public Transport,Bentota,Sightseeing,129,5,3.685
71,2,Water,Sigiriya,Swimming / Snorkeling,110,3,0.172
53,1,Private Vehicle,Mirissa,Sightseeing,167,3,0.308
21,3,Private Vehicle,Sigiriya,Private / Hired Vehicle,41,5,1.572
22,1,Public Transport,Dambulla,Cultural / Temple Visit,75,2,0.094
66,1,Walking,Anuradhapura,Jogging,34,3,0.005
20,4,Bicycle,Bentota,Bicycle Ride,57,4,0.007
41,3,Private Vehicle,Polonnaruwa,Private / Hired Vehicle,96,5,3.331
19,1,Walking,Anuradhapura,Vehicle Travel,217,4,0.945
37,7,Public Transport,Galle,Spa / Ayurveda,92,3,3.44
55,5,Flight,Dambulla,Flight,120,5,51.441
28,1,Flight,Bentota,Flight,323,2,20.909
47,12,Private Vehicle,Hikkaduwa,Vehicle Travel,77,4,13.371
80,3,Public Bus,Hikkaduwa,Vehicle Travel,227,2,7.152
22,16,Private Vehicle,Kandy,Vehicle Travel,202,4,41.203
22,15,Bicycle,Colombo,Bicycle Ride,88,4,0.039
35,4,Private Vehicle,Polonnaruwa,Vehicle Travel,65,3,3.221
70,2,Walking,Kandy,Shopping,168,4,0.587
43,12,Water,Bentota,Swimming / Snorkeling,55,5,0.733
58,3,Private Vehicle,Dambulla,Vehicle Travel,37,3,1.404
20,1,Boat,Ella,Boat Ride,85,1,0.3
64,6,Bicycle,Trincomalee,Bicycle Ride,47,1,0.007
22,5,Private Vehicle,Galle,Private / Hired Vehicle,139,4,6.162
62,12,Water,Jaffna,Surfing,170,4,2.086
27,9,Private Vehicle,Negombo,Other,151,3,2.042
72,13,N/A,Nuwara Eliya,Beach Leisure,190,3,1.89
36,9,Public Transport,Sigiriya,Airport Transfer,95,4,7.729
29,7,Public Bus,Trincomalee,Vehicle Travel,185,3,13.153
39,5,Public Bus,Dambulla,Vehicle Travel,98,1,3.946
18,19,Bicycle,Trincomalee,Vehicle Travel,161,3,20.613
28,16,N/A,Negombo,Meal,70,4,36.379
55,12,Train,Yala,Vehicle Travel,74,5,9.394
36,10,Private Vehicle,Galle,Private / Hired Vehicle,100,4,10.743
40,6,Tuk-Tuk,Badulla,Vehicle Travel,112,2,6.85
68,2,Private Vehicle,Dambulla,Spa / Ayurveda,103,5,1.725
25,13,Walking,Colombo,Vehicle Travel,174,3,9.143
42,1,Bicycle,Sigiriya,Bicycle Ride,70,5,0.002
29,2,Private Vehicle,Yala,Other,54,3,0.159
48,4,Walking,Kandy,Hiking,191,5,0.133
38,6,Walking,Kalpitiya,Sightseeing,214,5,0.803
20,6,Tuk-Tuk,Ella,Vehicle Travel,118,5,11.091
22,2,Private Vehicle,Nuwara Eliya,Private / Hired Vehicle,80,1,1.262
71,1,Private Vehicle,Bentota,Vehicle Travel,164,5,2.469
21,2,Walking,Haputale,Walking,80,4,0.002
67,3,Cruise,Nuwara Eliya,Cruise,507,3,38.925
75,1,Walking,Yala,Vehicle Travel,104,3,0.359
47,8,N/A,Hikkaduwa,Meal,56,4,12.324
37,2,Boat,Ella,Boat Ride,117,5,1.281
66,3,Public Transport,Kandy,Cultural / Temple Visit,107,4,0.569
79,3,N/A,Kandy,Meal,58,3,5.839
25,5,Bicycle,Ella,Bicycle Ride,112,4,0.016
78,12,Private Vehicle,Bentota,Private / Hired Vehicle,118,2,14.674
77,1,Walking,Haputale,Jogging,19,3,0.003
26,3,N/A,Haputale,Beach Leisure,280,4,0.747
21,8,Boat,Jaffna,Boat Ride,31,4,1.195
63,1,Tuk-Tuk,Haputale,Vehicle Travel,265,4,3.509
22,11,Flight,Colombo,Flight,299,4,279.822
55,16,Private Vehicle,Jaffna,Vehicle Travel,172,3,34.86
22,7,Public Transport,Yala,Shopping,115,4,3.817
61,16,Bicycle,Galle,Vehicle Travel,139,2,18.797
32,4,Water,Jaffna,Surfing,89,5,0.378
24,4,Public Transport,Arugam Bay,Sightseeing,77,5,0.461
22,1,Train,Dambulla,Vehicle Travel,64,5,0.769
29,1,Public Transport,Yala,Shopping,78,5,0.415
52,2,N/A,Yala,Meal,52,4,2.653
22,5,Tuk-Tuk,Nuwara Eliya,Vehicle Travel,40,3,2.155
68,5,Private Vehicle,Arugam Bay,Vehicle Travel,122,5,9.252
56,2,Bicycle,Kandy,Vehicle Travel,130,3,1.935
36,7,Private Vehicle,Jaffna,Vehicle Travel,54,5,5.702
80,2,Private Vehicle,Anuradhapura,Vehicle Travel,104,2,2.819
59,3,Walking,Sigiriya,Hiking,73,5,0.046
60,2,Public Transport,Anuradhapura,Shopping,103,4,1.117
28,8,Private Vehicle,Kalpitiya,Spa / Ayurveda,177,5,12.994
62,5,Bicycle,Negombo,Bicycle Ride,67,3,0.009
53,9,Bicycle,Kalpitiya,Vehicle Travel,158,4,10.021
80,1,Tuk-Tuk,Anuradhapura,Vehicle Travel,147,5,1.741
48,4,Public Transport,Anuradhapura,Sightseeing,165,3,1.019
60,17,Walking,Colombo,Shopping,149,3,3.97
39,1,Public Transport,Hikkaduwa,Airport Transfer,62,2,0.518
20,4,N/A,Colombo,Other,84,4,0.639
26,1,Walking,Badulla,Sightseeing,116,4,0.055
72,1,Public Transport,Hikkaduwa,Public Transport,98,4,0.125
64,5,Private Vehicle,Arugam Bay,Sightseeing,88,1,0.682
40,1,Tuk-Tuk,Hikkaduwa,Vehicle Travel,243,1,2.116
61,5,Private Vehicle,Badulla,Vehicle Travel,120,5,10.677
18,14,Bicycle,Ella,Vehicle Travel,128,4,14.12
20,2,Bicycle,Negombo,Vehicle Travel,126,2,1.732
49,1,Public Transport,Kalpitiya,Sightseeing,137,1,0.148
57,11,Private Vehicle,Jaffna,Private / Hired Vehicle,51,2,5.932
77,5,Walking,Hikkaduwa,Hiking,273,5,0.267
65,13,Bicycle,Trincomalee,Bicycle Ride,73,4,0.028
34,3,Private Vehicle,Ella,Medical / Hospital Visit,57,4,1.471
69,7,Flight,Badulla,Flight,97,4,47.799
48,14,Public Transport,Sigiriya,Cultural / Temple Visit,90,5,2.289
70,2,Cruise,Anuradhapura,Cruise,545,3,28.103
28,11,Public Transport,Badulla,Sightseeing,150,3,2.445
19,7,Private Vehicle,Kandy,Vehicle Travel,223,3,20.88
21,11,N/A,Yala,Meal,68,5,27.691
80,2,Private Vehicle,Jaffna,Vehicle Travel,137,4,4.243
23,4,Bicycle,Nuwara Eliya,Bicycle Ride,142,4,0.015
77,1,Walking,Hikkaduwa,Walking,70,5,0.001
63,16,Private Vehicle,Trincomalee,Cultural / Temple Visit,59,2,1.423
27,1,Water,Sigiriya,Swimming / Snorkeling,157,3,0.126
72,1,Walking,Nuwara Eliya,Jogging,46,4,0.007
27,14,Tuk-Tuk,Sigiriya,Vehicle Travel,104,5,20.419
27,3,N/A,Dambulla,Beach Leisure,252,2,0.63
54,6,Public Transport,Trincomalee,Spa / Ayurveda,158,3,6.232
36,3,Flight,Dambulla,Flight,361,5,73.31
36,7,Public Transport,Negombo,Shopping,70,4,1.953
30,2,N/A,Polonnaruwa,Beach Leisure,172,4,0.309
56,5,Public Transport,Kalpitiya,Sightseeing,233,3,1.923
19,6,N/A,Mirissa,Other,55,2,0.583
33,3,Walking,Anuradhapura,Shopping,139,3,0.635
52,2,Private Vehicle,Hikkaduwa,Vehicle Travel,133,3,3.326
48,1,Private Vehicle,Haputale,Shopping,145,5,0.926
62,9,Walking,Bentota,Jogging,24,4,0.034
31,2,Private Vehicle,Arugam Bay,Vehicle Travel,137,5,3.879
58,3,Public Bus,Kalpitiya,Vehicle Travel,281,2,7.914
65,3,Public Bus,Jaffna,Vehicle Travel,283,3,8.978
42,4,Private Vehicle,Galle,Private / Hired Vehicle,68,4,3.03
34,9,Tuk-Tuk,Anuradhapura,Vehicle Travel,240,2,24.381
52,4,Ferry,Sigiriya,Ferry,113,2,1.767
54,13,Private Vehicle,Arugam Bay,Private / Hired Vehicle,85,3,11.219
23,8,Private Vehicle,Badulla,Sightseeing,58,2,0.734
53,12,Private Vehicle,Polonnaruwa,Private / Hired Vehicle,214,1,21.785
27,9,Private Vehicle,Badulla,Shopping,134,3,5.926
53,1,Water,Negombo,Surfing,140,5,0.153
76,18,Tuk-Tuk,Trincomalee,Vehicle Travel,234,1,43.305
51,10,Water,Hikkaduwa,Swimming / Snorkeling,92,4,0.832
65,6,Bicycle,Arugam Bay,Vehicle Travel,72,4,3.513
37,1,N/A,Colombo,Beach Leisure,330,4,0.299
76,2,Public Transport,Galle,Public Transport,94,4,0.227
69,7,Private Vehicle,Jaffna,Vehicle Travel,153,1,11.606
75,4,Cruise,Hikkaduwa,Cruise,213,1,17.745
64,8,Public Bus,Sigiriya,Vehicle Travel,81,4,8.085
58,3,Walking,Colombo,Hiking,220,5,0.133
51,5,Walking,Kandy,Jogging,29,3,0.022
76,2,Private Vehicle,Bentota,Private / Hired Vehicle,137,3,2.353
71,1,Train,Kalpitiya,Vehicle Travel,139,5,1.542
44,1,Walking,Yala,Vehicle Travel,265,4,1.21
23,11,Private Vehicle,Badulla,Other,47,4,0.969
18,6,Walking,Kalpitiya,Shopping,196,4,1.907
32,16,Water,Kalpitiya,Surfing,90,5,1.355
21,10,Public Transport,Badulla,Shopping,80,4,3.948
31,10,N/A,Nuwara Eliya,Meal,61,4,19.579
24,5,Cruise,Badulla,Cruise,474,4,59.069
79,11,N/A,Haputale,Resting,108,3,0.698
24,15,Public Bus,Dambulla,Vehicle Travel,107,5,22.857
57,9,Private Vehicle,Ella,Medical / Hospital Visit,98,5,8.696
40,1,Private Vehicle,Sigiriya,Vehicle Travel,168,4,2.418
28,7,N/A,Hikkaduwa,Beach Leisure,104,3,0.613
62,1,Private Vehicle,Colombo,Vehicle Travel,83,4,1.253
79,1,N/A,Polonnaruwa,Meal,50,3,1.729
67,8,Private Vehicle,Yala,Airport Transfer,115,4,10.993
79,12,Bicycle,Colombo,Vehicle Travel,138,2,12.202
55,1,Tuk-Tuk,Sigiriya,Vehicle Travel,248,5,3.04
60,1,Tuk-Tuk,Anuradhapura,Vehicle Travel,96,5,1.359
27,13,Public Bus,Hikkaduwa,Vehicle Travel,131,2,15.905
71,1,N/A,Mirissa,Resting,106,4,0.049
65,1,Public Transport,Anuradhapura,Sightseeing,228,5,0.452
34,9,Cruise,Mirissa,Cruise,529,2,100.904
40,12,Flight,Kalpitiya,Flight,218,3,162.808
56,5,Public Transport,Anuradhapura,Public Transport,151,3,0.851
18,6,Flight,Anuradhapura,Flight,55,5,24.497
69,3,Walking,Galle,Walking,62,3,0.002
35,2,Jeep,Anuradhapura,Wildlife Safari,282,2,8.631
22,10,Bicycle,Sigiriya,Vehicle Travel,260,3,22.581
38,12,Private Vehicle,Dambulla,Spa / Ayurveda,202,3,17.075
70,3,N/A,Galle,Beach Leisure,195,1,0.468
35,2,Cruise,Jaffna,Cruise,234,4,11.793
51,2,Tuk-Tuk,Dambulla,Vehicle Travel,188,1,3.656
69,1,Private Vehicle,Sigiriya,Vehicle Travel,168,4,2.644
20,3,Public Transport,Kandy,Airport Transfer,64,4,1.802
65,1,Private Vehicle,Hikkaduwa,Private / Hired Vehicle,121,5,1.465
36,10,Public Bus,Jaffna,Vehicle Travel,151,2,14.864
61,2,N/A,Jaffna,Resting,162,4,0.185
29,8,Water,Kalpitiya,Surfing,75,4,0.56
26,6,Private Vehicle,Galle,Vehicle Travel,257,4,21.137
67,12,Public Transport,Ella,Public Transport,104,2,1.434
68,16,Flight,Arugam Bay,Flight,247,2,267.482
79,3,Public Bus,Jaffna,Vehicle Travel,154,4,5.452
60,1,Walking,Haputale,Vehicle Travel,115,3,0.426
47,10,Public Bus,Mirissa,Vehicle Travel,272,5,32.916
30,1,Walking,Nuwara Eliya,Jogging,27,5,0.004
36,2,Flight,Kalpitiya,Flight,144,4,20.334
58,1,Public Transport,Yala,Sightseeing,100,5,0.173
39,14,Public Bus,Kalpitiya,Vehicle Travel,146,4,24.457
48,1,Public Transport,Sigiriya,Airport Transfer,51,2,0.379
28,5,Cruise,Dambulla,Cruise,218,1,24.284
45,4,Cruise,Trincomalee,Cruise,116,5,13.474
32,7,Walking,Jaffna,Walking,94,3,0.007
25,3,Cruise,Badulla,Cruise,137,5,12.605
26,13,Flight,Ella,Flight,236,2,197.994
50,9,N/A,Bentota,Beach Leisure,196,2,1.511
41,4,Public Transport,Ella,Shopping,94,4,2.152
24,3,Private Vehicle,Polonnaruwa,Medical / Hospital Visit,43,5,1.312
50,11,Train,Kalpitiya,Vehicle Travel,213,5,22.425
28,10,Private Vehicle,Polonnaruwa,Private / Hired Vehicle,144,2,12.505
18,4,Jeep,Nuwara Eliya,Wildlife Safari,144,3,9.802
26,3,Public Transport,Sigiriya,Public Transport,65,4,0.252
46,1,Private Vehicle,Yala,Spa / Ayurveda,150,5,1.145
78,1,Walking,Dambulla,Other,51,3,0.027
33,1,Boat,Dambulla,Boat Ride,73,4,0.33
35,1,Public Transport,Badulla,Sightseeing,189,2,0.241
33,1,Public Transport,Dambulla,Public Transport,48,4,0.059
40,12,Bicycle,Badulla,Vehicle Travel,296,2,26.25
63,11,N/A,Sigiriya,Meal,87,5,33.38
38,12,Walking,Mirissa,Walking,81,2,0.009
59,7,Jeep,Trincomalee,Wildlife Safari,406,4,55.401
74,7,Water,Ella,Swimming / Snorkeling,57,4,0.367
77,1,Public Bus,Haputale,Vehicle Travel,125,3,1.245
53,8,Walking,Galle,Walking,62,3,0.006
62,2,Walking,Kalpitiya,Other,82,4,0.091
75,5,Flight,Sigiriya,Flight,354,4,111.108
67,16,Water,Nuwara Eliya,Swimming / Snorkeling,101,4,1.42
36,13,Private Vehicle,Mirissa,Airport Transfer,54,4,5.962
26,2,Private Vehicle,Arugam Bay,Private / Hired Vehicle,174,2,3.43
25,9,Train,Anuradhapura,Vehicle Travel,80,5,7.565
73,1,Jeep,Haputale,Wildlife Safari,369,2,5.532
53,1,Private Vehicle,Hikkaduwa,Private / Hired Vehicle,37,4,0.404
36,1,N/A,Mirissa,Beach Leisure,144,5,0.167
39,2,Public Transport,Dambulla,Public Transport,74,5,0.203
35,8,Bicycle,Polonnaruwa,Bicycle Ride,64,2,0.014
68,3,Flight,Ella,Flight,112,3,21.566
56,1,Public Bus,Yala,Vehicle Travel,131,4,1.347
73,19,Public Transport,Haputale,Public Transport,66,3,1.751
37,6,Private Vehicle,Polonnaruwa,Vehicle Travel,40,4,3.091
47,4,Walking,Kandy,Jogging,42,4,0.023
25,5,Private Vehicle,Nuwara Eliya,Airport Transfer,93,3,4.617
79,5,Public Transport,Sigiriya,Public Transport,58,3,0.359
50,5,Private Vehicle,Trincomalee,Sightseeing,59,4,0.552
52,7,Public Transport,Polonnaruwa,Shopping,150,4,4.972
44,13,Tuk-Tuk,Arugam Bay,Vehicle Travel,198,3,27.629
35,3,N/A,Ella,Beach Leisure,211,2,0.508
77,5,Boat,Jaffna,Boat Ride,89,3,2.205
48,1,Tuk-Tuk,Nuwara Eliya,Vehicle Travel,120,4,1.481
60,12,Private Vehicle,Hikkaduwa,Shopping,155,4,11.228
20,3,Public Bus,Badulla,Vehicle Travel,181,5,6.775
35,2,Bicycle,Mirissa,Vehicle Travel,263,5,4.912
68,20,N/A,Haputale,Meal,71,4,46.783
23,6,Walking,Trincomalee,Hiking,118,5,0.126
24,1,Flight,Polonnaruwa,Flight,250,3,15.927
69,2,Bicycle,Haputale,Vehicle Travel,167,4,2.634
37,3,Walking,Ella,Walking,148,4,0.006
35,19,Walking,Hikkaduwa,Vehicle Travel,107,4,6.632
53,4,Water,Sigiriya,Swimming / Snorkeling,112,4,0.406
30,2,Private Vehicle,Kandy,Vehicle Travel,274,3,7.06
20,6,Private Vehicle,Nuwara Eliya,Private / Hired Vehicle,168,5,11.931
18,4,N/A,Galle,Meal,41,5,5.364
22,1,Private Vehicle,Ella,Cultural / Temple Visit,43,5,0.083
27,12,N/A,Colombo,Resting,98,3,0.59
61,1,Private Vehicle,Badulla,Shopping,131,5,0.749
36,14,Train,Yala,Vehicle Travel,264,4,31.895
22,10,Walking,Ella,Walking,44,4,0.005
18,1,N/A,Bentota,Meal,36,3,1.103
48,9,Train,Negombo,Vehicle Travel,49,5,4.786
70,10,Train,Mirissa,Vehicle Travel,114,4,12.339
39,7,Private Vehicle,Kandy,Vehicle Travel,232,4,22.45
22,6,Tuk-Tuk,Galle,Vehicle Travel,156,5,11.931
32,1,N/A,Trincomalee,Beach Leisure,181,3,0.137
49,1,Public Bus,Badulla,Vehicle Travel,136,4,1.599
29,9,Cruise,Kandy,Cruise,92,3,18.242
79,1,Bicycle,Kalpitiya,Vehicle Travel,139,3,1.196
66,2,Walking,Kandy,Hiking,301,3,0.094
39,5,N/A,Arugam Bay,Resting,149,3,0.415
77,1,Public Bus,Nuwara Eliya,Vehicle Travel,199,3,1.972
38,10,Water,Yala,Surfing,139,1,0.9
26,11,Walking,Haputale,Walking,91,1,0.009
77,12,Public Transport,Nuwara Eliya,Sightseeing,169,4,3.33
78,1,Walking,Mirissa,Jogging,25,3,0.003
37,4,N/A,Bentota,Meal,72,1,7.025
55,12,Tuk-Tuk,Hikkaduwa,Vehicle Travel,91,2,11.521
28,3,N/A,Kandy,Beach Leisure,261,2,0.607
58,8,Walking,Sigiriya,Vehicle Travel,167,1,3.637
61,6,Train,Badulla,Vehicle Travel,109,5,8.138
62,3,Public Transport,Negombo,Sightseeing,165,4,0.771
53,2,Walking,Haputale,Jogging,32,3,0.009
62,7,Public Transport,Hikkaduwa,Public Transport,45,4,0.345
52,1,Public Bus,Ella,Vehicle Travel,126,2,1.138
69,12,Private Vehicle,Arugam Bay,Vehicle Travel,45,4,8.008
29,6,Private Vehicle,Kalpitiya,Private / Hired Vehicle,174,5,13.363
48,1,Private Vehicle,Hikkaduwa,Vehicle Travel,268,2,3.347
44,9,Cruise,Trincomalee,Cruise,383,2,81.041
51,4,Walking,Kalpitiya,Jogging,37,4,0.02
26,2,Train,Galle,Vehicle Travel,232,2,3.812
38,16,Private Vehicle,Badulla,Other,105,2,2.632
78,9,Private Vehicle,Galle,Vehicle Travel,70,4,9.535
24,6,Private Vehicle,Badulla,Vehicle Travel,192,4,17.225
58,12,Private Vehicle,Polonnaruwa,Medical / Hospital Visit,50,2,4.825
59,6,Flight,Arugam Bay,Flight,356,5,169.189
47,4,Bicycle,Arugam Bay,Vehicle Travel,281,2,7.856
20,2,Boat,Colombo,Boat Ride,49,3,0.422
20,1,Private Vehicle,Bentota,Vehicle Travel,100,4,1.484
35,4,N/A,Nuwara Eliya,Meal,46,4,6.023
24,4,Walking,Negombo,Other,67,4,0.151
23,9,Private Vehicle,Ella,Other,62,4,1.012
28,4,Public Transport,Polonnaruwa,Cultural / Temple Visit,84,4,0.487
30,6,Flight,Bentota,Flight,166,5,79.314
70,12,Train,Kalpitiya,Vehicle Travel,156,4,20.353
58,20,Private Vehicle,Anuradhapura,Private / Hired Vehicle,116,3,23.797
19,3,Private Vehicle,Dambulla,Sightseeing,139,4,0.763
57,14,Private Vehicle,Hikkaduwa,Private / Hired Vehicle,139,3,17.452
26,11,Ferry,Badulla,Ferry,207,4,12.433
44,1,Ferry,Trincomalee,Ferry,118,3,0.616
20,3,Flight,Anuradhapura,Flight,77,3,15.243
23,2,Private Vehicle,Mirissa,Private / Hired Vehicle,78,4,1.474
26,8,Public Bus,Colombo,Vehicle Travel,161,4,14.44
45,6,Public Transport,Badulla,Airport Transfer,74,2,2.828
47,5,Private Vehicle,Hikkaduwa,Vehicle Travel,137,3,9.605
40,10,Private Vehicle,Colombo,Shopping,106,5,6.616
57,3,Public Transport,Ella,Public Transport,79,5,0.347
63,4,Public Transport,Colombo,Public Transport,113,3,0.608
63,12,Public Transport,Hikkaduwa,Spa / Ayurveda,83,2,5.393
54,18,Private Vehicle,Hikkaduwa,Private / Hired Vehicle,48,3,8.297
52,10,Train,Ella,Vehicle Travel,200,3,16.678
48,2,Walking,Trincomalee,Jogging,46,1,0.009
32,1,Flight,Arugam Bay,Flight,211,5,16.283
48,2,Tuk-Tuk,Arugam Bay,Vehicle Travel,254,4,6.504
18,4,Private Vehicle,Mirissa,Other,65,3,0.36
78,2,Private Vehicle,Kalpitiya,Shopping,64,3,0.736
41,14,Boat,Haputale,Boat Ride,115,1,6.073
65,8,Train,Ella,Vehicle Travel,287,4,24.586
78,4,Private Vehicle,Haputale,Vehicle Travel,332,3,18.183
49,2,Flight,Jaffna,Flight,219,3,30.191
72,4,Bicycle,Ella,Bicycle Ride,80,4,0.01
48,5,N/A,Haputale,Resting,131,3,0.341
26,9,N/A,Anuradhapura,Resting,169,4,0.898
19,1,Private Vehicle,Yala,Vehicle Travel,203,5,3.281
26,12,Tuk-Tuk,Badulla,Vehicle Travel,75,3,9.076
77,1,Private Vehicle,Jaffna,Vehicle Travel,135,3,1.683
47,2,Walking,Galle,Other,205,5,0.235
38,20,N/A,Kandy,Other,56,3,1.978
46,2,Walking,Polonnaruwa,Cultural / Temple Visit,89,3,0.086
34,1,Bicycle,Bentota,Bicycle Ride,90,5,0.002
72,7,Walking,Kandy,Walking,111,4,0.008
80,4,Walking,Colombo,Walking,66,5,0.003
23,1,Private Vehicle,Haputale,Spa / Ayurveda,159,3,1.099
63,1,Private Vehicle,Jaffna,Vehicle Travel,142,3,2.048
39,1,Walking,Trincomalee,Vehicle Travel,354,1,1.212
20,5,Flight,Jaffna,Flight,448,2,133.546
76,2,Water,Yala,Swimming / Snorkeling,56,4,0.104
21,10,Flight,Badulla,Flight,142,2,70.085
30,12,Flight,Mirissa,Flight,353,3,251.89
19,1,Public Bus,Mirissa,Vehicle Travel,100,3,0.967
47,3,Public Transport,Kalpitiya,Public Transport,37,1,0.11
55,1,Cruise,Colombo,Cruise,612,3,15.883
38,3,Walking,Bentota,Walking,35,4,0.001
22,2,Tuk-Tuk,Polonnaruwa,Vehicle Travel,68,3,1.526
25,10,Private Vehicle,Kandy,Vehicle Travel,90,4,11.861
76,3,N/A,Bentota,Meal,64,2,4.983
68,5,Public Bus,Ella,Vehicle Travel,175,2,8.211
77,8,Flight,Negombo,Flight,408,5,246.473
51,11,Walking,Polonnaruwa,Hiking,96,5,0.241
52,3,N/A,Sigiriya,Resting,91,3,0.164
67,2,Private Vehicle,Hikkaduwa,Vehicle Travel,88,3,2.084
56,18,Walking,Dambulla,Walking,108,5,0.025
45,3,N/A,Haputale,Meal,72,4,6.215
36,8,Private Vehicle,Haputale,Sightseeing,165,2,2.132
48,8,Private Vehicle,Arugam Bay,Other,88,2,1.099
22,5,N/A,Kandy,Meal,57,2,7.696
30,2,Water,Negombo,Surfing,57,4,0.113
64,1,Bicycle,Trincomalee,Vehicle Travel,199,4,1.771
72,5,Private Vehicle,Arugam Bay,Airport Transfer,106,3,5.581
24,5,Flight,Trincomalee,Flight,285,2,87.131
24,10,Public Transport,Mirissa,Public Transport,20,2,0.203
23,9,N/A,Sigiriya,Resting,120,4,0.532
67,14,Tuk-Tuk,Bentota,Vehicle Travel,103,5,20.348
37,17,Private Vehicle,Bentota,Vehicle Travel,84,4,19.046
38,9,Public Transport,Arugam Bay,Spa / Ayurveda,106,4,5.732
18,1,Private Vehicle,Hikkaduwa,Other,87,3,0.137
79,4,Walking,Colombo,Walking,50,4,0.002
45,7,Walking,Sigiriya,Walking,86,3,0.007
68,6,Bicycle,Negombo,Bicycle Ride,87,2,0.011
62,2,Train,Colombo,Vehicle Travel,181,3,2.977
26,6,Private Vehicle,Dambulla,Private / Hired Vehicle,97,5,6.645
68,3,Private Vehicle,Dambulla,Vehicle Travel,84,1,2.406
52,3,Train,Bentota,Vehicle Travel,45,3,1.07
56,12,Private Vehicle,Mirissa,Private / Hired Vehicle,32,5,5.232
30,4,Private Vehicle,Arugam Bay,Vehicle Travel,38,4,2.162
71,5,Walking,Sigiriya,Sightseeing,74,3,0.241
76,6,N/A,Galle,Meal,53,2,8.114
43,6,Bicycle,Badulla,Vehicle Travel,72,5,4.639
23,2,Private Vehicle,Kalpitiya,Vehicle Travel,168,2,3.536
71,7,N/A,Kalpitiya,Meal,33,3,7.629
73,3,Private Vehicle,Galle,Private / Hired Vehicle,189,2,4.388
49,8,Private Vehicle,Badulla,Shopping,158,3,6.648
54,1,Walking,Mirissa,Walking,100,4,0.001
32,20,Public Transport,Trincomalee,Airport Transfer,104,5,19.063
22,10,Walking,Bentota,Walking,80,3,0.007
77,4,Walking,Nuwara Eliya,Shopping,55,5,0.427
48,3,Private Vehicle,Bentota,Vehicle Travel,173,4,7.388
35,4,Walking,Ella,Jogging,41,4,0.02
61,9,N/A,Dambulla,Meal,58,2,14.75
19,8,N/A,Haputale,Resting,160,2,0.605
23,9,Private Vehicle,Badulla,Spa / Ayurveda,163,4,11.147
33,13,Flight,Kalpitiya,Flight,128,4,98.828
46,4,Public Bus,Galle,Vehicle Travel,106,2,3.881
41,8,Flight,Negombo,Flight,200,3,101.599
29,4,Walking,Kalpitiya,Jogging,35,3,0.017
40,7,N/A,Trincomalee,Meal,42,3,7.787
39,5,Bicycle,Jaffna,Bicycle Ride,162,3,0.022
51,10,Private Vehicle,Anuradhapura,Vehicle Travel,189,2,24.707
53,1,Private Vehicle,Polonnaruwa,Vehicle Travel,52,3,0.707
73,2,Tuk-Tuk,Negombo,Vehicle Travel,66,5,1.873
68,3,Ferry,Mirissa,Ferry,140,5,2.538
36,16,N/A,Colombo,Meal,57,2,27.452
74,5,Cruise,Badulla,Cruise,547,2,69.409
50,3,Bicycle,Trincomalee,Bicycle Ride,87,3,0.007
29,4,Public Transport,Badulla,Sightseeing,177,3,1.01
39,4,Flight,Hikkaduwa,Flight,128,5,40.858
64,12,Bicycle,Trincomalee,Bicycle Ride,89,3,0.03
69,16,Tuk-Tuk,Dambulla,Vehicle Travel,197,5,51.02
41,12,Private Vehicle,Nuwara Eliya,Sightseeing,94,2,1.478
27,12,Water,Arugam Bay,Swimming / Snorkeling,77,5,0.949
30,2,Ferry,Colombo,Ferry,63,4,0.705
24,2,Public Transport,Negombo,Sightseeing,163,4,0.556
62,6,Private Vehicle,Bentota,Shopping,88,5,3.272
49,8,Public Transport,Kandy,Cultural / Temple Visit,74,3,0.889
46,2,N/A,Dambulla,Beach Leisure,195,2,0.334
60,9,Private Vehicle,Nuwara Eliya,Cultural / Temple Visit,88,3,1.525
70,2,Train,Nuwara Eliya,Vehicle Travel,58,5,1.349
68,2,Private Vehicle,Galle,Sightseeing,103,5,0.456
26,3,Private Vehicle,Mirissa,Other,61,3,0.298
55,12,Private Vehicle,Bentota,Private / Hired Vehicle,189,4,25.917
73,9,Cruise,Jaffna,Cruise,494,3,122.489
66,5,Private Vehicle,Bentota,Vehicle Travel,127,3,9.042
38,11,N/A,Dambulla,Resting,208,4,1.341
42,11,Private Vehicle,Anuradhapura,Airport Transfer,95,3,9.904
74,4,N/A,Dambulla,Resting,135,2,0.264
20,10,Train,Arugam Bay,Vehicle Travel,251,4,22.501
51,2,Public Transport,Colombo,Public Transport,46,4,0.128
25,5,Public Transport,Yala,Airport Transfer,129,4,6.029
74,1,Walking,Nuwara Eliya,Sightseeing,119,2,0.062
20,4,Walking,Arugam Bay,Shopping,114,3,0.697
19,5,N/A,Galle,Meal,79,4,12.705
38,1,Private Vehicle,Dambulla,Sightseeing,163,5,0.365
30,5,Tuk-Tuk,Mirissa,Vehicle Travel,169,2,9.482
49,7,Flight,Galle,Flight,233,5,122.207
36,7,Bicycle,Badulla,Vehicle Travel,283,4,16.872
40,1,Private Vehicle,Anuradhapura,Airport Transfer,68,5,0.671
53,1,Boat,Nuwara Eliya,Boat Ride,105,4,0.5
53,3,Walking,Colombo,Walking,56,3,0.001
76,12,Public Bus,Nuwara Eliya,Vehicle Travel,87,4,11.458
48,13,Train,Colombo,Vehicle Travel,226,3,24.516
53,3,Public Transport,Arugam Bay,Sightseeing,170,3,0.624
60,9,Public Transport,Mirissa,Sightseeing,220,3,3.221
28,6,Jeep,Anuradhapura,Wildlife Safari,306,3,28.18
60,19,Tuk-Tuk,Kalpitiya,Vehicle Travel,177,4,42.143
72,1,Bicycle,Badulla,Vehicle Travel,124,5,1.123
38,6,N/A,Bentota,Meal,65,3,11.79
29,6,Walking,Mirissa,Vehicle Travel,161,3,3.982
39,3,Private Vehicle,Yala,Private / Hired Vehicle,93,5,3.277
35,1,Bicycle,Sigiriya,Bicycle Ride,87,3,0.002
54,1,Private Vehicle,Nuwara Eliya,Cultural / Temple Visit,39,1,0.048
72,4,Flight,Trincomalee,Flight,447,5,143.784
55,8,Private Vehicle,Galle,Private / Hired Vehicle,37,5,3.621
25,8,Bicycle,Hikkaduwa,Bicycle Ride,54,4,0.013
37,2,Train,Kalpitiya,Vehicle Travel,28,3,0.511
61,12,Tuk-Tuk,Anuradhapura,Vehicle Travel,93,4,16.786
38,4,Train,Jaffna,Vehicle Travel,144,5,5.767
54,17,Private Vehicle,Badulla,Cultural / Temple Visit,118,5,3.987
61,1,Private Vehicle,Negombo,Shopping,212,2,1.092
38,12,Cruise,Yala,Cruise,345,5,130.421
58,14,N/A,Kalpitiya,Beach Leisure,173,4,2.59
43,11,Public Bus,Colombo,Vehicle Travel,96,1,7.558
26,11,Private Vehicle,Jaffna,Private / Hired Vehicle,44,2,4.252
41,3,Walking,Sigiriya,Hiking,195,1,0.081
45,9,Private Vehicle,Ella,Spa / Ayurveda,49,5,3.929
18,6,Ferry,Trincomalee,Ferry,96,3,2.845
74,4,Bicycle,Negombo,Bicycle Ride,81,4,0.01
51,20,Walking,Negombo,Walking,60,1,0.008
20,3,Public Bus,Negombo,Vehicle Travel,222,4,8.446
72,4,Private Vehicle,Sigiriya,Vehicle Travel,220,3,12.269
71,14,Flight,Yala,Flight,159,5,167.427
18,3,Public Bus,Galle,Vehicle Travel,128,4,4.073
28,1,Private Vehicle,Mirissa,Other,171,4,0.32
40,3,N/A,Polonnaruwa,Beach Leisure,250,4,0.721
49,10,Public Transport,Arugam Bay,Sightseeing,157,4,2.235
63,12,N/A,Bentota,Meal,83,5,33.967
44,1,Private Vehicle,Bentota,Vehicle Travel,173,3,2.267
56,7,Cruise,Hikkaduwa,Cruise,361,5,71.356
18,6,Walking,Hikkaduwa,Walking,65,1,0.003
59,8,Walking,Arugam Bay,Walking,63,4,0.005
75,8,Walking,Nuwara Eliya,Shopping,122,5,1.927
51,16,Flight,Yala,Flight,450,5,487.357
46,3,N/A,Bentota,Meal,51,3,5.084
36,3,N/A,Kandy,Meal,53,3,5.016
78,6,Flight,Yala,Flight,193,5,101.892
20,4,Public Transport,Polonnaruwa,Shopping,96,3,1.644
36,5,Private Vehicle,Mirissa,Vehicle Travel,69,5,4.703
26,1,Walking,Galle,Walking,110,3,0.001
72,1,Cruise,Kalpitiya,Cruise,100,1,2.351
48,15,Flight,Nuwara Eliya,Flight,374,4,366.885
76,1,Flight,Mirissa,Flight,309,3,20.633
59,6,Private Vehicle,Jaffna,Shopping,93,3,2.856
53,10,Train,Negombo,Vehicle Travel,32,3,2.836
50,1,Train,Dambulla,Vehicle Travel,184,5,1.983
30,2,Walking,Sigiriya,Other,61,4,0.066
53,4,Private Vehicle,Dambulla,Vehicle Travel,86,5,5.186
61,5,N/A,Jaffna,Beach Leisure,193,3,0.824
78,3,Private Vehicle,Bentota,Private / Hired Vehicle,166,3,4.875
52,7,Bicycle,Galle,Bicycle Ride,98,2,0.016
77,2,Ferry,Jaffna,Ferry,88,3,0.8
77,1,Private Vehicle,Arugam Bay,Medical / Hospital Visit,67,1,0.499
50,1,Public Bus,Arugam Bay,Vehicle Travel,165,1,1.33
45,3,Walking,Hikkaduwa,Walking,99,3,0.003
26,3,Cruise,Negombo,Cruise,389,4,27.343
34,16,N/A,Ella,Meal,77,3,30.058
73,1,Walking,Sigiriya,Cultural / Temple Visit,113,4,0.075
26,5,Public Transport,Haputale,Public Transport,137,3,0.737
43,6,Train,Jaffna,Vehicle Travel,201,4,9.598
62,8,Private Vehicle,Yala,Vehicle Travel,277,4,33.685
33,7,N/A,Badulla,Meal,36,5,8.491
79,1,Boat,Hikkaduwa,Boat Ride,93,5,0.54
58,7,N/A,Polonnaruwa,Other,118,2,1.381
19,3,Walking,Arugam Bay,Walking,93,3,0.003
33,10,N/A,Ella,Meal,56,5,19.979
64,2,Private Vehicle,Negombo,Vehicle Travel,112,5,3.151
72,9,Walking,Polonnaruwa,Other,168,4,0.801
76,7,N/A,Jaffna,Meal,57,3,10.895
71,7,Private Vehicle,Yala,Other,130,4,1.704
22,2,Public Transport,Galle,Shopping,207,5,2.198
63,8,N/A,Nuwara Eliya,Resting,214,3,0.839
24,9,Walking,Haputale,Hiking,329,2,0.396
22,5,Cruise,Ella,Cruise,496,5,65.889
61,3,Flight,Hikkaduwa,Flight,83,4,16.866
48,1,Public Transport,Hikkaduwa,Sightseeing,279,2,0.403
58,3,Tuk-Tuk,Arugam Bay,Vehicle Travel,69,3,2.339
71,10,Public Bus,Badulla,Vehicle Travel,140,4,17.682
22,4,Boat,Hikkaduwa,Boat Ride,57,4,1.049
51,9,Tuk-Tuk,Badulla,Vehicle Travel,74,4,8.387
70,9,N/A,Sigiriya,Meal,53,2,13.637
45,8,N/A,Negombo,Resting,126,2,0.497
50,8,Ferry,Dambulla,Ferry,83,4,3.686
49,7,Public Bus,Haputale,Vehicle Travel,265,2,17.87
75,5,Public Transport,Yala,Public Transport,40,3,0.296
21,2,N/A,Bentota,Resting,48,4,0.059
73,12,Public Bus,Polonnaruwa,Vehicle Travel,216,3,26.276
69,17,Walking,Negombo,Hiking,102,4,0.337
69,5,Private Vehicle,Sigiriya,Shopping,132,1,3.278
43,15,Walking,Bentota,Jogging,44,4,0.082
50,20,Private Vehicle,Dambulla,Medical / Hospital Visit,39,4,6.101
41,5,Flight,Jaffna,Flight,176,4,61.521
33,9,Train,Haputale,Vehicle Travel,80,5,7.511
73,7,Flight,Mirissa,Flight,199,2,70.441
49,2,Cruise,Badulla,Cruise,444,5,26.145
63,1,Walking,Bentota,Hiking,217,2,0.033
24,4,Private Vehicle,Dambulla,Airport Transfer,91,5,3.864
67,10,Ferry,Ella,Ferry,48,1,2.306
59,3,Public Transport,Negombo,Spa / Ayurveda,147,4,2.823
80,10,Public Transport,Yala,Airport Transfer,78,2,6.081
26,8,N/A,Trincomalee,Beach Leisure,214,3,1.424
52,8,Public Bus,Polonnaruwa,Vehicle Travel,111,2,7.676
50,3,Tuk-Tuk,Galle,Vehicle Travel,52,2,1.572
51,5,Bicycle,Nuwara Eliya,Bicycle Ride,36,1,0.003
21,2,Train,Jaffna,Vehicle Travel,296,1,4.485
47,2,Private Vehicle,Yala,Other,110,4,0.442
36,1,Walking,Jaffna,Cultural / Temple Visit,88,3,0.045
56,1,Private Vehicle,Yala,Vehicle Travel,61,1,0.678
32,2,N/A,Kandy,Resting,145,5,0.175
45,6,Private Vehicle,Haputale,Private / Hired Vehicle,85,4,5.864
57,4,N/A,Hikkaduwa,Beach Leisure,236,3,0.809
22,2,Private Vehicle,Mirissa,Vehicle Travel,121,3,3.2
67,12,Public Transport,Galle,Shopping,70,3,4.028
63,5,Private Vehicle,Ella,Private / Hired Vehicle,79,4,3.729
21,14,Water,Jaffna,Swimming / Snorkeling,57,5,0.851
22,7,Public Transport,Kandy,Sightseeing,240,4,2.375
71,1,Private Vehicle,Arugam Bay,Other,110,5,0.228
35,14,Water,Kalpitiya,Surfing,78,4,0.983
72,12,N/A,Kalpitiya,Meal,76,5,37.68
49,7,Private Vehicle,Trincomalee,Vehicle Travel,116,4,10.673
39,6,Tuk-Tuk,Nuwara Eliya,Vehicle Travel,127,4,9.627
35,4,Private Vehicle,Kandy,Vehicle Travel,271,4,12.864
59,5,Water,Ella,Swimming / Snorkeling,63,4,0.297
24,10,Private Vehicle,Sigiriya,Vehicle Travel,185,1,18.65
43,5,Flight,Jaffna,Flight,179,2,58.665
39,2,Tuk-Tuk,Negombo,Vehicle Travel,189,3,3.975
27,1,Water,Arugam Bay,Swimming / Snorkeling,99,3,0.072
40,1,Tuk-Tuk,Polonnaruwa,Vehicle Travel,75,5,0.99
51,2,Public Transport,Ella,Airport Transfer,31,4,0.52
60,3,N/A,Yala,Meal,56,2,4.897
23,13,Walking,Mirissa,Jogging,30,3,0.054
72,2,Walking,Kandy,Walking,79,3,0.002
73,3,Walking,Haputale,Jogging,51,5,0.026
61,2,Walking,Badulla,Hiking,160,5,0.061
76,6,Ferry,Negombo,Ferry,72,2,2.176
44,7,Public Transport,Negombo,Shopping,135,3,3.757
69,5,Flight,Nuwara Eliya,Flight,307,5,123.182
63,16,Private Vehicle,Ella,Spa / Ayurveda,94,4,12.495
53,20,Private Vehicle,Nuwara Eliya,Vehicle Travel,84,5,24.603
29,12,Public Transport,Galle,Shopping,168,3,8.425
53,11,N/A,Jaffna,Beach Leisure,80,2,0.716
74,3,Private Vehicle,Badulla,Sightseeing,98,4,0.51
80,6,Private Vehicle,Hikkaduwa,Vehicle Travel,216,2,17.519
46,3,Cruise,Kalpitiya,Cruise,240,5,19.894
33,10,Cruise,Badulla,Cruise,201,4,51.151
65,2,Walking,Hikkaduwa,Walking,74,3,0.002
22,2,Walking,Galle,Walking,29,3,0.001
27,1,Public Bus,Haputale,Vehicle Travel,206,4,2.024
53,7,Tuk-Tuk,Trincomalee,Vehicle Travel,226,5,22.945
80,8,Private Vehicle,Trincomalee,Private / Hired Vehicle,47,3,4.042
38,1,Flight,Badulla,Flight,129,4,8.344
45,5,Flight,Hikkaduwa,Flight,200,2,63.601
38,4,Jeep,Galle,Wildlife Safari,185,5,14.972
45,10,Ferry,Dambulla,Ferry,91,4,5.002
18,1,N/A,Badulla,Meal,46,2,1.34
55,1,Tuk-Tuk,Nuwara Eliya,Vehicle Travel,36,4,0.425
55,7,Private Vehicle,Arugam Bay,Shopping,74,4,2.732
37,6,Private Vehicle,Galle,Vehicle Travel,115,4,10.285
34,11,Walking,Negombo,Jogging,28,3,0.037
65,6,N/A,Galle,Meal,58,4,10.29
29,16,Public Transport,Yala,Public Transport,58,5,1.265
20,3,Walking,Hikkaduwa,Other,111,3,0.165
20,4,Private Vehicle,Polonnaruwa,Airport Transfer,85,2,3.015
73,18,Private Vehicle,Bentota,Vehicle Travel,221,5,62.557
40,1,Walking,Haputale,Vehicle Travel,97,4,0.455
24,11,Train,Colombo,Vehicle Travel,92,3,8.128
73,1,Private Vehicle,Ella,Shopping,116,5,0.642
27,5,Walking,Galle,Vehicle Travel,125,2,1.943
39,1,Train,Negombo,Vehicle Travel,150,5,1.502
19,7,Tuk-Tuk,Anuradhapura,Vehicle Travel,29,3,2.344
60,11,Ferry,Colombo,Ferry,136,1,6.197
62,1,Public Bus,Dambulla,Vehicle Travel,178,5,2.326
65,1,Flight,Sigiriya,Flight,74,4,5.045
34,3,Tuk-Tuk,Hikkaduwa,Vehicle Travel,185,2,6.058
38,2,Private Vehicle,Jaffna,Vehicle Travel,18,5,0.477
77,4,Walking,Galle,Sightseeing,257,5,0.687
69,16,Private Vehicle,Mirissa,Private / Hired Vehicle,51,5,10.197
20,1,Walking,Kalpitiya,Hiking,149,2,0.02
61,4,Tuk-Tuk,Anuradhapura,Vehicle Travel,96,2,4.842
69,4,Private Vehicle,Polonnaruwa,Medical / Hospital Visit,63,4,2.093
53,2,Private Vehicle,Sigiriya,Vehicle Travel,80,5,2.639
58,2,Private Vehicle,Sigiriya,Vehicle Travel,112,2,2.934
18,9,Public Transport,Ella,Public Transport,124,3,1.175
19,7,Walking,Nuwara Eliya,Walking,115,2,0.008
20,11,Walking,Nuwara Eliya,Jogging,31,3,0.04
28,4,Bicycle,Mirissa,Vehicle Travel,126,4,4.206
80,7,Flight,Galle,Flight,326,1,128.258
57,13,Jeep,Trincomalee,Wildlife Safari,317,4,75.589
67,12,Walking,Sigiriya,Vehicle Travel,222,4,11.013
36,14,Cruise,Galle,Cruise,215,3,66.851
77,2,Private Vehicle,Polonnaruwa,Shopping,70,5,0.867
30,19,Walking,Trincomalee,Walking,66,2,0.013
74,11,Walking,Sigiriya,Shopping,190,1,3.251
19,11,Boat,Mirissa,Boat Ride,48,3,2.742
19,8,Private Vehicle,Haputale,Medical / Hospital Visit,78,4,6.138
22,19,Private Vehicle,Sigiriya,Private / Hired Vehicle,85,3,14.772
67,4,Walking,Nuwara Eliya,Walking,94,5,0.005
34,9,Private Vehicle,Hikkaduwa,Vehicle Travel,147,3,16.804
46,8,Private Vehicle,Arugam Bay,Private / Hired Vehicle,182,3,13.243
47,9,Private Vehicle,Hikkaduwa,Vehicle Travel,105,5,16.892
67,10,Private Vehicle,Ella,Shopping,124,5,8.666
39,2,N/A,Haputale,Meal,77,4,4.61
18,3,Public Bus,Colombo,Vehicle Travel,76,1,2.064
42,4,Private Vehicle,Sigiriya,Vehicle Travel,162,3,8.496
36,10,Train,Mirissa,Vehicle Travel,165,3,13.231
64,9,Walking,Trincomalee,Cultural / Temple Visit,54,4,0.284
65,12,N/A,Bentota,Beach Leisure,288,4,3.339
23,10,Cruise,Badulla,Cruise,515,3,94.893
67,6,Private Vehicle,Bentota,Vehicle Travel,76,4,5.853
22,1,Private Vehicle,Hikkaduwa,Sightseeing,120,4,0.239
57,7,Private Vehicle,Yala,Vehicle Travel,151,3,12.861
42,13,Flight,Yala,Flight,302,2,244.9
36,7,Bicycle,Dambulla,Bicycle Ride,54,5,0.013
48,13,Walking,Anuradhapura,Vehicle Travel,165,1,5.793
37,20,Private Vehicle,Anuradhapura,Medical / Hospital Visit,52,2,9.33
68,3,Bicycle,Dambulla,Bicycle Ride,110,1,0.007
78,9,N/A,Kandy,Meal,78,4,24.854
69,6,Private Vehicle,Yala,Medical / Hospital Visit,45,4,3.053
45,4,Private Vehicle,Sigiriya,Shopping,87,4,2.103
49,2,Train,Arugam Bay,Vehicle Travel,248,3,4.354
46,2,Walking,Jaffna,Jogging,39,4,0.01
67,2,Bicycle,Yala,Vehicle Travel,286,2,4.139
52,7,Jeep,Badulla,Wildlife Safari,304,5,41.006
47,1,Private Vehicle,Haputale,Vehicle Travel,71,5,1.208
43,4,Bicycle,Galle,Bicycle Ride,136,4,0.016
41,5,Flight,Mirissa,Flight,424,3,134.974
52,4,Bicycle,Bentota,Vehicle Travel,26,4,0.863
61,12,Private Vehicle,Negombo,Vehicle Travel,63,2,9.895
45,4,Walking,Arugam Bay,Vehicle Travel,39,3,0.502
68,1,Flight,Badulla,Flight,314,5,29.033
70,20,Boat,Haputale,Boat Ride,68,2,5.952
45,12,Private Vehicle,Kandy,Private / Hired Vehicle,67,2,6.598
75,8,Public Transport,Galle,Public Transport,118,4,1.388
28,10,Cruise,Colombo,Cruise,481,4,134.286
76,1,Public Transport,Dambulla,Cultural / Temple Visit,122,4,0.204
36,10,Private Vehicle,Nuwara Eliya,Private / Hired Vehicle,166,2,16.023
53,2,N/A,Negombo,Meal,58,4,4.106
35,5,Train,Bentota,Vehicle Travel,147,3,6.56
45,2,Private Vehicle,Bentota,Vehicle Travel,284,5,7.599
39,10,N/A,Mirissa,Meal,75,3,21.955
62,2,Public Bus,Dambulla,Vehicle Travel,78,1,1.385
23,2,Walking,Jaffna,Other,80,4,0.086
70,1,Private Vehicle,Jaffna,Vehicle Travel,265,2,3.235
74,9,Tuk-Tuk,Negombo,Vehicle Travel,171,4,21.547
53,3,Private Vehicle,Ella,Other,183,3,0.854
52,5,Private Vehicle,Jaffna,Private / Hired Vehicle,188,3,9.761
62,3,N/A,Sigiriya,Resting,173,2,0.259
30,10,Cruise,Ella,Cruise,330,3,71.672
65,2,Private Vehicle,Bentota,Private / Hired Vehicle,83,2,1.497
31,15,Flight,Ella,Flight,150,3,141.436
60,3,Private Vehicle,Bentota,Medical / Hospital Visit,52,2,1.446
37,1,N/A,Colombo,Meal,71,5,2.642
65,2,Walking,Negombo,Hiking,263,4,0.101
67,1,Private Vehicle,Bentota,Private / Hired Vehicle,87,2,0.802
31,5,Public Transport,Hikkaduwa,Shopping,69,2,1.369
56,2,Public Transport,Negombo,Cultural / Temple Visit,131,1,0.378
49,13,Walking,Polonnaruwa,Cultural / Temple Visit,111,3,0.734
36,5,Private Vehicle,Kandy,Medical / Hospital Visit,39,3,1.557
55,2,N/A,Trincomalee,Resting,151,3,0.149
80,4,Private Vehicle,Yala,Spa / Ayurveda,146,5,5.299
18,2,Train,Anuradhapura,Vehicle Travel,191,4,3.324
78,2,Private Vehicle,Polonnaruwa,Spa / Ayurveda,148,1,1.848
71,3,Walking,Kandy,Walking,123,2,0.004
51,1,Walking,Bentota,Jogging,25,1,0.003
56,2,Private Vehicle,Dambulla,Other,148,2,0.42
41,15,Private Vehicle,Anuradhapura,Vehicle Travel,184,4,31.943
26,8,Private Vehicle,Kandy,Shopping,62,1,2.034
54,14,Private Vehicle,Ella,Cultural / Temple Visit,104,1,2.117
69,2,Private Vehicle,Bentota,Private / Hired Vehicle,145,2,2.456
32,12,Cruise,Nuwara Eliya,Cruise,319,4,87.324
63,3,Public Transport,Hikkaduwa,Spa / Ayurveda,67,1,1.058
65,1,Flight,Ella,Flight,194,5,15.136
65,11,Water,Dambulla,Swimming / Snorkeling,159,3,1.645
39,1,Cruise,Bentota,Cruise,462,3,9.651
42,4,Walking,Kandy,Walking,60,3,0.002
44,11,Flight,Colombo,Flight,144,4,124.436
71,7,Walking,Mirissa,Walking,99,3,0.007
74,5,N/A,Negombo,Resting,141,3,0.362
44,3,Cruise,Galle,Cruise,525,3,40.062
79,1,Train,Bentota,Vehicle Travel,226,3,2.338
53,20,N/A,Dambulla,Beach Leisure,194,1,2.703
42,2,Walking,Kalpitiya,Vehicle Travel,284,4,2.246
18,2,Walking,Negombo,Jogging,36,4,0.011
56,2,Public Transport,Mirissa,Public Transport,89,4,0.237
58,14,Water,Negombo,Surfing,130,5,1.985
79,10,Public Transport,Sigiriya,Shopping,181,3,8.528
63,4,Private Vehicle,Kandy,Vehicle Travel,193,5,12.258
19,16,Private Vehicle,Jaffna,Vehicle Travel,277,3,59.245
53,1,N/A,Jaffna,Resting,103,3,0.059
64,13,Flight,Polonnaruwa,Flight,377,4,323.847
49,1,Boat,Nuwara Eliya,Boat Ride,147,2,0.676
45,4,Train,Kalpitiya,Vehicle Travel,131,2,4.383
69,1,Bicycle,Arugam Bay,Vehicle Travel,184,4,1.44
56,20,Private Vehicle,Yala,Shopping,68,1,5.577
60,14,Walking,Badulla,Hiking,122,3,0.26
47,6,Public Transport,Trincomalee,Public Transport,90,4,0.748
35,2,Cruise,Kandy,Cruise,626,3,26.744
50,2,Walking,Sigiriya,Walking,112,1,0.002
78,4,N/A,Jaffna,Meal,66,1,6.858
55,3,N/A,Nuwara Eliya,Beach Leisure,108,5,0.329
62,1,Tuk-Tuk,Ella,Vehicle Travel,84,5,1.306
25,8,Cruise,Sigiriya,Cruise,526,4,110.009
80,7,Walking,Trincomalee,Walking,141,2,0.011
33,14,Public Bus,Kandy,Vehicle Travel,315,3,42.285
79,5,Cruise,Trincomalee,Cruise,606,3,69.292
46,3,Water,Negombo,Surfing,100,4,0.311
75,5,Private Vehicle,Arugam Bay,Vehicle Travel,174,4,12.187
74,2,Private Vehicle,Hikkaduwa,Other,88,4,0.366
65,7,Private Vehicle,Mirissa,Medical / Hospital Visit,34,3,2.04
75,10,Tuk-Tuk,Arugam Bay,Vehicle Travel,119,5,18.382
56,1,Walking,Badulla,Other,99,3,0.053
71,3,Water,Mirissa,Surfing,102,3,0.276
28,12,Private Vehicle,Polonnaruwa,Shopping,119,3,7.376
22,5,N/A,Mirissa,Meal,42,4,6.513
52,5,Private Vehicle,Badulla,Private / Hired Vehicle,18,5,0.899
69,9,Bicycle,Yala,Bicycle Ride,53,3,0.013
66,6,Tuk-Tuk,Ella,Vehicle Travel,105,5,9.924
51,1,Private Vehicle,Ella,Vehicle Travel,165,3,2.1
50,11,N/A,Badulla,Other,56,3,1.031
56,14,Water,Dambulla,Swimming / Snorkeling,86,3,1.067
72,1,N/A,Bentota,Beach Leisure,176,1,0.144
71,1,Jeep,Yala,Wildlife Safari,95,5,1.943
24,9,Private Vehicle,Colombo,Vehicle Travel,100,1,8.335
55,7,N/A,Badulla,Beach Leisure,101,3,0.62
41,4,N/A,Yala,Resting,177,3,0.369
68,6,Walking,Anuradhapura,Walking,34,4,0.002
49,9,Flight,Nuwara Eliya,Flight,463,5,310.569
80,5,Walking,Kandy,Other,108,5,0.369
45,1,Jeep,Dambulla,Wildlife Safari,218,3,3.492
60,1,Public Transport,Nuwara Eliya,Public Transport,60,3,0.069
24,4,Walking,Kandy,Jogging,24,3,0.012
76,14,Private Vehicle,Badulla,Vehicle Travel,80,5,18.549
27,6,Flight,Trincomalee,Flight,284,2,102.413
41,3,Public Bus,Kandy,Vehicle Travel,159,5,5.591
70,14,Jeep,Sigiriya,Wildlife Safari,191,5,56.74
78,4,Walking,Jaffna,Walking,139,4,0.007
48,5,Water,Nuwara Eliya,Swimming / Snorkeling,116,4,0.57
48,1,Private Vehicle,Badulla,Medical / Hospital Visit,37,3,0.329
21,9,Train,Kalpitiya,Vehicle Travel,113,3,9.728
79,8,Private Vehicle,Kalpitiya,Vehicle Travel,133,3,15.112
19,10,Train,Trincomalee,Vehicle Travel,116,2,11.077
19,3,Private Vehicle,Badulla,Vehicle Travel,56,4,2.476
47,4,Private Vehicle,Bentota,Shopping,204,3,4.512
18,2,Private Vehicle,Jaffna,Airport Transfer,79,5,1.594
28,17,Public Transport,Negombo,Sightseeing,134,5,4.175
57,1,Flight,Trincomalee,Flight,178,2,11.667
62,7,Water,Kalpitiya,Surfing,112,2,0.652
36,9,Private Vehicle,Galle,Sightseeing,106,3,1.332
68,1,Public Bus,Yala,Vehicle Travel,95,2,0.775
56,3,Flight,Polonnaruwa,Flight,80,4,16.64
32,1,Jeep,Ella,Wildlife Safari,227,4,3.823
62,6,Private Vehicle,Anuradhapura,Vehicle Travel,174,4,13.192
55,20,Public Bus,Badulla,Vehicle Travel,295,3,62.628
69,4,Public Bus,Mirissa,Vehicle Travel,144,5,6.756
27,19,Cruise,Anuradhapura,Cruise,214,4,90.276
32,1,Boat,Anuradhapura,Boat Ride,88,5,0.55
37,4,N/A,Nuwara Eliya,Meal,57,5,8.353
39,14,Tuk-Tuk,Negombo,Vehicle Travel,80,4,13.36
73,13,Boat,Galle,Boat Ride,159,2,8.246
64,3,N/A,Nuwara Eliya,Meal,72,5,7.448
52,8,Bicycle,Galle,Vehicle Travel,102,3,5.953
52,13,Walking,Dambulla,Jogging,47,3,0.076
73,10,Walking,Haputale,Walking,31,3,0.003
46,7,Public Transport,Kandy,Shopping,114,3,3.139
32,1,Private Vehicle,Haputale,Sightseeing,106,2,0.156
26,1,Flight,Haputale,Flight,194,2,9.843
38,7,Cruise,Trincomalee,Cruise,279,5,46.978
59,5,Walking,Colombo,Vehicle Travel,224,4,4.205
47,2,Public Transport,Hikkaduwa,Public Transport,76,5,0.205
44,3,Private Vehicle,Trincomalee,Private / Hired Vehicle,76,5,2.532
48,4,Walking,Polonnaruwa,Jogging,39,3,0.021
79,5,Walking,Sigiriya,Vehicle Travel,137,4,3.145
80,4,Walking,Jaffna,Vehicle Travel,195,4,3.645
28,4,Water,Kalpitiya,Surfing,115,3,0.374
25,1,Public Transport,Hikkaduwa,Public Transport,75,5,0.109
33,12,Tuk-Tuk,Mirissa,Vehicle Travel,54,5,7.295
71,7,Water,Badulla,Swimming / Snorkeling,137,2,0.853
46,1,Public Transport,Arugam Bay,Shopping,163,5,0.861
72,4,N/A,Ella,Meal,36,1,4.07
58,4,Public Transport,Badulla,Shopping,106,5,1.807
52,7,Private Vehicle,Galle,Spa / Ayurveda,114,4,6.492
35,7,Boat,Jaffna,Boat Ride,57,2,1.451
39,7,Public Transport,Dambulla,Spa / Ayurveda,166,5,8.823
27,8,Private Vehicle,Dambulla,Vehicle Travel,247,4,25.084
50,1,Private Vehicle,Negombo,Vehicle Travel,131,1,1.466
35,3,Tuk-Tuk,Yala,Vehicle Travel,29,4,1.059
36,1,Private Vehicle,Ella,Private / Hired Vehicle,38,4,0.415
20,4,Public Bus,Colombo,Vehicle Travel,142,3,5.691
68,4,Public Transport,Bentota,Shopping,173,4,3.882
77,9,N/A,Badulla,Resting,71,1,0.277
49,1,Public Transport,Hikkaduwa,Spa / Ayurveda,134,3,0.716
51,7,Private Vehicle,Yala,Other,62,4,0.778
76,3,Private Vehicle,Arugam Bay,Medical / Hospital Visit,24,3,0.682
50,4,Private Vehicle,Bentota,Spa / Ayurveda,67,3,1.94
57,9,Private Vehicle,Kalpitiya,Vehicle Travel,97,5,12.343
44,1,Flight,Arugam Bay,Flight,357,5,25.573
50,3,N/A,Polonnaruwa,Resting,203,4,0.353
50,4,Walking,Kandy,Hiking,324,4,0.242
62,9,N/A,Arugam Bay,Meal,62,5,19.47
56,2,Private Vehicle,Mirissa,Private / Hired Vehicle,78,5,1.61
49,16,Public Transport,Hikkaduwa,Public Transport,28,2,0.536
22,20,Private Vehicle,Colombo,Cultural / Temple Visit,78,3,2.236
74,11,Public Transport,Mirissa,Shopping,62,2,3.097
73,3,Public Transport,Polonnaruwa,Public Transport,147,2,0.422
29,8,N/A,Kandy,Meal,80,3,18.223
36,1,N/A,Bentota,Meal,67,4,2.063
79,13,Private Vehicle,Yala,Vehicle Travel,201,4,36.277
38,5,Flight,Sigiriya,Flight,88,5,37.262
69,2,Public Bus,Yala,Vehicle Travel,181,3,3.802
67,3,Jeep,Kalpitiya,Wildlife Safari,355,3,17.887
72,11,Private Vehicle,Kalpitiya,Cultural / Temple Visit,160,2,2.931
19,13,Public Bus,Mirissa,Vehicle Travel,187,2,21.459
48,5,Flight,Kalpitiya,Flight,148,2,51.154
53,5,Walking,Polonnaruwa,Walking,127,5,0.008
70,10,Private Vehicle,Kandy,Vehicle Travel,106,2,15.312
32,11,Train,Anuradhapura,Vehicle Travel,135,4,13.216
37,10,N/A,Polonnaruwa,Resting,101,3,0.508
29,4,Water,Yala,Surfing,159,4,0.561
66,7,Walking,Mirissa,Vehicle Travel,179,5,5.64
80,12,N/A,Yala,Beach Leisure,246,5,3.222
26,1,N/A,Colombo,Meal,48,3,1.564
32,4,N/A,Jaffna,Meal,55,5,8.511
37,1,Public Bus,Anuradhapura,Vehicle Travel,83,3,0.827
74,4,Train,Dambulla,Vehicle Travel,203,5,8.239
46,10,N/A,Kalpitiya,Meal,58,1,14.859
35,2,Walking,Galle,Sightseeing,251,4,0.264
38,6,Private Vehicle,Anuradhapura,Vehicle Travel,72,4,5.459
55,1,N/A,Anuradhapura,Resting,201,5,0.134
42,14,Private Vehicle,Hikkaduwa,Other,60,5,1.554
26,11,Flight,Anuradhapura,Flight,32,3,21.961
69,5,N/A,Jaffna,Meal,63,5,12.221
44,9,Public Transport,Haputale,Sightseeing,82,3,1.12
34,1,Private Vehicle,Jaffna,Sightseeing,268,3,0.401
63,12,Walking,Kandy,Walking,36,1,0.004
64,9,Public Transport,Arugam Bay,Sightseeing,73,3,1.006
27,1,Walking,Kalpitiya,Hiking,113,2,0.016
22,18,N/A,Arugam Bay,Meal,63,4,31.981
20,1,Private Vehicle,Badulla,Shopping,77,2,0.341
66,7,Private Vehicle,Haputale,Sightseeing,186,4,2.457
57,2,Walking,Sigiriya,Hiking,224,2,0.066
67,9,Bicycle,Yala,Vehicle Travel,77,4,6.174
57,1,N/A,Ella,Resting,214,3,0.108
43,1,Cruise,Ella,Cruise,272,3,7.166
55,5,Public Transport,Anuradhapura,Public Transport,49,4,0.307
63,20,Walking,Yala,Jogging,19,5,0.062
43,2,Private Vehicle,Anuradhapura,Vehicle Travel,174,5,5.811
75,7,Bicycle,Negombo,Bicycle Ride,46,3,0.008
74,5,N/A,Ella,Resting,36,5,0.105
68,12,Tuk-Tuk,Arugam Bay,Vehicle Travel,111,4,16.777
80,3,Public Transport,Kalpitiya,Spa / Ayurveda,152,5,3.679
42,6,Private Vehicle,Negombo,Vehicle Travel,194,1,12.453
25,16,Walking,Nuwara Eliya,Walking,98,1,0.014
48,3,Public Bus,Nuwara Eliya,Vehicle Travel,89,1,2.058
64,4,Private Vehicle,Haputale,Other,78,5,0.583
67,13,N/A,Jaffna,Beach Leisure,94,2,1.075
42,3,Walking,Kalpitiya,Walking,78,2,0.002
36,4,Flight,Kalpitiya,Flight,58,4,14.627
46,3,Tuk-Tuk,Yala,Vehicle Travel,310,5,11.701
68,11,Train,Trincomalee,Vehicle Travel,90,4,9.9
21,15,Private Vehicle,Anuradhapura,Vehicle Travel,156,4,31.665
38,7,Water,Mirissa,Swimming / Snorkeling,67,2,0.336
32,7,Flight,Mirissa,Flight,200,5,104.855
68,4,Private Vehicle,Hikkaduwa,Other,186,1,0.991
47,1,Tuk-Tuk,Kalpitiya,Vehicle Travel,94,3,1.015
23,2,Public Transport,Negombo,Airport Transfer,80,3,1.113
34,1,Private Vehicle,Galle,Sightseeing,123,3,0.203
20,1,Water,Anuradhapura,Swimming / Snorkeling,113,4,0.098
47,7,Train,Jaffna,Vehicle Travel,61,4,4.607
80,1,Public Transport,Mirissa,Sightseeing,85,2,0.127
53,1,Flight,Kalpitiya,Flight,202,1,9.827
72,4,Public Bus,Yala,Vehicle Travel,311,1,12.038
64,2,Public Bus,Polonnaruwa,Vehicle Travel,80,1,1.399
73,1,N/A,Anuradhapura,Resting,89,5,0.062
37,1,N/A,Galle,Beach Leisure,291,4,0.24
77,2,N/A,Arugam Bay,Meal,46,2,2.849
33,6,Walking,Galle,Jogging,26,2,0.022
45,10,Private Vehicle,Yala,Spa / Ayurveda,65,5,5.633
60,12,Private Vehicle,Nuwara Eliya,Sightseeing,148,5,3.604
36,10,N/A,Colombo,Meal,68,5,26.045
34,7,Walking,Hikkaduwa,Cultural / Temple Visit,62,2,0.194
26,14,N/A,Negombo,Beach Leisure,177,4,2.354
18,5,Private Vehicle,Galle,Sightseeing,126,2,1.175
49,7,Walking,Jaffna,Other,80,4,0.301
80,4,Cruise,Trincomalee,Cruise,456,3,48.099
31,3,Private Vehicle,Galle,Spa / Ayurveda,82,4,2.09
45,3,Tuk-Tuk,Mirissa,Vehicle Travel,218,1,6.799
76,1,Walking,Sigiriya,Hiking,222,4,0.042
66,11,Walking,Polonnaruwa,Walking,34,3,0.003
18,1,N/A,Mirissa,Resting,146,5,0.082
49,8,Water,Galle,Surfing,197,2,1.369
27,12,Private Vehicle,Trincomalee,Vehicle Travel,84,4,13.353
33,5,Private Vehicle,Galle,Vehicle Travel,114,2,6.422
33,1,Flight,Negombo,Flight,146,4,10.852
56,4,N/A,Sigiriya,Other,81,4,0.65
30,3,Walking,Arugam Bay,Hiking,245,3,0.103
33,19,Private Vehicle,Hikkaduwa,Shopping,35,3,3.521
32,8,Walking,Polonnaruwa,Jogging,43,3,0.04
40,9,Public Transport,Trincomalee,Shopping,51,3,1.715
59,5,Private Vehicle,Kandy,Private / Hired Vehicle,94,4,5.081
43,9,Walking,Sigiriya,Walking,93,1,0.006
38,9,Private Vehicle,Mirissa,Spa / Ayurveda,112,1,5.155
50,1,Private Vehicle,Colombo,Shopping,128,3,0.604
56,2,Cruise,Anuradhapura,Cruise,280,3,13.73
18,1,Private Vehicle,Bentota,Vehicle Travel,178,2,2.218
74,5,Private Vehicle,Bentota,Shopping,159,4,4.589
75,13,Public Transport,Badulla,Sightseeing,98,1,1.492
55,7,N/A,Haputale,Meal,71,5,16.438
54,5,N/A,Kalpitiya,Resting,58,4,0.144
61,15,Private Vehicle,Kalpitiya,Sightseeing,240,3,6.653
45,2,Private Vehicle,Kalpitiya,Private / Hired Vehicle,163,5,3.438
41,1,N/A,Ella,Resting,202,4,0.114
40,14,N/A,Anuradhapura,Beach Leisure,248,4,2.739
28,14,Tuk-Tuk,Kandy,Vehicle Travel,174,3,29.793
70,8,Walking,Dambulla,Shopping,71,4,0.998
38,2,Walking,Kalpitiya,Vehicle Travel,85,2,0.525
35,17,Cruise,Colombo,Cruise,397,4,163.89
78,10,Ferry,Ella,Ferry,58,2,2.858
49,8,Walking,Ella,Jogging,38,3,0.036
57,2,Flight,Haputale,Flight,235,4,34.244
33,5,Flight,Dambulla,Flight,322,2,103.964
35,11,Public Transport,Sigiriya,Cultural / Temple Visit,89,3,1.483
63,12,N/A,Colombo,Meal,56,5,24.747
46,6,N/A,Yala,Other,36,3,0.409
27,5,Walking,Jaffna,Other,106,2,0.255
70,8,Cruise,Colombo,Cruise,423,3,83.142
43,5,Public Transport,Arugam Bay,Airport Transfer,38,5,1.813
60,4,Walking,Trincomalee,Vehicle Travel,152,4,2.615
39,1,Water,Badulla,Swimming / Snorkeling,78,4,0.074
53,1,Cruise,Ella,Cruise,288,5,7.837
66,10,Walking,Ella,Walking,57,4,0.007
73,1,Tuk-Tuk,Yala,Vehicle Travel,75,5,1.206
31,1,N/A,Bentota,Meal,84,4,3.171
60,14,Flight,Haputale,Flight,373,5,355.44
75,9,Public Transport,Dambulla,Shopping,122,4,5.537
58,1,Public Transport,Sigiriya,Airport Transfer,102,3,0.775
27,3,N/A,Bentota,Resting,126,1,0.168
29,10,Tuk-Tuk,Mirissa,Vehicle Travel,120,2,13.891
30,4,Flight,Kalpitiya,Flight,138,4,37.551
24,5,Walking,Nuwara Eliya,Walking,165,5,0.01
65,5,Private Vehicle,Sigiriya,Private / Hired Vehicle,82,4,4.198
78,2,Public Bus,Mirissa,Vehicle Travel,252,4,5.85
50,9,N/A,Kalpitiya,Meal,61,4,18.366
55,1,Public Transport,Sigiriya,Shopping,123,5,0.681
66,5,Private Vehicle,Arugam Bay,Shopping,100,4,3.261
44,2,Walking,Hikkaduwa,Hiking,103,3,0.031
47,1,N/A,Yala,Beach Leisure,150,3,0.137
55,1,Walking,Dambulla,Walking,103,3,0.001
37,13,Tuk-Tuk,Trincomalee,Vehicle Travel,79,2,9.781
21,2,Walking,Kalpitiya,Sightseeing,58,3,0.063
53,2,Walking,Mirissa,Other,182,3,0.194
69,1,Public Transport,Haputale,Spa / Ayurveda,115,2,0.633
22,9,Water,Kalpitiya,Surfing,200,2,1.319
31,4,Public Transport,Nuwara Eliya,Airport Transfer,121,5,4.422
34,15,Public Bus,Kalpitiya,Vehicle Travel,166,3,25.061
68,8,Flight,Galle,Flight,188,5,122.46
49,5,Private Vehicle,Sigiriya,Private / Hired Vehicle,115,1,4.07
51,8,Tuk-Tuk,Colombo,Vehicle Travel,138,5,13.898
58,1,Private Vehicle,Galle,Airport Transfer,76,4,0.81
35,16,Boat,Negombo,Boat Ride,133,5,11.952
62,16,Boat,Galle,Boat Ride,167,4,12.765
19,2,Private Vehicle,Ella,Vehicle Travel,320,4,7.719
25,7,Private Vehicle,Yala,Vehicle Travel,169,3,14.674
69,2,Train,Polonnaruwa,Vehicle Travel,176,3,2.681
59,6,Public Transport,Polonnaruwa,Sightseeing,223,4,2.117
29,10,Private Vehicle,Badulla,Spa / Ayurveda,204,1,12.109
45,15,Private Vehicle,Kandy,Sightseeing,51,1,1.084
21,3,N/A,Galle,Resting,116,5,0.186
60,8,Public Bus,Anuradhapura,Vehicle Travel,160,2,14.163
65,9,Train,Sigiriya,Vehicle Travel,204,4,18.553
35,2,N/A,Kandy,Other,100,2,0.322
40,7,Walking,Trincomalee,Walking,131,3,0.01
32,8,Private Vehicle,Arugam Bay,Vehicle Travel,131,3,12.781
42,10,Public Transport,Yala,Spa / Ayurveda,101,3,5.676
35,20,Flight,Colombo,Flight,100,5,165.795
33,1,Private Vehicle,Yala,Private / Hired Vehicle,85,5,0.888
45,2,Walking,Arugam Bay,Other,45,3,0.049
72,1,Public Transport,Nuwara Eliya,Cultural / Temple Visit,72,3,0.1
66,1,Private Vehicle,Dambulla,Private / Hired Vehicle,91,5,1.018
36,4,Private Vehicle,Kalpitiya,Vehicle Travel,132,2,6.365
77,13,Train,Haputale,Vehicle Travel,86,2,11.113
31,4,Public Bus,Hikkaduwa,Vehicle Travel,139,3,5.569
75,8,Private Vehicle,Hikkaduwa,Vehicle Travel,142,4,14.83
37,4,Private Vehicle,Ella,Medical / Hospital Visit,53,3,1.875
52,3,Private Vehicle,Anuradhapura,Sightseeing,217,1,0.893
30,12,Walking,Colombo,Vehicle Travel,113,5,6.453
66,8,Private Vehicle,Jaffna,Airport Transfer,151,5,14.677
38,3,Private Vehicle,Dambulla,Vehicle Travel,152,4,5.495
72,14,Train,Hikkaduwa,Vehicle Travel,127,4,18.72
23,5,Public Transport,Colombo,Airport Transfer,102,5,4.369
49,2,Private Vehicle,Jaffna,Vehicle Travel,121,4,3.753
27,5,Train,Kalpitiya,Vehicle Travel,81,4,3.374
74,8,Private Vehicle,Galle,Vehicle Travel,140,3,14.751
44,3,Water,Trincomalee,Surfing,65,3,0.153
60,12,Public Transport,Sigiriya,Spa / Ayurveda,136,5,13.184
73,6,Water,Haputale,Swimming / Snorkeling,70,4,0.363
51,5,Walking,Jaffna,Walking,90,3,0.006
21,12,Private Vehicle,Dambulla,Cultural / Temple Visit,102,4,2.179
31,5,Walking,Trincomalee,Walking,87,5,0.005
31,4,Flight,Kalpitiya,Flight,140,3,36.792
75,1,Private Vehicle,Sigiriya,Sightseeing,230,4,0.454
75,3,Water,Negombo,Swimming / Snorkeling,72,1,0.154
48,4,Bicycle,Yala,Bicycle Ride,64,4,0.007
74,2,Tuk-Tuk,Jaffna,Vehicle Travel,108,5,3.038
33,6,Cruise,Hikkaduwa,Cruise,248,5,39.931
60,1,Bicycle,Ella,Vehicle Travel,251,5,2.542
42,2,Flight,Kalpitiya,Flight,220,4,30.576
33,6,N/A,Negombo,Beach Leisure,140,3,0.726
33,2,Private Vehicle,Yala,Sightseeing,174,4,0.617
44,7,Private Vehicle,Jaffna,Private / Hired Vehicle,52,3,3.572
39,8,Private Vehicle,Hikkaduwa,Vehicle Travel,70,4,7.257
31,3,Flight,Arugam Bay,Flight,447,4,84.546
39,1,Public Transport,Mirissa,Public Transport,120,4,0.145
26,5,Water,Jaffna,Swimming / Snorkeling,33,3,0.153
79,1,Walking,Dambulla,Other,22,3,0.011
41,5,N/A,Nuwara Eliya,Meal,61,3,8.497
24,9,N/A,Colombo,Beach Leisure,229,3,1.748
54,7,Ferry,Yala,Ferry,54,3,1.835
73,4,N/A,Polonnaruwa,Meal,39,2,4.186
40,16,Private Vehicle,Galle,Vehicle Travel,78,5,17.232
71,1,N/A,Kalpitiya,Meal,64,1,1.777
56,13,Private Vehicle,Yala,Private / Hired Vehicle,80,5,10.967
64,11,Private Vehicle,Nuwara Eliya,Vehicle Travel,149,3,22.977
36,4,Public Transport,Arugam Bay,Public Transport,114,5,0.608
20,1,Walking,Polonnaruwa,Walking,105,4,0.001
39,1,Cruise,Kalpitiya,Cruise,332,5,10.0
76,14,Public Transport,Mirissa,Shopping,117,5,9.779
67,2,Water,Trincomalee,Swimming / Snorkeling,117,4,0.239
67,13,Public Bus,Polonnaruwa,Vehicle Travel,77,2,9.643
73,5,N/A,Haputale,Meal,70,4,11.571
41,5,N/A,Dambulla,Meal,65,3,9.112
38,7,N/A,Badulla,Meal,55,5,12.801
76,2,N/A,Polonnaruwa,Meal,78,5,6.053
54,4,Boat,Colombo,Boat Ride,79,3,1.42
36,15,N/A,Colombo,Meal,54,4,24.714
35,2,Flight,Jaffna,Flight,267,3,31.159
73,14,Walking,Badulla,Walking,79,4,0.013
21,20,Walking,Sigiriya,Hiking,269,4,0.978
21,1,Private Vehicle,Badulla,Vehicle Travel,223,4,3.064
64,5,Public Transport,Kalpitiya,Airport Transfer,138,5,6.187
18,2,Private Vehicle,Galle,Medical / Hospital Visit,89,3,1.48
28,7,N/A,Arugam Bay,Meal,85,4,19.541
80,19,Private Vehicle,Nuwara Eliya,Spa / Ayurveda,118,4,18.939
44,13,Train,Kandy,Vehicle Travel,226,3,26.978
63,14,Private Vehicle,Hikkaduwa,Cultural / Temple Visit,82,3,2.042
48,2,Flight,Nuwara Eliya,Flight,324,1,42.55
23,6,Private Vehicle,Jaffna,Vehicle Travel,314,4,23.203
29,2,Flight,Hikkaduwa,Flight,287,5,48.494
65,14,Public Transport,Yala,Spa / Ayurveda,128,2,10.679
23,2,N/A,Kandy,Meal,88,2,5.689
55,1,Private Vehicle,Kandy,Sightseeing,134,3,0.205
39,1,Train,Anuradhapura,Vehicle Travel,94,3,0.922
41,2,Water,Colombo,Surfing,100,3,0.191
77,2,Private Vehicle,Kalpitiya,Shopping,193,4,2.272
56,1,Tuk-Tuk,Ella,Vehicle Travel,90,3,0.973
56,12,N/A,Colombo,Meal,54,5,27.706
40,10,Flight,Galle,Flight,131,3,76.469
42,2,Tuk-Tuk,Hikkaduwa,Vehicle Travel,76,4,2.046
61,10,Walking,Jaffna,Walking,48,3,0.006
20,4,Public Transport,Hikkaduwa,Shopping,193,3,3.239
32,10,Private Vehicle,Bentota,Private / Hired Vehicle,52,3,4.703
55,3,Ferry,Bentota,Ferry,125,4,2.313
57,6,Public Transport,Hikkaduwa,Cultural / Temple Visit,95,5,1.003
23,4,Public Bus,Galle,Vehicle Travel,250,1,8.04
67,2,Public Transport,Anuradhapura,Airport Transfer,141,4,2.016
52,6,Water,Galle,Surfing,121,4,0.75
32,10,N/A,Yala,Meal,47,2,12.453
65,10,Private Vehicle,Badulla,Medical / Hospital Visit,48,5,5.497
80,3,Private Vehicle,Kalpitiya,Airport Transfer,140,3,4.147
44,5,Private Vehicle,Hikkaduwa,Vehicle Travel,64,5,5.444
35,10,Private Vehicle,Hikkaduwa,Vehicle Travel,285,4,43.064
36,1,Tuk-Tuk,Anuradhapura,Vehicle Travel,74,2,0.722
55,1,N/A,Negombo,Resting,166,4,0.091
20,4,N/A,Polonnaruwa,Resting,144,2,0.286
48,2,Ferry,Jaffna,Ferry,109,4,1.293
19,4,Bicycle,Galle,Bicycle Ride,77,5,0.009
20,1,Public Transport,Hikkaduwa,Cultural / Temple Visit,46,4,0.073
45,6,Public Transport,Galle,Cultural / Temple Visit,64,3,0.57
64,8,Bicycle,Bentota,Vehicle Travel,155,3,9.059
73,10,Public Bus,Ella,Vehicle Travel,91,4,10.276
23,7,Walking,Kandy,Walking,84,4,0.006
33,4,N/A,Dambulla,Meal,67,4,9.154
44,15,Flight,Mirissa,Flight,147,3,158.834
54,9,Public Bus,Yala,Vehicle Travel,102,4,9.621
80,5,Private Vehicle,Anuradhapura,Private / Hired Vehicle,48,4,2.79
61,2,Train,Mirissa,Vehicle Travel,173,4,3.529
51,7,Public Transport,Trincomalee,Spa / Ayurveda,93,3,3.654
21,6,N/A,Nuwara Eliya,Meal,67,3,10.67
23,8,Walking,Arugam Bay,Jogging,30,3,0.031
27,10,Flight,Dambulla,Flight,188,5,135.275
59,14,Tuk-Tuk,Jaffna,Vehicle Travel,182,5,37.366
38,16,Private Vehicle,Polonnaruwa,Other,61,5,1.836
33,7,Walking,Trincomalee,Walking,91,3,0.006
60,17,Jeep,Yala,Wildlife Safari,177,4,60.389
69,14,Boat,Negombo,Boat Ride,47,5,3.831
45,1,N/A,Nuwara Eliya,Meal,42,2,1.186
73,7,Public Bus,Mirissa,Vehicle Travel,202,1,12.285
64,2,Private Vehicle,Mirissa,Private / Hired Vehicle,168,2,3.284
63,3,Tuk-Tuk,Sigiriya,Vehicle Travel,31,4,1.186
72,3,N/A,Sigiriya,Meal,59,3,5.806
29,5,Private Vehicle,Kandy,Private / Hired Vehicle,120,2,5.035
65,1,Public Transport,Galle,Cultural / Temple Visit,62,4,0.094
78,2,Jeep,Kandy,Wildlife Safari,274,4,9.865
80,1,Train,Mirissa,Vehicle Travel,206,5,2.453
54,7,Cruise,Galle,Cruise,502,4,86.049
65,13,Public Transport,Trincomalee,Shopping,92,5,7.526
73,20,Flight,Galle,Flight,200,4,261.05
71,4,Water,Dambulla,Surfing,43,5,0.185
74,2,Tuk-Tuk,Hikkaduwa,Vehicle Travel,44,3,1.157
70,12,Private Vehicle,Sigiriya,Shopping,117,5,9.373
42,1,N/A,Negombo,Meal,56,5,1.935
64,18,Walking,Nuwara Eliya,Other,160,4,1.83
43,9,Private Vehicle,Mirissa,Airport Transfer,92,3,7.139
68,5,Walking,Mirissa,Hiking,257,3,0.201
69,1,Public Transport,Yala,Airport Transfer,52,3,0.377
76,1,N/A,Negombo,Resting,73,2,0.04
55,6,Flight,Haputale,Flight,374,1,128.241
47,4,Walking,Yala,Hiking,146,3,0.094
28,12,Bicycle,Sigiriya,Vehicle Travel,86,1,6.581
58,7,Walking,Yala,Vehicle Travel,116,5,3.872
53,4,N/A,Jaffna,Meal,61,4,8.063
50,2,N/A,Galle,Meal,53,5,3.923
60,5,Cruise,Badulla,Cruise,394,3,48.672
71,1,Water,Arugam Bay,Surfing,127,3,0.105
27,8,Walking,Badulla,Hiking,151,3,0.148
45,7,Walking,Badulla,Vehicle Travel,298,5,11.247
63,11,Walking,Kandy,Walking,25,2,0.003
69,4,Flight,Galle,Flight,114,4,32.681
67,2,Public Bus,Ella,Vehicle Travel,180,3,4.13
68,12,Walking,Jaffna,Sightseeing,103,3,0.677
71,8,Train,Anuradhapura,Vehicle Travel,142,1,7.941
78,9,Public Transport,Colombo,Cultural / Temple Visit,145,3,1.821
56,5,Cruise,Jaffna,Cruise,358,2,44.17
33,13,Train,Bentota,Vehicle Travel,190,5,27.35
53,2,N/A,Polonnaruwa,Beach Leisure,160,2,0.252
62,4,Private Vehicle,Dambulla,Airport Transfer,99,3,3.813
24,11,Tuk-Tuk,Polonnaruwa,Vehicle Travel,239,1,24.965
65,1,Private Vehicle,Jaffna,Sightseeing,115,5,0.253
52,11,Public Transport,Hikkaduwa,Public Transport,35,4,0.513
76,3,N/A,Kandy,Other,36,4,0.208
31,1,Cruise,Dambulla,Cruise,300,4,8.116
75,1,Cruise,Arugam Bay,Cruise,186,5,5.978
46,12,Private Vehicle,Colombo,Private / Hired Vehicle,82,2,9.368
54,10,Public Transport,Kandy,Public Transport,83,4,1.14
59,3,Walking,Bentota,Cultural / Temple Visit,119,5,0.242
54,1,Private Vehicle,Anuradhapura,Private / Hired Vehicle,183,1,1.426
74,2,Public Bus,Nuwara Eliya,Vehicle Travel,94,2,1.887
28,2,Walking,Dambulla,Walking,70,4,0.001
63,9,Private Vehicle,Yala,Airport Transfer,154,2,12.951
79,2,Private Vehicle,Sigiriya,Vehicle Travel,255,3,6.426
31,2,Private Vehicle,Hikkaduwa,Vehicle Travel,154,3,3.955
34,1,Public Bus,Arugam Bay,Vehicle Travel,191,2,1.969
47,6,Walking,Dambulla,Sightseeing,189,4,0.639
63,8,Bicycle,Trincomalee,Bicycle Ride,83,3,0.017
78,7,Private Vehicle,Negombo,Vehicle Travel,148,4,15.921
68,6,Private Vehicle,Kalpitiya,Sightseeing,103,3,1.189
68,17,Public Bus,Kandy,Vehicle Travel,195,3,32.892
45,5,N/A,Galle,Resting,83,3,0.214
58,12,Private Vehicle,Negombo,Sightseeing,95,5,2.485
31,7,N/A,Jaffna,Beach Leisure,147,3,0.838
47,1,Walking,Nuwara Eliya,Hiking,124,4,0.022
29,11,Private Vehicle,Colombo,Airport Transfer,91,5,9.728
19,6,Tuk-Tuk,Badulla,Vehicle Travel,199,4,15.03
71,7,Tuk-Tuk,Kandy,Vehicle Travel,151,3,14.431
68,2,N/A,Arugam Bay,Resting,222,2,0.235
50,4,Bicycle,Nuwara Eliya,Vehicle Travel,145,4,4.894
18,13,Public Bus,Anuradhapura,Vehicle Travel,327,4,41.789
23,2,Private Vehicle,Negombo,Shopping,48,4,0.514
25,1,N/A,Trincomalee,Meal,44,4,1.426
63,2,Public Transport,Colombo,Public Transport,65,1,0.133
30,5,Private Vehicle,Kandy,Other,36,4,0.297
33,11,Tuk-Tuk,Haputale,Vehicle Travel,127,4,17.456
72,7,Public Transport,Sigiriya,Sightseeing,92,5,1.113
73,14,Private Vehicle,Yala,Vehicle Travel,85,4,16.629
66,4,Public Bus,Dambulla,Vehicle Travel,96,3,4.327
37,4,Tuk-Tuk,Polonnaruwa,Vehicle Travel,139,4,6.708
54,2,Water,Sigiriya,Surfing,63,4,0.114
30,2,N/A,Nuwara Eliya,Meal,56,3,2.966
72,9,Public Transport,Yala,Shopping,160,4,6.816
23,1,Private Vehicle,Bentota,Private / Hired Vehicle,65,2,0.542
64,2,N/A,Negombo,Meal,62,2,3.829
50,13,Public Transport,Negombo,Shopping,106,4,6.618
65,6,Public Transport,Sigiriya,Spa / Ayurveda,84,3,3.319
46,1,Private Vehicle,Anuradhapura,Medical / Hospital Visit,47,4,0.399
27,9,Walking,Negombo,Hiking,238,3,0.354
65,5,Private Vehicle,Trincomalee,Other,96,5,1.022
57,12,Public Transport,Jaffna,Public Transport,104,4,1.595
47,8,Tuk-Tuk,Polonnaruwa,Vehicle Travel,66,4,6.498
41,1,Private Vehicle,Hikkaduwa,Private / Hired Vehicle,80,3,0.876
39,2,Flight,Hikkaduwa,Flight,207,5,30.3
48,2,N/A,Arugam Bay,Meal,50,3,3.438
34,9,Bicycle,Polonnaruwa,Vehicle Travel,178,4,13.988
35,5,Tuk-Tuk,Colombo,Vehicle Travel,64,3,3.249
35,9,Private Vehicle,Kandy,Vehicle Travel,142,3,14.599
18,5,Water,Hikkaduwa,Swimming / Snorkeling,64,4,0.298
76,3,Walking,Mirissa,Walking,148,3,0.005
32,1,Flight,Sigiriya,Flight,151,3,9.045
28,2,Tuk-Tuk,Mirissa,Vehicle Travel,25,3,0.533
27,4,Flight,Galle,Flight,168,2,44.395
80,6,N/A,Mirissa,Resting,163,5,0.658
48,15,Walking,Anuradhapura,Walking,23,4,0.004
38,2,Bicycle,Jaffna,Bicycle Ride,59,2,0.003
43,8,Train,Bentota,Vehicle Travel,139,4,10.803
23,1,Walking,Negombo,Walking,105,4,0.001
37,9,N/A,Galle,Meal,69,4,20.622
33,1,Private Vehicle,Polonnaruwa,Vehicle Travel,104,4,1.714
68,8,Private Vehicle,Arugam Bay,Vehicle Travel,285,1,27.158
21,1,Private Vehicle,Nuwara Eliya,Shopping,198,2,0.891
44,2,Public Transport,Badulla,Public Transport,96,4,0.268
67,6,Cruise,Galle,Cruise,322,4,52.334
70,4,Walking,Trincomalee,Walking,25,4,0.001
50,5,Public Transport,Kandy,Shopping,55,1,0.968
32,3,Bicycle,Kalpitiya,Bicycle Ride,124,5,0.01
39,16,Boat,Ella,Boat Ride,51,3,3.649
32,3,Water,Sigiriya,Surfing,158,4,0.486
59,6,Water,Hikkaduwa,Surfing,104,3,0.517
36,12,Water,Kalpitiya,Surfing,132,4,1.522
57,8,Private Vehicle,Yala,Vehicle Travel,94,5,11.214
59,3,Private Vehicle,Sigiriya,Vehicle Travel,229,3,9.583
77,6,N/A,Bentota,Meal,58,4,11.582
41,1,Private Vehicle,Haputale,Vehicle Travel,221,4,3.11
78,6,N/A,Haputale,Meal,60,3,10.941
43,4,Walking,Galle,Vehicle Travel,81,3,1.149
60,10,Train,Haputale,Vehicle Travel,234,4,19.811
59,12,Walking,Polonnaruwa,Walking,119,3,0.013
69,2,Walking,Trincomalee,Vehicle Travel,163,1,1.074
47,1,Private Vehicle,Sigiriya,Vehicle Travel,158,5,2.53
67,4,Public Transport,Arugam Bay,Shopping,128,4,2.925
40,6,Private Vehicle,Dambulla,Vehicle Travel,61,4,4.823
48,4,Cruise,Sigiriya,Cruise,220,4,21.95
49,7,Public Transport,Bentota,Airport Transfer,43,4,2.371
62,5,Public Transport,Arugam Bay,Public Transport,69,4,0.484
56,15,Public Bus,Kandy,Vehicle Travel,147,1,20.218
22,4,Cruise,Yala,Cruise,562,3,54.224
68,1,Private Vehicle,Galle,Vehicle Travel,164,4,2.445
65,3,Walking,Colombo,Vehicle Travel,83,5,1.16
24,7,Public Bus,Anuradhapura,Vehicle Travel,255,3,19.592
78,2,Public Bus,Dambulla,Vehicle Travel,108,5,2.657
59,2,Flight,Badulla,Flight,345,4,47.352
23,3,Public Bus,Yala,Vehicle Travel,28,3,0.764
48,9,Tuk-Tuk,Dambulla,Vehicle Travel,133,3,13.537
70,15,Private Vehicle,Nuwara Eliya,Other,106,2,2.527
35,3,Walking,Mirissa,Walking,31,4,0.001
76,2,Walking,Hikkaduwa,Cultural / Temple Visit,81,1,0.067
44,4,Private Vehicle,Bentota,Cultural / Temple Visit,137,3,0.858
32,3,Public Transport,Yala,Public Transport,43,3,0.127
40,19,Walking,Hikkaduwa,Other,214,5,2.577
51,5,Private Vehicle,Bentota,Shopping,90,3,2.162
61,8,Water,Mirissa,Surfing,131,3,1.037
76,14,Private Vehicle,Nuwara Eliya,Sightseeing,225,3,6.111
30,7,Flight,Trincomalee,Flight,64,2,26.481
78,2,Public Transport,Kandy,Public Transport,158,3,0.407
51,7,Flight,Yala,Flight,155,4,81.445
26,4,Tuk-Tuk,Trincomalee,Vehicle Travel,287,4,13.508
76,4,Walking,Polonnaruwa,Hiking,147,3,0.094
39,18,Tuk-Tuk,Anuradhapura,Vehicle Travel,67,5,17.943
57,2,N/A,Colombo,Beach Leisure,111,1,0.179
61,5,Train,Colombo,Vehicle Travel,184,5,9.597
18,1,Bicycle,Trincomalee,Bicycle Ride,54,1,0.001
31,2,Private Vehicle,Polonnaruwa,Private / Hired Vehicle,107,5,2.134
61,7,N/A,Kalpitiya,Resting,146,5,0.536
38,10,Walking,Polonnaruwa,Jogging,27,5,0.047
18,7,Water,Bentota,Swimming / Snorkeling,71,1,0.373
19,3,N/A,Arugam Bay,Resting,151,4,0.253
70,1,Walking,Kalpitiya,Walking,94,5,0.001
27,5,Train,Polonnaruwa,Vehicle Travel,108,4,4.866
24,5,Train,Arugam Bay,Vehicle Travel,194,3,7.234
53,10,Public Transport,Arugam Bay,Sightseeing,241,3,3.41
25,7,Private Vehicle,Kandy,Vehicle Travel,97,2,7.537
59,13,Water,Ella,Surfing,48,3,0.502
52,10,N/A,Trincomalee,Beach Leisure,297,1,2.07
58,3,Walking,Trincomalee,Hiking,243,4,0.12
48,7,Private Vehicle,Jaffna,Sightseeing,211,3,2.43
67,9,Walking,Bentota,Other,93,2,0.436
58,16,Bicycle,Nuwara Eliya,Bicycle Ride,129,1,0.048
44,4,Bicycle,Arugam Bay,Vehicle Travel,40,5,1.511
18,7,N/A,Kalpitiya,Meal,65,4,11.464
35,4,N/A,Badulla,Meal,73,4,8.483
26,9,Flight,Kandy,Flight,480,4,270.419
18,14,Private Vehicle,Anuradhapura,Medical / Hospital Visit,67,4,9.422
35,14,Private Vehicle,Trincomalee,Private / Hired Vehicle,126,3,15.072
31,1,Public Transport,Nuwara Eliya,Cultural / Temple Visit,128,4,0.169
22,2,Walking,Anuradhapura,Walking,56,3,0.001
37,10,N/A,Galle,Meal,60,4,19.19
49,7,Bicycle,Arugam Bay,Vehicle Travel,101,2,6.158
29,14,Walking,Kalpitiya,Sightseeing,185,5,1.405
35,3,N/A,Haputale,Meal,76,4,7.085
19,12,N/A,Colombo,Resting,195,3,1.073
21,8,N/A,Mirissa,Meal,53,4,12.299
27,2,N/A,Haputale,Beach Leisure,258,2,0.382
46,1,N/A,Dambulla,Resting,80,3,0.037
59,9,Walking,Kandy,Walking,142,5,0.017
67,1,Ferry,Anuradhapura,Ferry,65,4,0.361
57,10,N/A,Dambulla,Meal,51,4,16.796
56,6,Walking,Badulla,Walking,131,3,0.009
76,5,Private Vehicle,Sigiriya,Spa / Ayurveda,221,3,8.327
34,2,Private Vehicle,Sigiriya,Medical / Hospital Visit,39,1,0.589
68,19,Flight,Nuwara Eliya,Flight,274,4,382.597
77,9,Jeep,Kalpitiya,Wildlife Safari,224,4,39.413
53,10,Public Transport,Ella,Cultural / Temple Visit,70,1,0.938
70,10,Walking,Anuradhapura,Walking,46,2,0.004
26,6,N/A,Galle,Other,181,1,1.458
73,15,Private Vehicle,Haputale,Other,128,3,3.463
53,6,N/A,Kandy,Other,39,1,0.345
31,5,N/A,Trincomalee,Meal,77,3,9.81
21,2,Public Bus,Ella,Vehicle Travel,200,3,4.201
63,3,Public Transport,Yala,Airport Transfer,87,3,2.395
45,9,Boat,Jaffna,Boat Ride,97,2,4.128
37,3,N/A,Hikkaduwa,Other,92,4,0.48
42,9,Private Vehicle,Jaffna,Spa / Ayurveda,220,5,17.44
80,16,Bicycle,Yala,Bicycle Ride,115,3,0.049
44,4,Private Vehicle,Sigiriya,Airport Transfer,35,3,1.314
22,1,N/A,Polonnaruwa,Beach Leisure,148,4,0.148
35,8,Walking,Hikkaduwa,Other,201,3,0.89
27,1,Flight,Hikkaduwa,Flight,106,3,6.327
61,10,Public Bus,Dambulla,Vehicle Travel,95,3,9.483
68,5,N/A,Nuwara Eliya,Other,51,3,0.507
70,5,Bicycle,Badulla,Vehicle Travel,206,5,9.903
57,6,Private Vehicle,Haputale,Other,147,5,1.46
66,5,Private Vehicle,Yala,Shopping,56,3,1.539
44,3,Bicycle,Nuwara Eliya,Bicycle Ride,87,3,0.006
57,3,Jeep,Anuradhapura,Wildlife Safari,164,5,9.798
24,4,Walking,Anuradhapura,Walking,40,4,0.002
51,13,Public Bus,Badulla,Vehicle Travel,210,5,28.995
53,1,Jeep,Sigiriya,Wildlife Safari,170,4,3.289
19,3,Private Vehicle,Haputale,Private / Hired Vehicle,22,3,0.532
52,2,Walking,Nuwara Eliya,Other,84,3,0.082
63,4,Public Transport,Haputale,Sightseeing,247,2,1.44
41,1,N/A,Haputale,Meal,68,5,2.176
52,10,Private Vehicle,Mirissa,Airport Transfer,130,3,11.112
36,1,Ferry,Galle,Ferry,150,4,0.802
35,8,Private Vehicle,Mirissa,Vehicle Travel,92,4,10.443
26,2,Cruise,Haputale,Cruise,183,5,10.251
38,5,Walking,Haputale,Hiking,181,4,0.158
68,2,Bicycle,Arugam Bay,Bicycle Ride,78,1,0.004
76,9,N/A,Arugam Bay,Meal,56,3,13.81
58,16,Water,Anuradhapura,Swimming / Snorkeling,46,4,0.579
57,2,Walking,Nuwara Eliya,Vehicle Travel,92,5,0.948
56,16,Walking,Hikkaduwa,Jogging,50,4,0.104
47,3,Boat,Badulla,Boat Ride,35,4,0.536
44,6,Public Transport,Sigiriya,Shopping,91,5,3.022
57,9,Tuk-Tuk,Polonnaruwa,Vehicle Travel,151,3,15.758
67,2,Cruise,Kandy,Cruise,529,1,22.778
44,4,Public Transport,Kandy,Shopping,118,5,2.832
53,1,Flight,Haputale,Flight,220,4,14.753
47,8,Private Vehicle,Galle,Shopping,144,5,7.931
35,4,Flight,Yala,Flight,485,3,107.458
36,13,Boat,Kalpitiya,Boat Ride,63,4,4.083
22,2,Water,Bentota,Swimming / Snorkeling,122,3,0.211
45,14,Private Vehicle,Bentota,Airport Transfer,85,3,11.059
62,1,Ferry,Colombo,Ferry,123,2,0.627
61,7,N/A,Hikkaduwa,Resting,141,4,0.573
80,3,N/A,Bentota,Beach Leisure,191,3,0.534
20,2,Private Vehicle,Galle,Private / Hired Vehicle,77,3,1.332
65,1,N/A,Arugam Bay,Resting,118,3,0.058
68,8,Private Vehicle,Ella,Other,126,3,1.644
45,2,Private Vehicle,Polonnaruwa,Private / Hired Vehicle,182,4,3.56
35,6,Flight,Negombo,Flight,444,4,162.734
40,18,Private Vehicle,Badulla,Shopping,87,4,9.999
61,3,Train,Badulla,Vehicle Travel,247,3,6.586
72,1,Private Vehicle,Polonnaruwa,Vehicle Travel,214,3,2.842
58,1,Public Transport,Trincomalee,Public Transport,48,2,0.049
50,1,Public Transport,Ella,Spa / Ayurveda,154,4,1.15
59,5,N/A,Colombo,Resting,121,5,0.379
22,9,Private Vehicle,Kandy,Other,127,3,1.815
56,3,Walking,Nuwara Eliya,Walking,59,5,0.002
20,1,Train,Kalpitiya,Vehicle Travel,106,2,0.858
78,7,Private Vehicle,Nuwara Eliya,Vehicle Travel,122,4,12.318
74,3,Walking,Kandy,Jogging,49,4,0.019
50,6,Public Bus,Haputale,Vehicle Travel,79,4,5.683
41,15,Private Vehicle,Yala,Spa / Ayurveda,215,4,21.801
64,3,Public Transport,Yala,Public Transport,59,1,0.192
58,5,Public Bus,Bentota,Vehicle Travel,322,4,16.388
62,11,Train,Haputale,Vehicle Travel,158,3,16.088
50,8,N/A,Bentota,Beach Leisure,174,4,1.207
32,10,Flight,Kalpitiya,Flight,196,1,97.082
22,10,Walking,Badulla,Cultural / Temple Visit,143,2,0.705
35,6,Private Vehicle,Arugam Bay,Private / Hired Vehicle,47,5,3.452
51,6,Private Vehicle,Negombo,Vehicle Travel,196,3,17.208
44,9,Public Bus,Colombo,Vehicle Travel,276,3,25.781
49,8,Public Transport,Dambulla,Public Transport,110,2,0.974
35,8,Walking,Badulla,Walking,144,4,0.012
77,4,Walking,Ella,Sightseeing,215,4,0.439
41,11,Private Vehicle,Colombo,Sightseeing,65,5,1.544
71,2,Public Transport,Colombo,Shopping,55,4,0.54
42,1,N/A,Kalpitiya,Resting,109,3,0.055
45,3,Walking,Nuwara Eliya,Jogging,50,1,0.016
56,2,Walking,Yala,Hiking,119,3,0.035
34,8,Flight,Bentota,Flight,84,4,48.214
31,2,Public Transport,Bentota,Public Transport,51,5,0.16
41,8,Bicycle,Ella,Bicycle Ride,118,1,0.018
68,5,N/A,Yala,Other,126,3,0.951
27,1,Private Vehicle,Haputale,Medical / Hospital Visit,64,4,0.576
45,2,N/A,Anuradhapura,Beach Leisure,271,4,0.478
60,5,N/A,Polonnaruwa,Meal,79,4,14.359
62,9,Walking,Hikkaduwa,Walking,71,3,0.007
45,4,Train,Dambulla,Vehicle Travel,307,3,12.496
23,2,Private Vehicle,Jaffna,Vehicle Travel,39,3,1.048
19,3,Public Transport,Anuradhapura,Public Transport,142,3,0.487
47,1,Walking,Sigiriya,Hiking,141,4,0.024
69,1,Private Vehicle,Sigiriya,Shopping,187,2,0.978
19,18,Private Vehicle,Trincomalee,Private / Hired Vehicle,66,3,10.097
73,1,Public Bus,Yala,Vehicle Travel,121,5,1.627
60,1,N/A,Yala,Meal,46,4,1.695
18,13,Public Bus,Anuradhapura,Vehicle Travel,239,3,29.205
39,8,Private Vehicle,Haputale,Vehicle Travel,136,5,16.237
31,4,Bicycle,Mirissa,Vehicle Travel,283,3,8.847
77,7,Tuk-Tuk,Kalpitiya,Vehicle Travel,192,4,19.989
52,15,Cruise,Haputale,Cruise,304,2,98.117
38,1,Public Transport,Mirissa,Airport Transfer,41,5,0.4
35,2,Tuk-Tuk,Kandy,Vehicle Travel,103,2,2.174
53,12,Public Bus,Badulla,Vehicle Travel,229,3,27.567
18,10,Bicycle,Arugam Bay,Bicycle Ride,38,5,0.01
34,20,Private Vehicle,Anuradhapura,Cultural / Temple Visit,72,4,2.483
28,3,N/A,Yala,Resting,129,3,0.174
57,16,Private Vehicle,Kandy,Medical / Hospital Visit,76,1,8.896
60,3,Private Vehicle,Hikkaduwa,Medical / Hospital Visit,69,1,1.484
47,9,Bicycle,Colombo,Bicycle Ride,111,3,0.023
26,13,Private Vehicle,Negombo,Sightseeing,128,4,2.986
41,2,Walking,Polonnaruwa,Jogging,33,3,0.01
71,2,Flight,Yala,Flight,176,5,26.974
30,6,Private Vehicle,Anuradhapura,Airport Transfer,74,4,4.338
28,12,Flight,Hikkaduwa,Flight,192,5,170.777
25,1,Public Transport,Kalpitiya,Cultural / Temple Visit,89,4,0.131
69,12,Public Transport,Kandy,Shopping,145,3,6.901
25,3,Private Vehicle,Arugam Bay,Other,150,4,0.944
54,4,Water,Bentota,Swimming / Snorkeling,87,3,0.257
80,3,Bicycle,Colombo,Bicycle Ride,111,2,0.007
58,14,Private Vehicle,Colombo,Shopping,113,5,10.699
43,1,Tuk-Tuk,Trincomalee,Vehicle Travel,79,4,0.822
31,6,Private Vehicle,Dambulla,Vehicle Travel,82,3,6.464
18,1,Walking,Jaffna,Walking,91,3,0.001
27,15,Walking,Nuwara Eliya,Walking,55,3,0.008
78,11,Public Bus,Arugam Bay,Vehicle Travel,209,4,27.28
27,2,Private Vehicle,Badulla,Sightseeing,224,3,0.744
19,3,Public Bus,Polonnaruwa,Vehicle Travel,307,5,10.407
69,4,N/A,Galle,Resting,75,4,0.168
44,4,Private Vehicle,Mirissa,Private / Hired Vehicle,44,3,1.622
40,11,Private Vehicle,Mirissa,Vehicle Travel,75,4,10.919
63,6,N/A,Anuradhapura,Meal,67,5,15.575
50,4,Boat,Anuradhapura,Boat Ride,153,5,3.343
75,9,Public Bus,Negombo,Vehicle Travel,137,3,13.659
47,4,Jeep,Haputale,Wildlife Safari,201,3,12.764
62,1,Private Vehicle,Bentota,Airport Transfer,80,4,0.894
73,1,Boat,Haputale,Boat Ride,50,5,0.309
47,3,Walking,Polonnaruwa,Cultural / Temple Visit,129,5,0.203
35,7,Boat,Kandy,Boat Ride,62,3,1.967
79,1,Water,Sigiriya,Swimming / Snorkeling,161,4,0.152
32,6,Public Bus,Yala,Vehicle Travel,214,3,12.265
20,2,N/A,Hikkaduwa,Meal,66,2,3.696
54,8,Private Vehicle,Nuwara Eliya,Sightseeing,146,3,2.04
80,1,Walking,Yala,Walking,87,1,0.001
23,5,N/A,Kandy,Meal,51,4,8.491
71,1,Tuk-Tuk,Galle,Vehicle Travel,182,3,2.204
70,3,Private Vehicle,Yala,Other,146,4,0.807
76,1,N/A,Mirissa,Resting,53,4,0.034
44,5,Water,Arugam Bay,Surfing,138,2,0.603
34,10,Flight,Anuradhapura,Flight,167,4,113.785
50,1,N/A,Arugam Bay,Meal,44,2,1.183
26,9,Public Transport,Mirissa,Sightseeing,93,1,0.946
71,6,Flight,Negombo,Flight,242,5,133.225
59,5,Walking,Trincomalee,Walking,81,1,0.004
48,7,Walking,Kandy,Walking,55,3,0.004
50,3,Ferry,Colombo,Ferry,183,4,3.038
62,9,Flight,Bentota,Flight,228,3,104.383
50,10,Private Vehicle,Nuwara Eliya,Cultural / Temple Visit,129,3,2.052
70,10,Private Vehicle,Trincomalee,Cultural / Temple Visit,116,4,2.676
76,2,Flight,Negombo,Flight,367,4,42.162
77,7,Private Vehicle,Sigiriya,Vehicle Travel,315,4,28.642
57,1,Water,Arugam Bay,Surfing,181,5,0.185
64,5,Public Transport,Nuwara Eliya,Airport Transfer,118,2,4.254
37,1,Train,Arugam Bay,Vehicle Travel,67,3,0.548
20,2,Public Bus,Anuradhapura,Vehicle Travel,142,3,2.552
43,7,N/A,Colombo,Beach Leisure,198,1,0.984
72,13,Private Vehicle,Hikkaduwa,Private / Hired Vehicle,75,5,12.045
26,1,Public Transport,Bentota,Airport Transfer,60,4,0.531
52,6,Private Vehicle,Negombo,Spa / Ayurveda,152,2,5.58
30,7,Private Vehicle,Hikkaduwa,Vehicle Travel,73,3,6.816
45,15,Cruise,Ella,Cruise,200,3,72.075
27,8,Flight,Kalpitiya,Flight,266,4,157.248
64,1,Public Transport,Colombo,Airport Transfer,95,3,0.801
69,1,Public Transport,Jaffna,Sightseeing,124,5,0.224
65,7,Public Bus,Polonnaruwa,Vehicle Travel,84,2,5.751
62,2,Private Vehicle,Trincomalee,Private / Hired Vehicle,55,3,1.093
32,15,Water,Jaffna,Swimming / Snorkeling,92,5,1.545
51,14,Cruise,Arugam Bay,Cruise,147,5,60.944
24,16,Walking,Kandy,Walking,109,3,0.018
41,3,Flight,Hikkaduwa,Flight,406,3,79.716
49,9,Private Vehicle,Badulla,Private / Hired Vehicle,87,5,7.723
60,8,Walking,Dambulla,Other,96,4,0.393
24,1,N/A,Kandy,Resting,98,4,0.055
69,2,Private Vehicle,Nuwara Eliya,Private / Hired Vehicle,75,4,1.492
46,2,Private Vehicle,Polonnaruwa,Vehicle Travel,226,5,6.827
73,3,Ferry,Negombo,Ferry,58,4,0.972
51,16,N/A,Anuradhapura,Resting,133,2,1.244
52,12,Walking,Nuwara Eliya,Jogging,36,3,0.055
61,3,Walking,Arugam Bay,Walking,77,4,0.002
69,5,Public Transport,Colombo,Public Transport,61,3,0.375
27,2,Walking,Kandy,Other,28,3,0.03
50,2,Public Bus,Kandy,Vehicle Travel,110,4,2.573
19,1,Walking,Polonnaruwa,Other,52,3,0.027
47,7,Private Vehicle,Colombo,Shopping,55,5,2.263
69,8,Public Transport,Jaffna,Public Transport,129,3,1.207
72,12,Public Transport,Sigiriya,Shopping,118,4,6.627
35,13,Train,Dambulla,Vehicle Travel,90,4,10.493
42,1,Walking,Galle,Sightseeing,127,1,0.054
52,9,Walking,Haputale,Hiking,128,3,0.192
42,1,N/A,Kandy,Meal,73,1,2.226
29,3,Cruise,Polonnaruwa,Cruise,284,4,22.081
37,5,Walking,Galle,Other,69,4,0.199
43,1,Train,Colombo,Vehicle Travel,182,1,1.099
50,1,Bicycle,Colombo,Bicycle Ride,41,3,0.001
76,2,Ferry,Dambulla,Ferry,221,5,3.095
52,1,Bicycle,Bentota,Vehicle Travel,139,3,1.075
42,15,Private Vehicle,Yala,Private / Hired Vehicle,138,5,23.277
59,3,Walking,Polonnaruwa,Walking,45,2,0.002
66,5,Walking,Sigiriya,Jogging,28,1,0.017
45,20,N/A,Jaffna,Meal,67,4,45.893
48,6,N/A,Sigiriya,Meal,48,3,8.452
31,4,Private Vehicle,Kandy,Vehicle Travel,243,5,14.994
72,15,Walking,Badulla,Walking,83,4,0.017
72,2,Water,Anuradhapura,Surfing,202,4,0.469
29,2,Ferry,Polonnaruwa,Ferry,93,4,0.925
39,6,Private Vehicle,Yala,Medical / Hospital Visit,68,4,3.28
35,4,N/A,Kalpitiya,Resting,124,4,0.274
76,11,Private Vehicle,Ella,Vehicle Travel,171,4,29.397
22,1,N/A,Trincomalee,Resting,148,5,0.103
31,7,Bicycle,Anuradhapura,Vehicle Travel,123,4,6.973
37,9,Private Vehicle,Badulla,Private / Hired Vehicle,116,3,9.34
53,17,N/A,Bentota,Meal,56,3,30.878
33,1,Private Vehicle,Dambulla,Cultural / Temple Visit,71,3,0.11
51,2,Public Transport,Arugam Bay,Public Transport,90,3,0.207
65,15,Walking,Yala,Cultural / Temple Visit,52,3,0.414
70,7,Public Transport,Hikkaduwa,Airport Transfer,129,3,7.485
24,1,N/A,Mirissa,Meal,77,2,2.318
26,1,Flight,Arugam Bay,Flight,232,5,18.263
23,10,Private Vehicle,Kandy,Vehicle Travel,200,4,26.048
75,6,N/A,Kandy,Beach Leisure,184,3,0.975
59,6,Tuk-Tuk,Jaffna,Vehicle Travel,173,5,18.089
51,13,Flight,Kandy,Flight,493,5,441.618
67,2,N/A,Mirissa,Meal,72,5,4.566
54,1,Private Vehicle,Kalpitiya,Vehicle Travel,142,1,1.396
32,7,Private Vehicle,Dambulla,Private / Hired Vehicle,81,3,5.324
50,13,Walking,Hikkaduwa,Walking,147,3,0.021
62,2,Walking,Sigiriya,Vehicle Travel,89,4,0.759
20,8,Ferry,Hikkaduwa,Ferry,61,4,2.422
56,1,Private Vehicle,Ella,Vehicle Travel,250,4,3.338
49,2,Private Vehicle,Haputale,Sightseeing,110,4,0.357
22,14,Walking,Kandy,Hiking,71,5,0.205
34,1,Flight,Trincomalee,Flight,367,4,24.574
46,1,Bicycle,Arugam Bay,Vehicle Travel,86,5,0.81
39,10,Public Bus,Kandy,Vehicle Travel,59,5,7.673
36,3,Walking,Ella,Jogging,31,3,0.013
58,4,Private Vehicle,Negombo,Private / Hired Vehicle,111,5,5.1
43,11,Public Bus,Jaffna,Vehicle Travel,158,2,15.396
49,2,Tuk-Tuk,Ella,Vehicle Travel,45,2,0.977
68,7,Private Vehicle,Galle,Sightseeing,178,5,2.672
23,3,Public Transport,Hikkaduwa,Public Transport,66,3,0.214
40,1,Jeep,Hikkaduwa,Wildlife Safari,207,3,3.007
22,8,Cruise,Yala,Cruise,183,5,42.888
76,3,Boat,Colombo,Boat Ride,121,3,1.911
29,12,Walking,Colombo,Walking,42,3,0.006
69,14,Public Transport,Ella,Sightseeing,214,1,3.62
30,12,Flight,Kandy,Flight,133,4,123.911
38,3,N/A,Jaffna,Resting,161,2,0.21
56,2,Train,Anuradhapura,Vehicle Travel,162,1,2.516
70,13,Private Vehicle,Nuwara Eliya,Sightseeing,131,5,4.015
29,4,Private Vehicle,Jaffna,Vehicle Travel,178,3,9.2
31,9,Walking,Negombo,Hiking,253,4,0.418
73,11,Public Transport,Ella,Shopping,160,2,7.019
38,2,Ferry,Mirissa,Ferry,100,4,1.03
31,1,Flight,Galle,Flight,163,4,10.914
64,7,Public Bus,Jaffna,Vehicle Travel,89,3,7.12
23,6,Train,Anuradhapura,Vehicle Travel,73,3,3.724
72,2,Private Vehicle,Galle,Private / Hired Vehicle,134,3,2.688
73,6,Private Vehicle,Polonnaruwa,Vehicle Travel,287,2,21.333
71,10,Private Vehicle,Ella,Vehicle Travel,338,2,43.831
36,3,Private Vehicle,Dambulla,Vehicle Travel,255,3,8.916
25,2,Walking,Anuradhapura,Other,135,2,0.117
44,9,Ferry,Hikkaduwa,Ferry,107,3,4.447
39,10,Public Transport,Negombo,Shopping,206,2,7.768
78,16,N/A,Yala,Beach Leisure,132,5,2.294
57,1,N/A,Hikkaduwa,Resting,121,3,0.067
77,13,Train,Yala,Vehicle Travel,194,4,23.263
65,10,Private Vehicle,Mirissa,Medical / Hospital Visit,60,4,5.637
63,9,Public Bus,Nuwara Eliya,Vehicle Travel,136,3,15.018
25,3,Private Vehicle,Yala,Cultural / Temple Visit,105,3,0.45
22,1,Tuk-Tuk,Galle,Vehicle Travel,80,3,0.811
20,5,Private Vehicle,Yala,Private / Hired Vehicle,72,4,3.718
55,3,Public Transport,Colombo,Sightseeing,263,3,1.013
30,3,Walking,Yala,Walking,79,2,0.002
80,15,Public Bus,Kalpitiya,Vehicle Travel,108,5,24.182
26,1,Private Vehicle,Anuradhapura,Shopping,175,4,0.914
77,15,Private Vehicle,Arugam Bay,Spa / Ayurveda,105,1,8.982
60,5,Walking,Kalpitiya,Vehicle Travel,127,5,2.626
24,12,Jeep,Colombo,Wildlife Safari,277,2,46.964
21,3,N/A,Hikkaduwa,Resting,165,2,0.231
42,7,Walking,Trincomalee,Hiking,174,2,0.206
39,6,N/A,Bentota,Resting,65,5,0.236
37,14,Public Transport,Sigiriya,Spa / Ayurveda,117,3,9.215
51,2,Public Transport,Jaffna,Airport Transfer,51,4,0.899
26,2,Private Vehicle,Yala,Vehicle Travel,224,4,5.673
26,16,Bicycle,Anuradhapura,Vehicle Travel,88,4,9.328
61,1,Flight,Hikkaduwa,Flight,96,3,6.97
80,7,Boat,Anuradhapura,Boat Ride,50,2,1.672
35,1,Public Bus,Polonnaruwa,Vehicle Travel,297,4,3.522
76,1,Public Transport,Sigiriya,Spa / Ayurveda,166,3,1.037
39,6,Private Vehicle,Negombo,Other,118,4,1.43
39,6,Flight,Jaffna,Flight,169,1,47.119
23,6,Private Vehicle,Kalpitiya,Private / Hired Vehicle,30,4,1.822
44,5,Private Vehicle,Yala,Airport Transfer,106,4,5.665
49,9,Walking,Nuwara Eliya,Vehicle Travel,175,4,7.309
59,20,Private Vehicle,Anuradhapura,Shopping,42,3,4.548
27,2,Private Vehicle,Hikkaduwa,Private / Hired Vehicle,130,3,2.463
29,3,Walking,Yala,Walking,36,3,0.001
45,3,Ferry,Kalpitiya,Ferry,110,1,1.192
22,10,N/A,Ella,Meal,59,4,17.773
27,3,Cruise,Bentota,Cruise,214,1,12.195
57,8,Private Vehicle,Badulla,Vehicle Travel,107,1,10.027
78,4,Private Vehicle,Dambulla,Medical / Hospital Visit,63,1,2.018
54,7,Boat,Kandy,Boat Ride,134,2,4.56
27,11,Private Vehicle,Haputale,Vehicle Travel,283,4,44.03
80,5,Private Vehicle,Yala,Vehicle Travel,139,4,10.136
50,5,Walking,Mirissa,Shopping,143,3,1.218
63,2,Walking,Colombo,Sightseeing,136,3,0.129
30,5,Tuk-Tuk,Ella,Vehicle Travel,284,4,16.992
54,2,Train,Hikkaduwa,Vehicle Travel,195,4,3.565
22,12,Cruise,Sigiriya,Cruise,205,5,63.624
57,4,Private Vehicle,Galle,Vehicle Travel,74,5,4.26
30,1,Walking,Hikkaduwa,Shopping,58,5,0.101
75,2,Private Vehicle,Nuwara Eliya,Vehicle Travel,131,5,4.337
21,6,Water,Kalpitiya,Surfing,148,5,0.877
59,14,N/A,Ella,Meal,50,4,23.682
26,3,N/A,Colombo,Resting,109,4,0.183
61,2,Water,Anuradhapura,Swimming / Snorkeling,69,4,0.108
49,4,N/A,Bentota,Beach Leisure,201,2,0.662
78,17,Flight,Mirissa,Flight,247,3,265.227
59,12,Public Transport,Nuwara Eliya,Public Transport,86,5,1.299
41,1,Water,Badulla,Swimming / Snorkeling,80,4,0.076
23,7,Walking,Yala,Cultural / Temple Visit,90,1,0.269
55,10,Private Vehicle,Negombo,Vehicle Travel,265,3,34.507
45,10,Flight,Dambulla,Flight,195,2,123.402
21,5,Walking,Kalpitiya,Cultural / Temple Visit,103,3,0.243
54,9,Private Vehicle,Trincomalee,Vehicle Travel,87,4,10.185
31,6,Public Bus,Nuwara Eliya,Vehicle Travel,176,4,11.462
32,2,Jeep,Trincomalee,Wildlife Safari,313,3,9.646
18,1,N/A,Yala,Beach Leisure,182,1,0.157
41,3,Walking,Mirissa,Walking,54,3,0.002
31,1,Bicycle,Nuwara Eliya,Bicycle Ride,24,1,0.001
22,4,Private Vehicle,Trincomalee,Vehicle Travel,110,3,5.046
45,11,Private Vehicle,Badulla,Private / Hired Vehicle,50,4,5.166
31,12,Ferry,Hikkaduwa,Ferry,138,2,6.412
26,1,Private Vehicle,Badulla,Sightseeing,110,5,0.217
47,1,N/A,Galle,Beach Leisure,320,4,0.294
21,8,Walking,Hikkaduwa,Vehicle Travel,253,2,7.725
80,5,Train,Colombo,Vehicle Travel,87,3,4.001
47,1,Walking,Nuwara Eliya,Hiking,83,2,0.012
80,11,Public Transport,Polonnaruwa,Spa / Ayurveda,146,1,8.536
73,2,Private Vehicle,Galle,Vehicle Travel,86,5,2.751
79,1,Public Bus,Arugam Bay,Vehicle Travel,213,4,2.699
52,10,Private Vehicle,Kandy,Vehicle Travel,159,4,24.783
44,7,Walking,Sigiriya,Walking,123,4,0.01
63,4,Walking,Galle,Other,66,5,0.155
23,8,Private Vehicle,Arugam Bay,Spa / Ayurveda,174,5,11.099
70,14,Private Vehicle,Mirissa,Cultural / Temple Visit,127,1,2.719
38,1,Walking,Hikkaduwa,Walking,84,2,0.001
18,7,Cruise,Haputale,Cruise,222,3,35.051
32,2,Flight,Galle,Flight,273,3,29.459
33,5,Public Transport,Yala,Sightseeing,94,4,0.751
18,4,Train,Trincomalee,Vehicle Travel,170,3,5.321
60,4,Private Vehicle,Kandy,Shopping,94,4,2.097
23,2,Bicycle,Galle,Bicycle Ride,147,1,0.006
71,11,Water,Bentota,Surfing,84,4,0.807
46,4,Walking,Kalpitiya,Vehicle Travel,93,3,1.405
63,13,Train,Jaffna,Vehicle Travel,183,1,16.753
39,3,Public Transport,Jaffna,Public Transport,74,5,0.344
26,12,Train,Jaffna,Vehicle Travel,89,3,10.167
29,6,Private Vehicle,Polonnaruwa,Spa / Ayurveda,213,4,10.184
58,4,Private Vehicle,Trincomalee,Medical / Hospital Visit,75,5,3.205
63,9,Walking,Negombo,Jogging,32,1,0.033
34,10,Private Vehicle,Bentota,Private / Hired Vehicle,180,3,16.147
40,5,Private Vehicle,Polonnaruwa,Vehicle Travel,196,2,12.052
77,4,Train,Colombo,Vehicle Travel,251,2,10.065
71,6,Walking,Bentota,Jogging,38,5,0.034
44,6,Water,Sigiriya,Surfing,88,5,0.562
33,4,Walking,Galle,Walking,41,3,0.001
36,10,Bicycle,Trincomalee,Bicycle Ride,82,4,0.022
51,4,Public Bus,Kalpitiya,Vehicle Travel,158,5,7.782
53,4,Tuk-Tuk,Ella,Vehicle Travel,195,3,9.164
29,7,Public Bus,Kalpitiya,Vehicle Travel,46,1,2.837
22,19,Walking,Kalpitiya,Shopping,68,5,2.595
49,2,Private Vehicle,Kalpitiya,Other,174,4,0.578
68,2,Private Vehicle,Colombo,Private / Hired Vehicle,141,2,2.781
27,2,Flight,Badulla,Flight,107,3,15.058
43,8,N/A,Yala,Beach Leisure,230,2,1.425
28,4,Private Vehicle,Jaffna,Vehicle Travel,119,4,6.175
33,4,Bicycle,Bentota,Vehicle Travel,208,4,6.86
56,2,Private Vehicle,Trincomalee,Spa / Ayurveda,157,3,2.155
36,13,N/A,Jaffna,Resting,137,4,0.964
34,4,Walking,Dambulla,Hiking,55,3,0.037
80,7,Walking,Bentota,Hiking,148,4,0.222
28,1,Tuk-Tuk,Galle,Vehicle Travel,302,4,3.604
29,1,Private Vehicle,Jaffna,Private / Hired Vehicle,61,3,0.663
76,1,Private Vehicle,Dambulla,Vehicle Travel,171,3,2.225
52,3,Walking,Colombo,Jogging,48,2,0.019
20,5,N/A,Polonnaruwa,Resting,119,4,0.3
44,2,Public Transport,Polonnaruwa,Public Transport,105,4,0.248
53,3,Public Transport,Jaffna,Shopping,85,3,1.094
33,1,Walking,Haputale,Walking,85,5,0.001
52,3,N/A,Anuradhapura,Meal,58,5,6.415
58,1,Train,Galle,Vehicle Travel,270,2,2.018
33,1,Flight,Hikkaduwa,Flight,221,2,11.605
69,1,Private Vehicle,Mirissa,Private / Hired Vehicle,119,4,1.104
46,8,Public Transport,Haputale,Sightseeing,218,2,2.46
78,15,Private Vehicle,Nuwara Eliya,Airport Transfer,108,5,19.906
23,7,N/A,Ella,Meal,60,4,13.418
38,1,Public Transport,Hikkaduwa,Shopping,159,1,0.583
63,19,Walking,Bentota,Walking,51,3,0.01
74,18,Walking,Ella,Jogging,45,3,0.111
31,5,Boat,Hikkaduwa,Boat Ride,108,3,2.648
79,1,Walking,Ella,Hiking,61,3,0.01
30,9,Private Vehicle,Polonnaruwa,Shopping,52,5,2.587
44,16,Public Transport,Bentota,Sightseeing,222,4,5.484
37,10,Public Transport,Hikkaduwa,Shopping,123,5,6.081
44,7,N/A,Jaffna,Meal,61,2,12.709
74,7,Flight,Jaffna,Flight,308,3,131.636
64,18,Flight,Bentota,Flight,264,5,385.012
68,1,Private Vehicle,Kandy,Private / Hired Vehicle,144,3,1.368
34,1,Ferry,Mirissa,Ferry,160,3,0.709
77,11,Public Transport,Yala,Public Transport,123,5,2.061
45,1,N/A,Badulla,Meal,59,4,1.869
59,4,Private Vehicle,Kalpitiya,Vehicle Travel,175,5,11.734
61,3,Public Transport,Kandy,Airport Transfer,29,3,0.685
59,2,Private Vehicle,Anuradhapura,Medical / Hospital Visit,79,4,1.374
55,1,Cruise,Yala,Cruise,323,3,7.693
48,6,Walking,Anuradhapura,Hiking,252,3,0.237
58,4,Private Vehicle,Negombo,Private / Hired Vehicle,61,2,2.331
75,6,Ferry,Anuradhapura,Ferry,177,5,6.513
42,3,Public Transport,Ella,Public Transport,38,3,0.14
50,15,N/A,Anuradhapura,Resting,105,4,0.796
29,6,Tuk-Tuk,Dambulla,Vehicle Travel,238,5,20.924
40,16,Cruise,Yala,Cruise,210,4,90.889
66,3,Private Vehicle,Sigiriya,Cultural / Temple Visit,119,2,0.579
58,1,Tuk-Tuk,Dambulla,Vehicle Travel,136,4,1.889
31,10,Private Vehicle,Kandy,Sightseeing,178,3,3.041
52,11,Water,Arugam Bay,Swimming / Snorkeling,54,3,0.564
69,1,Walking,Galle,Vehicle Travel,228,1,0.721
25,7,Water,Mirissa,Surfing,129,4,0.783
21,8,N/A,Kalpitiya,Meal,60,4,15.848
42,1,Private Vehicle,Yala,Private / Hired Vehicle,142,5,1.619
59,6,Public Transport,Badulla,Cultural / Temple Visit,67,3,0.528
37,2,Cruise,Kalpitiya,Cruise,444,3,23.868
69,1,Public Transport,Negombo,Airport Transfer,54,2,0.487
71,12,N/A,Ella,Beach Leisure,179,5,2.377
51,5,Boat,Colombo,Boat Ride,51,5,1.335
41,10,Flight,Galle,Flight,215,5,155.518
20,9,Private Vehicle,Bentota,Vehicle Travel,68,3,7.808
69,20,Flight,Yala,Flight,78,2,109.189
74,4,Bicycle,Nuwara Eliya,Vehicle Travel,96,4,4.096
45,4,N/A,Badulla,Resting,159,3,0.317
50,3,Public Bus,Negombo,Vehicle Travel,181,3,5.379
65,7,Train,Hikkaduwa,Vehicle Travel,312,2,18.799
61,5,Private Vehicle,Hikkaduwa,Other,108,1,0.831
26,9,Water,Mirissa,Swimming / Snorkeling,53,3,0.37
60,3,Ferry,Kalpitiya,Ferry,159,5,2.572
76,1,Flight,Anuradhapura,Flight,289,4,20.886
65,12,N/A,Galle,Meal,68,4,28.033
48,11,Train,Sigiriya,Vehicle Travel,99,3,11.006
50,3,Bicycle,Nuwara Eliya,Bicycle Ride,119,4,0.009
34,8,Private Vehicle,Badulla,Cultural / Temple Visit,40,3,0.582
59,5,Private Vehicle,Jaffna,Vehicle Travel,145,1,7.927
33,10,Private Vehicle,Yala,Private / Hired Vehicle,100,3,8.988
39,4,Cruise,Colombo,Cruise,297,2,23.204
34,6,Private Vehicle,Negombo,Vehicle Travel,190,5,17.751
39,1,Private Vehicle,Mirissa,Vehicle Travel,119,5,1.851
41,2,Walking,Polonnaruwa,Jogging,17,3,0.005
23,10,Public Transport,Galle,Spa / Ayurveda,90,4,5.494
63,4,Walking,Hikkaduwa,Hiking,166,3,0.118
45,1,Walking,Anuradhapura,Walking,71,2,0.001
77,1,Tuk-Tuk,Nuwara Eliya,Vehicle Travel,97,4,1.253
29,4,Private Vehicle,Nuwara Eliya,Shopping,71,4,1.352
60,9,Walking,Sigiriya,Vehicle Travel,310,4,13.064
29,3,N/A,Negombo,Beach Leisure,222,2,0.533
52,9,Public Transport,Colombo,Sightseeing,54,4,0.783
48,12,Public Transport,Haputale,Sightseeing,102,1,1.477
46,3,Walking,Badulla,Vehicle Travel,157,2,1.73
59,11,N/A,Badulla,Resting,58,2,0.3
70,1,Private Vehicle,Polonnaruwa,Other,64,1,0.101
37,4,Tuk-Tuk,Bentota,Vehicle Travel,134,3,5.536
71,1,Private Vehicle,Yala,Shopping,68,3,0.361
29,1,Private Vehicle,Galle,Private / Hired Vehicle,103,4,1.08
36,1,N/A,Kalpitiya,Meal,54,3,1.731
37,1,Train,Dambulla,Vehicle Travel,277,2,2.327
78,12,Water,Ella,Surfing,140,5,2.047
25,6,Walking,Badulla,Walking,98,5,0.007
42,16,Walking,Colombo,Cultural / Temple Visit,116,2,0.827
44,6,Private Vehicle,Dambulla,Private / Hired Vehicle,121,3,7.903
68,7,Tuk-Tuk,Galle,Vehicle Travel,83,2,6.492
48,2,N/A,Negombo,Meal,62,5,4.8
78,6,Flight,Kalpitiya,Flight,254,3,97.321
64,4,N/A,Badulla,Resting,109,2,0.228
62,15,Private Vehicle,Ella,Vehicle Travel,241,4,53.296
65,15,Private Vehicle,Ella,Vehicle Travel,182,4,39.391
28,2,Private Vehicle,Kandy,Vehicle Travel,54,3,1.553
46,7,Private Vehicle,Polonnaruwa,Private / Hired Vehicle,161,3,10.92
54,7,Boat,Ella,Boat Ride,66,3,2.047
31,6,Private Vehicle,Anuradhapura,Private / Hired Vehicle,190,3,11.766
25,1,Private Vehicle,Yala,Spa / Ayurveda,210,3,1.197
26,7,Bicycle,Anuradhapura,Vehicle Travel,148,5,8.29
67,11,Tuk-Tuk,Arugam Bay,Vehicle Travel,100,4,15.348
59,3,Bicycle,Bentota,Bicycle Ride,72,4,0.006
35,5,Public Bus,Nuwara Eliya,Vehicle Travel,146,4,7.602
64,1,Walking,Anuradhapura,Walking,93,4,0.001
61,15,Tuk-Tuk,Polonnaruwa,Vehicle Travel,276,3,52.645
69,1,Private Vehicle,Galle,Airport Transfer,68,4,0.67
75,2,Private Vehicle,Badulla,Private / Hired Vehicle,87,2,1.625
73,3,Tuk-Tuk,Yala,Vehicle Travel,191,2,6.544
29,11,Bicycle,Sigiriya,Vehicle Travel,133,2,10.572
66,8,Public Transport,Yala,Airport Transfer,62,4,4.747
42,1,Private Vehicle,Haputale,Sightseeing,135,4,0.211
43,2,Walking,Polonnaruwa,Walking,62,3,0.001
58,10,Private Vehicle,Polonnaruwa,Private / Hired Vehicle,164,3,13.324
55,4,Private Vehicle,Nuwara Eliya,Private / Hired Vehicle,47,5,2.18
44,1,Walking,Kalpitiya,Hiking,150,2,0.02
80,17,Private Vehicle,Negombo,Other,109,3,3.419
29,1,Private Vehicle,Kandy,Vehicle Travel,138,4,1.979
24,5,Tuk-Tuk,Yala,Vehicle Travel,172,4,10.584
19,2,Private Vehicle,Polonnaruwa,Other,141,3,0.445
69,9,Bicycle,Trincomalee,Vehicle Travel,263,3,16.794
43,10,Flight,Jaffna,Flight,316,5,241.64
45,4,Public Bus,Anuradhapura,Vehicle Travel,55,3,2.149
58,8,Walking,Colombo,Other,60,5,0.315
45,14,Private Vehicle,Kalpitiya,Vehicle Travel,59,4,11.074
54,11,Public Transport,Dambulla,Sightseeing,182,5,3.994
21,4,Cruise,Sigiriya,Cruise,621,1,49.353
27,4,Bicycle,Nuwara Eliya,Vehicle Travel,169,3,5.388
76,13,Walking,Trincomalee,Jogging,43,3,0.073
46,1,Private Vehicle,Dambulla,Sightseeing,162,3,0.292
28,1,Walking,Kandy,Jogging,45,3,0.006
41,2,Private Vehicle,Mirissa,Vehicle Travel,186,3,4.405
39,11,Cruise,Polonnaruwa,Cruise,434,3,98.639
35,1,Walking,Arugam Bay,Walking,90,4,0.001
36,3,Private Vehicle,Kandy,Other,194,3,0.939
63,7,Public Bus,Colombo,Vehicle Travel,108,3,7.495
24,2,N/A,Ella,Meal,54,3,3.03
37,3,Private Vehicle,Kalpitiya,Vehicle Travel,242,4,9.171
47,5,Private Vehicle,Arugam Bay,Cultural / Temple Visit,45,1,0.343
52,2,Train,Galle,Vehicle Travel,126,4,2.481
73,20,Flight,Haputale,Flight,247,3,330.27
76,1,Walking,Polonnaruwa,Shopping,139,4,0.271
36,12,Train,Galle,Vehicle Travel,84,4,9.701
51,5,Walking,Hikkaduwa,Hiking,229,4,0.22
19,1,Walking,Bentota,Hiking,157,4,0.026
56,1,Flight,Kandy,Flight,331,5,22.899
27,5,N/A,Kandy,Meal,68,1,7.719
22,3,N/A,Trincomalee,Beach Leisure,283,3,0.666
60,2,Private Vehicle,Polonnaruwa,Spa / Ayurveda,107,5,1.844
29,16,Tuk-Tuk,Badulla,Vehicle Travel,111,5,27.07
48,5,Private Vehicle,Negombo,Vehicle Travel,112,4,7.939
24,15,Private Vehicle,Haputale,Vehicle Travel,100,3,18.223
64,1,Boat,Nuwara Eliya,Boat Ride,66,3,0.3
66,2,N/A,Galle,Meal,75,5,5.831
54,6,Walking,Galle,Other,152,4,0.538
70,2,Train,Ella,Vehicle Travel,152,3,2.998
45,2,N/A,Dambulla,Resting,90,2,0.082
29,1,Private Vehicle,Ella,Sightseeing,90,4,0.195
27,1,Private Vehicle,Yala,Private / Hired Vehicle,53,4,0.52
31,10,Walking,Dambulla,Walking,69,5,0.008
30,3,Boat,Haputale,Boat Ride,68,3,0.983
38,18,Private Vehicle,Ella,Spa / Ayurveda,141,3,18.251
31,2,Ferry,Ella,Ferry,140,3,1.255
55,3,N/A,Kandy,Beach Leisure,156,3,0.428
27,4,Flight,Galle,Flight,286,3,68.373
57,5,Private Vehicle,Anuradhapura,Shopping,105,1,2.407
39,13,Tuk-Tuk,Bentota,Vehicle Travel,159,3,23.641
61,12,Walking,Badulla,Walking,74,2,0.011
50,1,Private Vehicle,Yala,Vehicle Travel,90,5,1.555
75,4,Walking,Bentota,Hiking,192,3,0.135
45,11,Public Transport,Arugam Bay,Sightseeing,162,3,2.733
36,1,N/A,Negombo,Meal,42,4,1.197
55,6,Boat,Bentota,Boat Ride,57,2,1.509
59,2,Bicycle,Galle,Vehicle Travel,84,4,1.388
45,4,Walking,Yala,Vehicle Travel,38,5,0.699
53,4,Private Vehicle,Mirissa,Vehicle Travel,187,4,10.621
47,4,Private Vehicle,Bentota,Vehicle Travel,175,3,7.654
37,13,Bicycle,Jaffna,Vehicle Travel,264,5,30.504
37,6,Tuk-Tuk,Bentota,Vehicle Travel,211,5,17.446
75,14,Public Transport,Haputale,Sightseeing,152,5,4.266
60,9,Walking,Kalpitiya,Hiking,249,3,0.331
24,3,Public Transport,Negombo,Sightseeing,151,4,0.661
78,5,Private Vehicle,Polonnaruwa,Cultural / Temple Visit,123,4,1.141
62,4,Ferry,Galle,Ferry,209,3,4.057
21,11,N/A,Hikkaduwa,Meal,37,3,10.646
63,2,Walking,Yala,Walking,144,5,0.004
55,15,Private Vehicle,Dambulla,Private / Hired Vehicle,225,3,34.172
75,6,N/A,Colombo,Resting,217,5,1.044
48,7,Flight,Ella,Flight,308,5,159.884
50,5,Train,Nuwara Eliya,Vehicle Travel,144,3,6.866
37,6,N/A,Jaffna,Resting,103,2,0.266
38,8,N/A,Badulla,Meal,65,5,20.506
56,8,Private Vehicle,Kalpitiya,Medical / Hospital Visit,103,2,6.681
70,2,Public Transport,Arugam Bay,Sightseeing,136,4,0.45
74,6,Water,Colombo,Swimming / Snorkeling,63,1,0.318
66,3,Water,Kalpitiya,Swimming / Snorkeling,122,3,0.355
56,7,Private Vehicle,Jaffna,Vehicle Travel,153,3,12.728
49,6,Bicycle,Colombo,Vehicle Travel,207,3,9.4
39,2,Public Bus,Mirissa,Vehicle Travel,179,5,4.855
66,9,Private Vehicle,Kalpitiya,Private / Hired Vehicle,172,2,13.895
38,4,Private Vehicle,Kalpitiya,Private / Hired Vehicle,81,2,2.908
34,6,Train,Kalpitiya,Vehicle Travel,211,4,12.583
72,8,Public Transport,Badulla,Airport Transfer,90,5,8.179
55,7,Private Vehicle,Hikkaduwa,Vehicle Travel,97,3,9.206
40,10,Public Transport,Mirissa,Spa / Ayurveda,88,4,5.432
72,2,Private Vehicle,Galle,Spa / Ayurveda,105,1,1.077
78,1,N/A,Mirissa,Resting,125,5,0.087
38,8,N/A,Kalpitiya,Meal,48,4,12.385
50,2,N/A,Polonnaruwa,Meal,67,5,5.529
48,1,Train,Kalpitiya,Vehicle Travel,229,4,2.342
62,1,Public Bus,Ella,Vehicle Travel,59,5,0.717
77,3,Bicycle,Nuwara Eliya,Vehicle Travel,260,3,5.652
52,20,Private Vehicle,Kalpitiya,Private / Hired Vehicle,103,4,21.182
68,1,Private Vehicle,Haputale,Private / Hired Vehicle,122,4,1.349
55,3,Flight,Trincomalee,Flight,376,3,73.195
73,14,Water,Kalpitiya,Surfing,99,5,1.363
43,17,Private Vehicle,Hikkaduwa,Other,48,4,1.186
42,2,Flight,Nuwara Eliya,Flight,156,5,22.053
44,13,N/A,Trincomalee,Resting,52,3,0.277
80,1,Walking,Anuradhapura,Vehicle Travel,94,5,0.428
56,10,Private Vehicle,Dambulla,Medical / Hospital Visit,80,3,7.081
27,1,Walking,Bentota,Walking,96,5,0.001
20,4,Public Transport,Ella,Airport Transfer,111,1,2.365
50,2,Walking,Arugam Bay,Shopping,80,4,0.25
68,9,Bicycle,Arugam Bay,Vehicle Travel,137,2,9.565
48,1,Cruise,Kalpitiya,Cruise,131,4,3.319
53,5,Private Vehicle,Colombo,Private / Hired Vehicle,100,3,4.81
68,8,Public Bus,Kalpitiya,Vehicle Travel,76,5,8.064
50,1,Walking,Nuwara Eliya,Walking,171,5,0.002
75,14,N/A,Ella,Resting,130,3,1.078
58,3,Walking,Yala,Walking,55,5,0.003
64,1,Private Vehicle,Jaffna,Vehicle Travel,50,4,0.659
67,2,Bicycle,Haputale,Bicycle Ride,64,3,0.004
57,3,Public Transport,Trincomalee,Public Transport,87,3,0.361
21,2,Tuk-Tuk,Galle,Vehicle Travel,47,2,1.11
44,5,Train,Arugam Bay,Vehicle Travel,80,1,2.833
26,7,N/A,Haputale,Meal,58,4,12.503
50,4,Walking,Negombo,Walking,84,4,0.003
27,4,Cruise,Nuwara Eliya,Cruise,385,3,34.228
50,10,Train,Mirissa,Vehicle Travel,322,5,33.537
39,3,Public Transport,Negombo,Spa / Ayurveda,92,1,1.389
19,7,Walking,Sigiriya,Other,61,5,0.237
25,13,Walking,Trincomalee,Walking,98,5,0.016
49,2,Walking,Bentota,Sightseeing,79,4,0.091
22,7,Private Vehicle,Ella,Cultural / Temple Visit,141,4,1.742
71,16,Walking,Kalpitiya,Other,69,2,0.6
65,5,Private Vehicle,Bentota,Vehicle Travel,268,5,20.669
62,18,Walking,Bentota,Hiking,229,4,0.736
28,3,Water,Galle,Surfing,188,5,0.514
68,6,Private Vehicle,Yala,Shopping,132,3,3.958
57,3,Public Transport,Mirissa,Public Transport,30,4,0.126
42,1,N/A,Badulla,Meal,79,3,1.995
18,20,N/A,Dambulla,Resting,150,4,1.749
51,2,Public Transport,Kalpitiya,Public Transport,122,4,0.306
68,18,Private Vehicle,Badulla,Other,78,2,1.985
20,7,Flight,Hikkaduwa,Flight,418,2,165.874
21,14,Private Vehicle,Kalpitiya,Vehicle Travel,247,1,38.51
42,17,Train,Bentota,Vehicle Travel,102,2,17.14
50,6,Public Transport,Negombo,Cultural / Temple Visit,49,3,0.493
47,20,Walking,Mirissa,Walking,80,1,0.013
44,10,Walking,Arugam Bay,Jogging,51,3,0.069
34,5,Walking,Mirissa,Vehicle Travel,225,4,4.43
21,8,N/A,Negombo,Meal,61,4,14.678
19,2,Public Transport,Yala,Shopping,190,3,1.745
24,1,Private Vehicle,Polonnaruwa,Private / Hired Vehicle,172,2,1.525
61,2,Walking,Colombo,Walking,109,4,0.003
67,4,Private Vehicle,Bentota,Shopping,90,3,1.658
45,2,Public Transport,Anuradhapura,Spa / Ayurveda,116,3,1.237
22,5,Flight,Polonnaruwa,Flight,472,3,135.504
44,8,Bicycle,Trincomalee,Vehicle Travel,98,5,7.526
80,8,Walking,Haputale,Other,66,3,0.305
33,13,Private Vehicle,Badulla,Private / Hired Vehicle,208,5,34.438
48,17,Private Vehicle,Arugam Bay,Shopping,107,3,8.629
51,13,N/A,Negombo,Beach Leisure,183,2,2.217
38,7,N/A,Nuwara Eliya,Resting,219,2,0.717
45,2,Public Transport,Galle,Cultural / Temple Visit,173,4,0.553
47,15,Private Vehicle,Arugam Bay,Spa / Ayurveda,208,4,23.21
47,2,Flight,Bentota,Flight,209,4,29.724
63,1,Private Vehicle,Negombo,Sightseeing,252,5,0.571
54,3,Bicycle,Trincomalee,Vehicle Travel,104,4,2.865
21,6,Public Bus,Galle,Vehicle Travel,254,2,14.053
18,8,N/A,Arugam Bay,Resting,119,4,0.527
43,1,Private Vehicle,Yala,Private / Hired Vehicle,107,2,0.878
75,10,Ferry,Colombo,Ferry,87,4,5.148
20,2,Walking,Trincomalee,Walking,76,5,0.002
22,3,Cruise,Haputale,Cruise,318,3,20.835
60,3,Private Vehicle,Kalpitiya,Private / Hired Vehicle,59,3,1.534
46,3,Cruise,Haputale,Cruise,348,4,27.683
32,10,Public Transport,Kalpitiya,Shopping,112,2,4.995
31,1,Private Vehicle,Haputale,Medical / Hospital Visit,73,3,0.686
59,2,Walking,Kandy,Jogging,44,4,0.011
50,1,N/A,Yala,Meal,65,3,2.069
58,10,Private Vehicle,Trincomalee,Other,51,1,0.804
35,19,Bicycle,Polonnaruwa,Bicycle Ride,104,4,0.06
51,8,Water,Anuradhapura,Surfing,103,3,0.736
72,6,Public Transport,Negombo,Airport Transfer,166,3,8.112
37,14,Private Vehicle,Dambulla,Vehicle Travel,310,5,69.921
42,2,Walking,Trincomalee,Vehicle Travel,161,2,0.914
28,1,Tuk-Tuk,Nuwara Eliya,Vehicle Travel,123,2,1.198
58,5,N/A,Kandy,Meal,76,5,12.972
20,2,Public Transport,Yala,Sightseeing,128,2,0.326
33,4,Cruise,Ella,Cruise,318,5,31.744
62,4,Flight,Mirissa,Flight,462,4,126.586
19,3,Walking,Nuwara Eliya,Vehicle Travel,70,4,0.82
80,5,Public Transport,Kalpitiya,Cultural / Temple Visit,59,3,0.446
43,4,Private Vehicle,Kalpitiya,Vehicle Travel,166,3,8.538
43,1,Flight,Polonnaruwa,Flight,146,5,10.077
51,12,Walking,Hikkaduwa,Walking,113,1,0.011
58,9,Public Bus,Galle,Vehicle Travel,217,4,22.084
46,1,Flight,Badulla,Flight,135,5,8.87
73,1,Bicycle,Kandy,Bicycle Ride,51,4,0.002
78,1,Walking,Jaffna,Hiking,174,1,0.025
30,1,Private Vehicle,Polonnaruwa,Private / Hired Vehicle,62,4,0.663
62,1,Public Bus,Kandy,Vehicle Travel,206,4,2.115
36,1,Public Transport,Arugam Bay,Airport Transfer,89,1,0.583
80,12,N/A,Arugam Bay,Beach Leisure,172,5,2.514
33,11,Walking,Ella,Vehicle Travel,234,2,7.817
36,10,Bicycle,Galle,Vehicle Travel,164,5,14.878
62,7,Flight,Haputale,Flight,310,1,105.64
67,9,Flight,Haputale,Flight,384,3,219.707
26,9,Public Transport,Kandy,Public Transport,31,4,0.325
53,13,Public Transport,Sigiriya,Public Transport,71,2,1.06
39,9,Public Transport,Anuradhapura,Sightseeing,206,2,2.456
56,9,Public Transport,Ella,Spa / Ayurveda,136,1,5.516
53,11,Water,Kandy,Swimming / Snorkeling,54,5,0.702
80,6,Train,Trincomalee,Vehicle Travel,346,1,16.899
76,2,Private Vehicle,Yala,Airport Transfer,30,4,0.706
59,1,Private Vehicle,Polonnaruwa,Vehicle Travel,85,4,1.106
60,4,Walking,Sigiriya,Vehicle Travel,71,4,1.179
74,1,Train,Trincomalee,Vehicle Travel,118,3,1.19
29,2,Public Bus,Bentota,Vehicle Travel,45,3,0.838
63,1,Private Vehicle,Colombo,Private / Hired Vehicle,204,5,2.408
66,3,Flight,Negombo,Flight,215,4,46.378
26,17,Public Bus,Negombo,Vehicle Travel,249,5,41.461
73,4,Jeep,Hikkaduwa,Wildlife Safari,317,4,23.881
62,2,Flight,Colombo,Flight,61,5,9.382
39,4,Public Transport,Hikkaduwa,Public Transport,61,5,0.336
48,3,Ferry,Mirissa,Ferry,91,3,1.247
48,8,Tuk-Tuk,Yala,Vehicle Travel,120,5,12.003
75,7,Walking,Mirissa,Jogging,36,1,0.027
79,1,Private Vehicle,Galle,Vehicle Travel,90,2,1.103
68,5,Private Vehicle,Nuwara Eliya,Private / Hired Vehicle,166,3,8.504
59,1,Boat,Galle,Boat Ride,61,3,0.269
24,8,Train,Yala,Vehicle Travel,156,3,10.906
75,15,N/A,Kalpitiya,Resting,68,4,0.616
26,14,Bicycle,Colombo,Bicycle Ride,157,4,0.058
28,2,Train,Yala,Vehicle Travel,86,5,1.959
22,9,N/A,Sigiriya,Beach Leisure,186,3,1.353
77,10,N/A,Haputale,Resting,131,3,0.678
49,12,Public Bus,Mirissa,Vehicle Travel,243,4,35.53
32,2,Private Vehicle,Nuwara Eliya,Airport Transfer,103,4,2.1
23,4,Walking,Sigiriya,Walking,38,5,0.001
43,2,Water,Jaffna,Surfing,61,3,0.081
63,1,Bicycle,Colombo,Bicycle Ride,64,1,0.002
80,8,Walking,Kandy,Vehicle Travel,246,5,9.78
52,4,Bicycle,Hikkaduwa,Vehicle Travel,204,1,5.251
56,2,Cruise,Polonnaruwa,Cruise,553,4,24.282
70,12,Cruise,Negombo,Cruise,394,3,116.432
74,5,Boat,Ella,Boat Ride,73,3,1.585
35,20,Walking,Kalpitiya,Hiking,173,5,0.617
80,10,Walking,Nuwara Eliya,Walking,132,3,0.014
50,13,Cruise,Kalpitiya,Cruise,337,2,97.516
76,10,Private Vehicle,Sigiriya,Private / Hired Vehicle,91,4,10.082
25,1,Tuk-Tuk,Arugam Bay,Vehicle Travel,235,1,2.291
24,1,Walking,Badulla,Hiking,293,3,0.044
73,14,Public Transport,Yala,Sightseeing,120,4,2.841
60,1,Water,Hikkaduwa,Swimming / Snorkeling,64,3,0.048
29,4,Cruise,Jaffna,Cruise,472,4,48.039
74,7,Private Vehicle,Kandy,Vehicle Travel,106,3,10.062
24,2,Private Vehicle,Dambulla,Shopping,109,3,1.083
60,2,Walking,Anuradhapura,Hiking,217,3,0.076
30,5,Public Transport,Arugam Bay,Spa / Ayurveda,191,5,6.463
22,3,Private Vehicle,Bentota,Private / Hired Vehicle,99,1,2.069
68,8,Public Bus,Badulla,Vehicle Travel,223,5,22.968
71,1,N/A,Jaffna,Meal,51,3,1.5
24,5,Boat,Mirissa,Boat Ride,104,3,1.972
23,2,Train,Trincomalee,Vehicle Travel,321,4,5.968
56,7,Boat,Bentota,Boat Ride,67,3,2.404
19,1,Private Vehicle,Jaffna,Private / Hired Vehicle,132,4,1.292
65,2,Public Transport,Dambulla,Spa / Ayurveda,178,5,2.835
75,11,Walking,Kandy,Shopping,197,5,4.529
65,2,Private Vehicle,Ella,Other,66,4,0.305
32,9,Public Bus,Ella,Vehicle Travel,305,4,30.979
29,2,Cruise,Haputale,Cruise,173,3,8.107
60,2,Train,Jaffna,Vehicle Travel,333,4,6.711
21,3,Bicycle,Bentota,Vehicle Travel,151,2,3.267
51,13,Tuk-Tuk,Ella,Vehicle Travel,116,1,14.427
46,4,Private Vehicle,Hikkaduwa,Private / Hired Vehicle,39,4,1.542
64,2,N/A,Trincomalee,Other,44,2,0.153
30,6,Public Transport,Mirissa,Shopping,195,4,5.193
66,4,Private Vehicle,Negombo,Vehicle Travel,231,2,9.813
62,10,Walking,Kandy,Vehicle Travel,52,1,1.548
33,19,Flight,Hikkaduwa,Flight,147,4,215.144
40,5,Public Transport,Negombo,Sightseeing,97,4,0.744
22,4,Public Transport,Sigiriya,Public Transport,36,5,0.211
46,3,Public Bus,Bentota,Vehicle Travel,134,3,3.84
34,18,Private Vehicle,Jaffna,Vehicle Travel,118,2,26.747
25,5,N/A,Anuradhapura,Other,119,1,0.87
53,2,Private Vehicle,Haputale,Vehicle Travel,234,3,6.956
53,17,Private Vehicle,Kandy,Airport Transfer,99,2,16.783
23,16,Walking,Ella,Shopping,211,4,5.898
29,4,Walking,Polonnaruwa,Walking,107,1,0.003
23,3,Water,Hikkaduwa,Swimming / Snorkeling,72,5,0.199
60,8,Private Vehicle,Kalpitiya,Shopping,75,4,3.426
39,11,Private Vehicle,Colombo,Vehicle Travel,278,4,42.024
22,5,N/A,Galle,Resting,147,2,0.338
30,3,Flight,Polonnaruwa,Flight,380,2,70.791
79,3,Walking,Polonnaruwa,Walking,72,3,0.002
34,3,Water,Polonnaruwa,Surfing,155,4,0.426
61,1,Flight,Kalpitiya,Flight,193,4,15.504
47,10,N/A,Nuwara Eliya,Meal,49,3,14.546
29,1,Public Transport,Kandy,Spa / Ayurveda,78,3,0.394
37,4,Bicycle,Sigiriya,Bicycle Ride,162,5,0.021
18,12,Tuk-Tuk,Badulla,Vehicle Travel,114,3,15.491
65,4,Private Vehicle,Trincomalee,Medical / Hospital Visit,49,2,1.609
39,3,Private Vehicle,Colombo,Vehicle Travel,187,3,6.463
49,16,Private Vehicle,Negombo,Vehicle Travel,249,3,55.796
27,1,Train,Polonnaruwa,Vehicle Travel,119,3,1.17
69,13,N/A,Galle,Resting,145,4,1.048
31,1,Walking,Jaffna,Vehicle Travel,82,4,0.343
53,4,Tuk-Tuk,Negombo,Vehicle Travel,210,4,11.036
72,7,Bicycle,Badulla,Vehicle Travel,219,2,9.994
62,3,N/A,Mirissa,Meal,53,1,4.081
56,6,Public Transport,Bentota,Cultural / Temple Visit,142,4,1.191
73,2,Public Transport,Haputale,Cultural / Temple Visit,34,2,0.098
29,6,N/A,Anuradhapura,Resting,148,3,0.524
78,1,Private Vehicle,Mirissa,Other,45,3,0.072
53,11,Cruise,Polonnaruwa,Cruise,213,4,71.513
43,6,Bicycle,Trincomalee,Vehicle Travel,105,2,5.157
34,5,Flight,Negombo,Flight,246,5,92.808
64,1,N/A,Polonnaruwa,Meal,50,3,1.584
79,5,Ferry,Mirissa,Ferry,83,5,2.544
61,6,Public Bus,Yala,Vehicle Travel,16,3,0.964
20,2,Private Vehicle,Mirissa,Airport Transfer,122,4,2.5
47,8,Private Vehicle,Yala,Vehicle Travel,122,3,11.601
64,1,Walking,Hikkaduwa,Shopping,197,5,0.396
43,2,Bicycle,Kandy,Vehicle Travel,124,3,1.877
66,9,Private Vehicle,Colombo,Shopping,131,5,6.986
62,1,Bicycle,Arugam Bay,Bicycle Ride,170,4,0.005
22,2,Cruise,Galle,Cruise,381,4,20.668
53,7,Tuk-Tuk,Negombo,Vehicle Travel,86,3,7.57
28,9,Walking,Ella,Vehicle Travel,120,3,3.856
48,1,Public Transport,Arugam Bay,Public Transport,85,5,0.131
42,1,Public Bus,Ella,Vehicle Travel,36,5,0.517
68,4,Private Vehicle,Haputale,Vehicle Travel,213,2,10.703
72,6,N/A,Polonnaruwa,Meal,81,2,14.391
47,4,Public Transport,Colombo,Shopping,137,2,2.389
51,7,Private Vehicle,Anuradhapura,Vehicle Travel,290,2,20.362
57,10,Private Vehicle,Haputale,Spa / Ayurveda,129,3,7.997
59,16,Train,Arugam Bay,Vehicle Travel,175,5,29.645
58,3,Walking,Polonnaruwa,Walking,93,2,0.003
67,1,Flight,Kandy,Flight,276,5,22.367
79,2,Private Vehicle,Yala,Other,102,5,0.461
70,1,Public Transport,Kalpitiya,Sightseeing,247,3,0.333
26,4,Private Vehicle,Ella,Private / Hired Vehicle,118,3,4.726
48,13,Water,Colombo,Swimming / Snorkeling,70,4,0.879
47,3,Private Vehicle,Negombo,Private / Hired Vehicle,99,2,2.661
50,1,Walking,Kandy,Hiking,115,4,0.02
51,5,Cruise,Bentota,Cruise,238,4,29.91
63,20,Public Transport,Polonnaruwa,Shopping,155,2,12.965
44,2,Train,Kalpitiya,Vehicle Travel,176,5,3.459
34,10,Public Transport,Galle,Sightseeing,239,3,2.789
46,11,Private Vehicle,Arugam Bay,Vehicle Travel,265,2,34.361
71,4,Public Transport,Dambulla,Sightseeing,191,5,1.611
37,7,Public Bus,Anuradhapura,Vehicle Travel,138,2,8.707
19,4,Walking,Anuradhapura,Hiking,93,1,0.042
79,2,Cruise,Trincomalee,Cruise,149,3,7.891
30,4,N/A,Dambulla,Meal,44,3,4.866
55,1,Private Vehicle,Colombo,Medical / Hospital Visit,50,3,0.448
68,9,Public Transport,Kandy,Public Transport,90,4,1.133
35,11,Walking,Galle,Walking,34,3,0.004
39,3,Private Vehicle,Bentota,Sightseeing,238,4,1.363
35,6,Cruise,Sigiriya,Cruise,292,1,34.581
27,2,Water,Arugam Bay,Surfing,116,3,0.163
27,1,Jeep,Bentota,Wildlife Safari,359,5,6.714
29,8,N/A,Mirissa,Meal,71,4,16.771
46,1,Private Vehicle,Bentota,Shopping,143,4,0.707
51,10,Private Vehicle,Polonnaruwa,Other,62,3,0.994
19,2,Public Transport,Bentota,Shopping,174,3,1.558
71,11,N/A,Nuwara Eliya,Other,65,5,1.56
60,3,Cruise,Kalpitiya,Cruise,457,5,34.827
22,3,Walking,Hikkaduwa,Vehicle Travel,88,4,0.982
71,10,Private Vehicle,Colombo,Shopping,106,3,5.688
19,5,N/A,Ella,Meal,64,1,7.818
53,2,N/A,Colombo,Beach Leisure,157,2,0.251
47,12,Water,Dambulla,Surfing,95,1,0.877
49,3,Ferry,Mirissa,Ferry,150,3,2.25
78,1,Bicycle,Haputale,Vehicle Travel,234,1,1.531
76,4,Private Vehicle,Bentota,Vehicle Travel,77,3,3.901
35,6,Private Vehicle,Colombo,Sightseeing,143,4,1.548
54,7,N/A,Arugam Bay,Other,137,4,1.521
78,12,Public Transport,Kandy,Public Transport,110,4,1.829
63,6,N/A,Galle,Beach Leisure,102,3,0.484
73,2,Walking,Dambulla,Jogging,29,4,0.009
45,2,Public Bus,Anuradhapura,Vehicle Travel,116,5,2.467
35,1,Walking,Kalpitiya,Shopping,117,3,0.181
50,9,N/A,Trincomalee,Meal,56,5,15.308
69,1,Walking,Mirissa,Vehicle Travel,89,3,0.335
76,7,Public Transport,Polonnaruwa,Public Transport,38,4,0.37
61,6,N/A,Arugam Bay,Resting,97,3,0.329
62,10,Bicycle,Bentota,Bicycle Ride,144,4,0.045
50,1,Walking,Dambulla,Hiking,152,5,0.03
38,2,Public Transport,Polonnaruwa,Sightseeing,126,3,0.382
44,14,N/A,Sigiriya,Meal,64,4,30.883
49,6,Private Vehicle,Polonnaruwa,Vehicle Travel,62,5,5.512
69,4,Cruise,Badulla,Cruise,184,4,19.51
52,10,Private Vehicle,Ella,Vehicle Travel,276,1,31.627
67,14,Cruise,Polonnaruwa,Cruise,121,1,38.78
19,2,Public Transport,Kandy,Public Transport,26,5,0.071
65,14,Jeep,Kalpitiya,Wildlife Safari,231,4,57.646
49,1,Tuk-Tuk,Kalpitiya,Vehicle Travel,31,5,0.413
80,18,Private Vehicle,Kalpitiya,Vehicle Travel,107,3,24.207
47,1,Train,Bentota,Vehicle Travel,158,4,1.596
48,2,Private Vehicle,Haputale,Sightseeing,78,5,0.354
26,1,N/A,Jaffna,Beach Leisure,246,5,0.259
68,11,Tuk-Tuk,Kandy,Vehicle Travel,116,4,16.606
62,19,N/A,Polonnaruwa,Meal,52,2,32.747
72,3,Private Vehicle,Haputale,Vehicle Travel,234,4,10.248
23,3,Private Vehicle,Bentota,Private / Hired Vehicle,194,4,6.511
31,2,Public Transport,Nuwara Eliya,Public Transport,73,3,0.151
73,1,Public Transport,Jaffna,Sightseeing,112,2,0.165
20,10,Private Vehicle,Anuradhapura,Sightseeing,176,5,3.295
50,1,Tuk-Tuk,Mirissa,Vehicle Travel,185,2,1.867
43,17,N/A,Anuradhapura,Beach Leisure,218,3,2.933
77,15,N/A,Nuwara Eliya,Meal,70,4,36.171
71,1,Private Vehicle,Nuwara Eliya,Vehicle Travel,218,5,3.397
74,5,Public Bus,Hikkaduwa,Vehicle Travel,98,4,4.799
36,20,Bicycle,Yala,Bicycle Ride,57,3,0.028
55,12,Bicycle,Colombo,Bicycle Ride,108,1,0.027
62,9,Public Bus,Trincomalee,Vehicle Travel,218,3,17.608
78,1,Tuk-Tuk,Dambulla,Vehicle Travel,74,3,0.927
18,1,Private Vehicle,Galle,Private / Hired Vehicle,185,5,2.179
79,10,Flight,Nuwara Eliya,Flight,321,3,226.759
40,4,Private Vehicle,Anuradhapura,Private / Hired Vehicle,45,2,1.799
26,8,N/A,Haputale,Meal,55,5,14.048
56,9,Private Vehicle,Bentota,Cultural / Temple Visit,54,1,0.654
67,4,Public Transport,Polonnaruwa,Shopping,156,1,2.392
26,1,Walking,Hikkaduwa,Jogging,30,3,0.004
20,4,Private Vehicle,Badulla,Sightseeing,92,1,0.527
74,13,Walking,Jaffna,Sightseeing,167,2,1.186
76,3,Private Vehicle,Bentota,Private / Hired Vehicle,79,5,2.809
27,1,Jeep,Negombo,Wildlife Safari,370,5,7.819
74,16,Water,Kandy,Swimming / Snorkeling,110,4,1.632
75,8,Private Vehicle,Dambulla,Private / Hired Vehicle,95,4,7.941
80,6,Walking,Nuwara Eliya,Walking,29,1,0.001
31,11,Public Transport,Hikkaduwa,Spa / Ayurveda,141,5,8.364
54,4,Walking,Jaffna,Vehicle Travel,136,3,1.803
80,19,Water,Nuwara Eliya,Surfing,66,2,1.16
74,12,Train,Arugam Bay,Vehicle Travel,319,3,38.9
56,3,Flight,Trincomalee,Flight,74,4,14.133
30,3,Private Vehicle,Dambulla,Shopping,65,1,0.891
23,2,Bicycle,Arugam Bay,Vehicle Travel,26,3,0.311
34,8,Flight,Kandy,Flight,153,3,69.485
22,7,Bicycle,Kandy,Vehicle Travel,279,3,13.959
30,5,Bicycle,Hikkaduwa,Bicycle Ride,56,1,0.006
22,17,Private Vehicle,Kalpitiya,Private / Hired Vehicle,78,4,15.303
66,5,Boat,Yala,Boat Ride,30,2,0.641
55,10,Public Transport,Kandy,Airport Transfer,40,4,3.546
50,8,Private Vehicle,Ella,Vehicle Travel,104,3,11.488
69,5,Cruise,Badulla,Cruise,495,3,72.625
43,1,Public Transport,Negombo,Public Transport,107,4,0.148
43,8,Private Vehicle,Colombo,Shopping,77,4,3.109
31,7,Private Vehicle,Sigiriya,Shopping,120,1,3.82
46,1,N/A,Negombo,Resting,93,4,0.05
28,11,Water,Mirissa,Swimming / Snorkeling,41,5,0.51
55,5,N/A,Sigiriya,Other,62,2,0.536
80,3,Walking,Hikkaduwa,Sightseeing,282,4,0.466
51,11,Bicycle,Haputale,Bicycle Ride,116,3,0.036
36,3,Public Transport,Haputale,Cultural / Temple Visit,80,5,0.433
61,7,Private Vehicle,Polonnaruwa,Spa / Ayurveda,145,3,7.345
69,7,Public Bus,Anuradhapura,Vehicle Travel,309,5,27.968
47,1,Flight,Colombo,Flight,163,4,10.885
33,4,Private Vehicle,Anuradhapura,Vehicle Travel,230,4,13.142
62,2,Public Transport,Colombo,Shopping,104,3,1.096
29,2,Walking,Jaffna,Hiking,213,4,0.081
80,8,Private Vehicle,Mirissa,Sightseeing,182,2,2.476
38,1,Water,Bentota,Swimming / Snorkeling,77,3,0.054
40,17,Public Transport,Galle,Public Transport,96,3,1.786
63,4,Private Vehicle,Trincomalee,Private / Hired Vehicle,164,4,7.067
18,3,Public Bus,Colombo,Vehicle Travel,217,4,7.251
30,14,Flight,Sigiriya,Flight,109,5,123.474
25,5,Private Vehicle,Badulla,Private / Hired Vehicle,36,3,1.746
42,7,Private Vehicle,Haputale,Private / Hired Vehicle,53,5,4.456
52,8,Flight,Mirissa,Flight,454,5,269.127
29,13,N/A,Anuradhapura,Resting,89,5,0.676
39,1,Tuk-Tuk,Colombo,Vehicle Travel,169,4,1.906
66,1,N/A,Hikkaduwa,Meal,56,3,1.745
77,20,Flight,Arugam Bay,Flight,279,5,488.206
18,1,Bicycle,Negombo,Bicycle Ride,127,4,0.004
57,9,Walking,Ella,Walking,118,4,0.01
19,7,Flight,Polonnaruwa,Flight,225,2,96.065
50,6,Walking,Polonnaruwa,Sightseeing,158,2,0.425
73,10,Cruise,Yala,Cruise,243,3,63.764
68,20,Private Vehicle,Colombo,Private / Hired Vehicle,44,4,8.665
32,1,Flight,Arugam Bay,Flight,103,3,6.748
34,7,Walking,Anuradhapura,Walking,60,5,0.005
67,9,Private Vehicle,Dambulla,Other,79,1,1.018
69,3,Bicycle,Nuwara Eliya,Vehicle Travel,209,2,5.027
35,13,Train,Colombo,Vehicle Travel,235,3,25.296
18,4,Public Transport,Badulla,Sightseeing,86,2,0.498
46,1,N/A,Nuwara Eliya,Meal,47,3,1.463
57,12,Walking,Kandy,Vehicle Travel,77,4,3.904
45,15,Public Transport,Kalpitiya,Airport Transfer,68,5,9.531
76,1,N/A,Negombo,Meal,69,2,2.247
69,10,Private Vehicle,Sigiriya,Sightseeing,115,3,2.183
67,2,Bicycle,Arugam Bay,Vehicle Travel,84,4,1.652
19,1,Public Bus,Hikkaduwa,Vehicle Travel,125,3,1.065
71,2,Cruise,Polonnaruwa,Cruise,686,4,36.805
65,12,Tuk-Tuk,Anuradhapura,Vehicle Travel,210,4,31.533
43,1,Private Vehicle,Nuwara Eliya,Vehicle Travel,93,5,1.485
55,1,Boat,Colombo,Boat Ride,80,1,0.288
69,9,N/A,Kalpitiya,Meal,42,5,13.244
75,4,Private Vehicle,Polonnaruwa,Vehicle Travel,173,5,11.32
52,1,Public Transport,Badulla,Airport Transfer,63,1,0.367
20,2,Private Vehicle,Negombo,Airport Transfer,63,3,0.969
56,11,Flight,Nuwara Eliya,Flight,223,3,156.697
60,7,Flight,Nuwara Eliya,Flight,361,3,199.035
21,10,Boat,Nuwara Eliya,Boat Ride,58,5,3.142
69,1,Public Transport,Arugam Bay,Public Transport,76,2,0.085
30,5,Walking,Badulla,Walking,78,3,0.004
74,11,Ferry,Hikkaduwa,Ferry,105,1,5.232
52,2,Walking,Yala,Vehicle Travel,351,4,2.934
38,2,Public Transport,Negombo,Cultural / Temple Visit,107,5,0.352
21,4,Public Bus,Polonnaruwa,Vehicle Travel,119,4,4.533
19,3,Bicycle,Yala,Bicycle Ride,94,4,0.008
64,2,Private Vehicle,Polonnaruwa,Airport Transfer,56,1,0.889
41,16,Private Vehicle,Colombo,Vehicle Travel,245,4,56.05
70,5,Private Vehicle,Bentota,Sightseeing,39,3,0.377
32,7,Jeep,Ella,Wildlife Safari,217,3,23.707
75,1,Water,Ella,Swimming / Snorkeling,100,4,0.087
77,7,Walking,Nuwara Eliya,Other,30,5,0.136
24,6,Private Vehicle,Anuradhapura,Sightseeing,190,4,2.064
58,15,Private Vehicle,Negombo,Vehicle Travel,83,4,18.429
77,4,Walking,Jaffna,Walking,163,3,0.007
38,10,N/A,Yala,Meal,56,1,13.081
22,3,Public Transport,Arugam Bay,Sightseeing,150,4,0.68
73,6,Private Vehicle,Ella,Vehicle Travel,196,4,17.737
47,15,Walking,Negombo,Vehicle Travel,125,4,8.405
19,7,Private Vehicle,Dambulla,Vehicle Travel,202,4,22.841
70,9,Walking,Trincomalee,Hiking,151,3,0.252
60,13,Private Vehicle,Polonnaruwa,Airport Transfer,85,3,10.522
22,15,Walking,Polonnaruwa,Hiking,217,2,0.437
34,2,Walking,Polonnaruwa,Walking,162,4,0.003
19,2,N/A,Galle,Beach Leisure,206,5,0.375
78,6,Bicycle,Kandy,Vehicle Travel,163,4,8.761
19,20,Flight,Yala,Flight,194,4,243.159
68,5,Walking,Kandy,Vehicle Travel,120,4,2.381
50,3,Public Transport,Colombo,Sightseeing,134,2,0.511
54,6,Water,Galle,Swimming / Snorkeling,53,2,0.28
69,1,Walking,Galle,Jogging,51,2,0.006
74,2,Public Transport,Bentota,Public Transport,41,5,0.109
26,1,Public Bus,Bentota,Vehicle Travel,221,1,1.991
19,1,N/A,Polonnaruwa,Meal,41,4,1.42
25,9,N/A,Haputale,Meal,69,3,17.197
60,3,Tuk-Tuk,Ella,Vehicle Travel,156,4,5.643
53,2,Private Vehicle,Anuradhapura,Private / Hired Vehicle,57,3,1.007
23,5,Flight,Trincomalee,Flight,268,5,103.3
32,3,N/A,Sigiriya,Meal,85,3,7.866
51,4,Walking,Bentota,Hiking,82,5,0.063
64,3,Private Vehicle,Hikkaduwa,Vehicle Travel,52,4,2.005
39,1,Walking,Yala,Walking,127,3,0.001
77,8,Flight,Negombo,Flight,148,4,86.976
80,1,Flight,Kandy,Flight,147,4,10.73
66,2,Train,Arugam Bay,Vehicle Travel,176,2,3.182
46,2,Cruise,Bentota,Cruise,139,4,7.885
73,3,Private Vehicle,Sigiriya,Spa / Ayurveda,143,4,3.077
63,1,Public Transport,Arugam Bay,Shopping,116,4,0.511
50,3,Walking,Bentota,Walking,97,4,0.003
45,2,Walking,Dambulla,Other,19,4,0.021
70,1,Public Transport,Ella,Sightseeing,109,3,0.177
53,13,N/A,Kalpitiya,Resting,184,3,1.365
29,3,N/A,Anuradhapura,Resting,143,3,0.206
80,1,Walking,Trincomalee,Hiking,202,4,0.037
22,5,Train,Ella,Vehicle Travel,114,3,5.119
61,1,Public Bus,Haputale,Vehicle Travel,161,2,1.664
59,10,Private Vehicle,Mirissa,Medical / Hospital Visit,50,4,4.18
54,1,Public Transport,Dambulla,Cultural / Temple Visit,89,2,0.13
21,5,Tuk-Tuk,Kalpitiya,Vehicle Travel,100,2,4.938
49,15,Tuk-Tuk,Badulla,Vehicle Travel,152,5,33.305
74,1,Private Vehicle,Sigiriya,Private / Hired Vehicle,99,4,0.977
33,2,N/A,Bentota,Meal,37,4,2.351
61,7,Private Vehicle,Nuwara Eliya,Shopping,130,3,4.668
72,18,Flight,Trincomalee,Flight,168,4,258.713
77,4,Private Vehicle,Kalpitiya,Other,102,5,0.835
50,7,Walking,Negombo,Vehicle Travel,248,3,6.122
37,1,N/A,Jaffna,Other,143,1,0.227
62,7,Tuk-Tuk,Arugam Bay,Vehicle Travel,191,2,15.921
48,2,Cruise,Negombo,Cruise,349,5,20.733
57,7,N/A,Arugam Bay,Beach Leisure,171,3,0.998
64,1,Private Vehicle,Kalpitiya,Private / Hired Vehicle,45,3,0.395
62,5,N/A,Jaffna,Meal,75,4,12.026
33,2,Walking,Hikkaduwa,Hiking,86,5,0.03
65,8,Walking,Hikkaduwa,Vehicle Travel,330,3,9.77
52,10,Private Vehicle,Negombo,Medical / Hospital Visit,81,4,7.335
76,12,Walking,Arugam Bay,Hiking,220,5,0.498
59,20,Private Vehicle,Anuradhapura,Private / Hired Vehicle,104,2,20.38
74,5,Tuk-Tuk,Yala,Vehicle Travel,75,4,4.384
79,8,Public Transport,Haputale,Spa / Ayurveda,156,1,6.724
80,1,Walking,Galle,Jogging,39,3,0.005
64,14,N/A,Negombo,Beach Leisure,283,1,2.944
55,7,Bicycle,Badulla,Vehicle Travel,258,3,14.644
25,4,Jeep,Kandy,Wildlife Safari,400,2,25.076
42,4,N/A,Mirissa,Meal,60,4,7.733
47,10,Public Transport,Jaffna,Public Transport,35,3,0.441
67,12,Public Transport,Bentota,Sightseeing,111,3,1.607
55,11,Public Transport,Kandy,Public Transport,41,4,0.685
45,5,Private Vehicle,Hikkaduwa,Sightseeing,196,5,2.217
27,3,Bicycle,Trincomalee,Vehicle Travel,76,3,1.921
63,16,Private Vehicle,Dambulla,Shopping,74,1,4.926
45,7,Flight,Kandy,Flight,140,2,58.938
20,6,Private Vehicle,Haputale,Private / Hired Vehicle,177,5,12.143
35,7,Private Vehicle,Mirissa,Cultural / Temple Visit,72,5,0.992
73,7,Ferry,Yala,Ferry,162,3,5.835
25,9,Private Vehicle,Arugam Bay,Vehicle Travel,124,2,13.366
43,6,Flight,Badulla,Flight,224,4,83.818
50,13,Walking,Jaffna,Walking,69,4,0.011
23,12,N/A,Jaffna,Resting,50,3,0.315
28,4,Public Transport,Mirissa,Sightseeing,229,2,1.163
77,2,Private Vehicle,Bentota,Private / Hired Vehicle,30,3,0.533
55,6,Flight,Sigiriya,Flight,395,4,169.16
31,7,Walking,Dambulla,Shopping,75,5,0.896
28,5,N/A,Bentota,Meal,53,2,7.393
44,13,Walking,Colombo,Walking,104,5,0.016
63,1,Public Transport,Arugam Bay,Airport Transfer,106,3,0.977
64,3,Public Transport,Colombo,Public Transport,46,4,0.172
30,12,Private Vehicle,Jaffna,Airport Transfer,29,5,3.613
63,15,Train,Mirissa,Vehicle Travel,236,4,35.689
74,4,Tuk-Tuk,Haputale,Vehicle Travel,267,1,9.505
32,2,Private Vehicle,Mirissa,Vehicle Travel,122,3,2.81
19,4,Private Vehicle,Anuradhapura,Vehicle Travel,118,5,6.182
78,4,Cruise,Mirissa,Cruise,599,4,67.787
50,5,N/A,Jaffna,Meal,55,3,8.748
66,2,Water,Negombo,Swimming / Snorkeling,120,4,0.226
38,3,Walking,Haputale,Walking,36,3,0.001
36,8,Private Vehicle,Kandy,Private / Hired Vehicle,118,3,8.081
32,7,Train,Negombo,Vehicle Travel,219,5,15.597
31,8,Private Vehicle,Polonnaruwa,Spa / Ayurveda,64,3,3.658
47,4,Walking,Bentota,Other,140,3,0.303
24,3,Water,Yala,Surfing,191,3,0.495
71,3,Public Transport,Yala,Spa / Ayurveda,191,5,4.624
50,16,Bicycle,Anuradhapura,Bicycle Ride,140,2,0.055
75,4,Public Bus,Kalpitiya,Vehicle Travel,117,2,4.869
49,7,N/A,Bentota,Beach Leisure,277,3,1.571
37,5,Tuk-Tuk,Yala,Vehicle Travel,95,1,5.21
50,13,Private Vehicle,Jaffna,Vehicle Travel,167,1,22.674
27,3,Tuk-Tuk,Sigiriya,Vehicle Travel,207,1,5.779
69,4,N/A,Hikkaduwa,Beach Leisure,329,2,1.131
63,12,Flight,Trincomalee,Flight,176,4,159.9
27,1,Private Vehicle,Ella,Shopping,169,2,0.845
54,6,Flight,Ella,Flight,236,3,71.234
51,4,Train,Colombo,Vehicle Travel,108,4,4.849
30,19,N/A,Jaffna,Resting,72,1,0.656
25,9,Flight,Polonnaruwa,Flight,117,2,68.098
65,1,Public Transport,Badulla,Public Transport,87,5,0.129
34,12,Water,Hikkaduwa,Surfing,82,4,0.992
50,9,Jeep,Badulla,Wildlife Safari,189,4,31.482
33,6,Private Vehicle,Badulla,Vehicle Travel,131,4,10.913
59,2,N/A,Mirissa,Other,105,5,0.472
21,1,Private Vehicle,Anuradhapura,Vehicle Travel,154,2,1.889
40,7,Private Vehicle,Kalpitiya,Sightseeing,164,1,1.777
52,4,Bicycle,Mirissa,Vehicle Travel,64,5,1.985
45,12,Private Vehicle,Polonnaruwa,Sightseeing,141,1,2.428
56,2,Public Transport,Nuwara Eliya,Shopping,87,4,0.765
29,7,Flight,Badulla,Flight,197,1,77.928
45,2,Train,Yala,Vehicle Travel,132,3,2.162
65,7,Cruise,Kalpitiya,Cruise,488,4,90.656
39,1,Walking,Anuradhapura,Walking,75,4,0.001
27,4,Private Vehicle,Kalpitiya,Medical / Hospital Visit,30,4,1.215
71,2,Private Vehicle,Hikkaduwa,Vehicle Travel,89,2,2.402
67,7,N/A,Nuwara Eliya,Meal,66,3,14.984
60,3,Bicycle,Galle,Vehicle Travel,150,4,3.493
68,10,N/A,Ella,Meal,63,1,15.076
67,1,Private Vehicle,Anuradhapura,Medical / Hospital Visit,41,4,0.357
65,6,Walking,Colombo,Walking,124,4,0.008
50,6,Tuk-Tuk,Trincomalee,Vehicle Travel,99,3,6.9
19,1,Public Bus,Hikkaduwa,Vehicle Travel,115,3,1.23
55,1,Flight,Negombo,Flight,304,4,23.243
35,3,N/A,Haputale,Beach Leisure,195,3,0.415
66,7,Private Vehicle,Polonnaruwa,Other,139,1,1.46
47,17,Private Vehicle,Badulla,Shopping,154,5,15.995
75,1,Water,Mirissa,Swimming / Snorkeling,79,2,0.055
55,9,Private Vehicle,Kalpitiya,Shopping,84,4,4.611
52,8,Public Transport,Dambulla,Airport Transfer,86,1,5.014
75,8,Public Bus,Polonnaruwa,Vehicle Travel,153,3,12.451
47,5,Walking,Yala,Walking,35,4,0.002
41,17,Flight,Trincomalee,Flight,145,1,132.726
41,5,Walking,Haputale,Hiking,119,4,0.103
73,12,Private Vehicle,Arugam Bay,Vehicle Travel,116,3,17.573
65,2,Private Vehicle,Mirissa,Private / Hired Vehicle,143,4,2.847
28,11,Bicycle,Mirissa,Bicycle Ride,99,4,0.027
49,20,Public Transport,Ella,Public Transport,124,4,3.557
41,14,Private Vehicle,Colombo,Vehicle Travel,129,3,24.824
58,3,Private Vehicle,Hikkaduwa,Medical / Hospital Visit,53,3,1.265
21,12,Water,Dambulla,Swimming / Snorkeling,52,1,0.41
62,1,Walking,Jaffna,Walking,77,5,0.001
64,8,Private Vehicle,Hikkaduwa,Spa / Ayurveda,124,4,6.782
32,3,N/A,Kandy,Meal,46,4,5.045
27,8,Public Transport,Ella,Cultural / Temple Visit,136,3,1.451
57,4,Walking,Negombo,Other,38,3,0.084
34,1,Flight,Mirissa,Flight,422,1,21.593
77,2,N/A,Ella,Meal,43,2,2.501
66,1,N/A,Jaffna,Resting,184,3,0.095
78,4,Cruise,Colombo,Cruise,213,3,22.181
51,12,Public Transport,Dambulla,Cultural / Temple Visit,61,1,0.896
77,9,Tuk-Tuk,Colombo,Vehicle Travel,19,4,2.406
18,10,N/A,Polonnaruwa,Resting,137,3,0.748
36,11,Cruise,Nuwara Eliya,Cruise,254,3,61.96
18,3,Private Vehicle,Sigiriya,Sightseeing,215,4,1.202
60,5,Train,Haputale,Vehicle Travel,219,4,9.524
50,5,Walking,Polonnaruwa,Vehicle Travel,107,1,1.666
36,1,Private Vehicle,Bentota,Airport Transfer,56,4,0.567
37,7,Cruise,Ella,Cruise,583,3,93.897
58,9,Water,Galle,Surfing,112,4,0.958
29,7,Private Vehicle,Anuradhapura,Airport Transfer,47,5,3.831
50,9,Public Transport,Jaffna,Public Transport,63,2,0.665
56,1,Flight,Arugam Bay,Flight,164,4,9.653
33,10,Bicycle,Kalpitiya,Vehicle Travel,161,3,12.129
32,2,Private Vehicle,Polonnaruwa,Airport Transfer,60,1,0.911
40,13,Tuk-Tuk,Sigiriya,Vehicle Travel,207,3,29.104
55,2,N/A,Haputale,Resting,86,3,0.099
34,5,Walking,Arugam Bay,Hiking,80,1,0.044
41,5,Public Transport,Colombo,Cultural / Temple Visit,51,3,0.364
52,2,Private Vehicle,Kalpitiya,Private / Hired Vehicle,83,3,1.755
29,3,Flight,Negombo,Flight,238,3,44.433
53,2,Walking,Anuradhapura,Cultural / Temple Visit,109,1,0.089
26,6,Flight,Kalpitiya,Flight,159,3,58.007
26,14,Boat,Haputale,Boat Ride,74,3,5.204
32,3,Walking,Badulla,Jogging,30,3,0.012
36,5,Walking,Haputale,Hiking,101,4,0.08
19,12,Walking,Sigiriya,Sightseeing,188,5,1.545
78,4,Walking,Jaffna,Hiking,114,1,0.066
37,11,Jeep,Ella,Wildlife Safari,216,3,30.405
68,4,Walking,Hikkaduwa,Walking,66,5,0.003
74,4,Train,Arugam Bay,Vehicle Travel,184,4,8.664
68,1,Walking,Kalpitiya,Shopping,71,5,0.137
70,1,Boat,Haputale,Boat Ride,100,4,0.581
24,7,Walking,Bentota,Vehicle Travel,75,4,1.898
41,11,N/A,Bentota,Resting,64,1,0.271
65,1,Public Transport,Colombo,Shopping,88,3,0.432
54,14,Private Vehicle,Trincomalee,Vehicle Travel,99,4,20.919
18,3,Walking,Anuradhapura,Jogging,51,4,0.021
53,4,N/A,Badulla,Meal,59,4,8.27
68,13,Water,Polonnaruwa,Surfing,177,5,2.376
70,13,Walking,Arugam Bay,Jogging,35,2,0.053
42,5,Bicycle,Jaffna,Bicycle Ride,131,3,0.017
32,2,Walking,Mirissa,Vehicle Travel,99,5,0.876
37,2,Tuk-Tuk,Haputale,Vehicle Travel,111,5,3.13
36,2,Public Transport,Badulla,Shopping,189,5,1.996
39,10,Walking,Yala,Walking,134,4,0.014
37,3,Flight,Anuradhapura,Flight,220,5,57.561
46,8,Tuk-Tuk,Negombo,Vehicle Travel,267,3,22.295
20,2,Public Transport,Sigiriya,Spa / Ayurveda,137,2,1.493
35,5,Bicycle,Galle,Vehicle Travel,175,2,6.126
37,3,Private Vehicle,Sigiriya,Medical / Hospital Visit,72,3,1.852
27,5,Public Transport,Bentota,Public Transport,67,5,0.465
73,6,Private Vehicle,Mirissa,Other,81,3,0.947
60,20,Tuk-Tuk,Negombo,Vehicle Travel,277,4,73.048
75,14,Public Transport,Ella,Public Transport,127,3,2.063
53,8,N/A,Colombo,Resting,131,4,0.548
24,1,N/A,Ella,Beach Leisure,261,2,0.194
74,14,N/A,Haputale,Meal,58,4,25.881
46,13,N/A,Sigiriya,Beach Leisure,157,2,1.741
61,13,Public Transport,Trincomalee,Spa / Ayurveda,200,3,15.397
42,5,Public Transport,Trincomalee,Public Transport,54,3,0.32
49,2,Tuk-Tuk,Sigiriya,Vehicle Travel,123,4,2.757
48,10,Private Vehicle,Polonnaruwa,Shopping,96,4,5.28
35,4,Private Vehicle,Kandy,Sightseeing,153,5,1.292
52,3,Walking,Trincomalee,Vehicle Travel,64,5,0.974
64,4,Public Transport,Yala,Public Transport,67,3,0.283
19,6,Bicycle,Dambulla,Vehicle Travel,249,2,11.86
26,3,Ferry,Ella,Ferry,75,1,1.008
71,8,Bicycle,Badulla,Vehicle Travel,84,2,5.495
53,7,Public Bus,Dambulla,Vehicle Travel,148,3,11.701
79,5,Walking,Negombo,Walking,53,5,0.003
56,1,N/A,Arugam Bay,Resting,37,5,0.022
59,15,Walking,Mirissa,Sightseeing,61,3,0.483
74,4,Flight,Nuwara Eliya,Flight,292,4,87.762
59,4,N/A,Colombo,Meal,59,5,8.241
38,4,Walking,Negombo,Shopping,116,3,0.733
51,3,Tuk-Tuk,Yala,Vehicle Travel,136,5,6.366
32,8,Walking,Anuradhapura,Vehicle Travel,130,5,5.048
39,1,Public Bus,Sigiriya,Vehicle Travel,165,5,2.016
60,13,Jeep,Mirissa,Wildlife Safari,194,4,37.507
27,1,Private Vehicle,Trincomalee,Shopping,93,3,0.408
60,20,Water,Hikkaduwa,Surfing,155,3,2.692
54,7,Private Vehicle,Badulla,Vehicle Travel,252,5,29.064
37,1,Bicycle,Polonnaruwa,Vehicle Travel,83,3,0.548
20,6,Private Vehicle,Bentota,Spa / Ayurveda,219,3,8.827
62,3,N/A,Nuwara Eliya,Meal,72,3,6.918
69,16,Public Transport,Ella,Airport Transfer,114,3,15.1
63,10,Private Vehicle,Jaffna,Private / Hired Vehicle,39,2,3.408
44,5,Public Transport,Polonnaruwa,Airport Transfer,109,5,4.648
59,4,Flight,Sigiriya,Flight,64,4,19.389
44,20,Walking,Badulla,Cultural / Temple Visit,85,3,0.82
40,8,Private Vehicle,Yala,Private / Hired Vehicle,75,3,6.287
38,5,Private Vehicle,Dambulla,Private / Hired Vehicle,26,4,1.337
31,4,Flight,Sigiriya,Flight,379,4,106.231
79,3,Public Bus,Galle,Vehicle Travel,313,5,13.161
59,9,Boat,Trincomalee,Boat Ride,130,5,6.39
29,6,Public Transport,Jaffna,Spa / Ayurveda,123,3,4.339
72,12,Public Bus,Arugam Bay,Vehicle Travel,134,5,19.781
27,6,Public Transport,Yala,Spa / Ayurveda,165,4,5.776
55,6,Public Transport,Mirissa,Sightseeing,106,4,0.956
28,5,Water,Mirissa,Surfing,56,4,0.247
40,10,N/A,Ella,Beach Leisure,172,3,1.686
59,4,Jeep,Hikkaduwa,Wildlife Safari,429,3,26.694
80,12,Flight,Bentota,Flight,61,4,56.972
80,3,Public Bus,Polonnaruwa,Vehicle Travel,252,3,8.01
74,8,Public Bus,Arugam Bay,Vehicle Travel,93,4,7.94
32,13,Private Vehicle,Nuwara Eliya,Private / Hired Vehicle,129,3,16.346
23,10,Walking,Ella,Hiking,169,4,0.268
75,3,Private Vehicle,Badulla,Vehicle Travel,32,5,1.509
76,9,Water,Negombo,Surfing,52,1,0.39
35,2,Jeep,Nuwara Eliya,Wildlife Safari,257,3,8.052
19,1,N/A,Trincomalee,Resting,151,4,0.085
58,10,Ferry,Galle,Ferry,126,2,5.903
22,11,Water,Polonnaruwa,Surfing,119,2,1.029
20,1,Walking,Polonnaruwa,Cultural / Temple Visit,77,4,0.038
77,16,Private Vehicle,Polonnaruwa,Vehicle Travel,135,1,26.319
49,4,Walking,Arugam Bay,Walking,36,4,0.002
25,14,Tuk-Tuk,Ella,Vehicle Travel,185,1,26.115
59,10,Private Vehicle,Arugam Bay,Private / Hired Vehicle,163,2,15.013
41,14,Tuk-Tuk,Trincomalee,Vehicle Travel,112,3,19.166
51,12,Private Vehicle,Bentota,Shopping,63,5,4.817
74,18,N/A,Anuradhapura,Meal,60,4,40.861
32,7,Flight,Colombo,Flight,231,3,92.804
58,2,Flight,Trincomalee,Flight,104,3,12.611
70,4,Private Vehicle,Ella,Other,159,4,1.426
44,10,Jeep,Polonnaruwa,Wildlife Safari,155,4,29.608
79,1,Train,Dambulla,Vehicle Travel,45,3,0.487
46,15,Bicycle,Mirissa,Bicycle Ride,130,2,0.05
46,2,Private Vehicle,Nuwara Eliya,Vehicle Travel,150,3,3.71
73,13,Private Vehicle,Hikkaduwa,Vehicle Travel,144,4,31.515
58,5,Private Vehicle,Badulla,Private / Hired Vehicle,39,5,1.949
72,12,Ferry,Mirissa,Ferry,113,4,8.054
67,16,Bicycle,Dambulla,Bicycle Ride,96,4,0.036
62,4,Private Vehicle,Haputale,Private / Hired Vehicle,89,3,3.854
33,8,Water,Polonnaruwa,Swimming / Snorkeling,60,4,0.404
43,2,Public Bus,Ella,Vehicle Travel,193,4,4.166
72,11,N/A,Kalpitiya,Meal,71,3,22.25
56,11,Public Transport,Dambulla,Spa / Ayurveda,202,5,16.765
35,3,Water,Negombo,Surfing,134,3,0.33
38,1,N/A,Nuwara Eliya,Resting,84,4,0.052
66,4,Jeep,Arugam Bay,Wildlife Safari,257,4,18.202
29,2,Private Vehicle,Haputale,Private / Hired Vehicle,68,5,1.377
25,11,Public Bus,Haputale,Vehicle Travel,299,2,29.768
66,2,Walking,Galle,Hiking,95,5,0.042
36,15,Water,Yala,Swimming / Snorkeling,59,2,0.761
66,17,Tuk-Tuk,Mirissa,Vehicle Travel,66,2,13.774
51,14,Walking,Kandy,Sightseeing,76,5,0.64
80,7,Flight,Nuwara Eliya,Flight,194,3,81.919
51,2,Private Vehicle,Jaffna,Shopping,109,4,1.378
72,11,Flight,Hikkaduwa,Flight,113,3,73.499
71,9,Public Transport,Galle,Spa / Ayurveda,139,5,9.276
31,18,Private Vehicle,Yala,Private / Hired Vehicle,184,4,31.619
80,4,Water,Hikkaduwa,Swimming / Snorkeling,58,3,0.212
64,1,Ferry,Badulla,Ferry,206,5,1.085
24,20,Tuk-Tuk,Badulla,Vehicle Travel,156,3,37.114
18,12,Public Transport,Bentota,Airport Transfer,85,4,9.701
35,2,Public Transport,Hikkaduwa,Cultural / Temple Visit,112,4,0.378
19,9,Private Vehicle,Jaffna,Medical / Hospital Visit,70,4,5.261
40,1,Flight,Nuwara Eliya,Flight,284,4,20.201
80,6,Public Bus,Trincomalee,Vehicle Travel,235,5,18.308
48,3,Tuk-Tuk,Galle,Vehicle Travel,87,4,3.281
19,4,N/A,Galle,Beach Leisure,175,5,0.806
49,2,Train,Anuradhapura,Vehicle Travel,158,2,2.58
31,2,Bicycle,Sigiriya,Bicycle Ride,36,3,0.002
71,4,N/A,Galle,Meal,52,4,6.067
23,2,Jeep,Kandy,Wildlife Safari,199,3,6.405
66,5,Water,Jaffna,Swimming / Snorkeling,57,3,0.271
46,6,Cruise,Colombo,Cruise,232,4,36.004
19,9,Train,Dambulla,Vehicle Travel,100,4,8.998
60,8,Tuk-Tuk,Kandy,Vehicle Travel,165,2,13.714
46,2,Private Vehicle,Hikkaduwa,Other,94,2,0.293
66,1,Public Bus,Galle,Vehicle Travel,214,3,2.226
56,12,Walking,Mirissa,Walking,147,3,0.018
67,13,Walking,Galle,Vehicle Travel,183,2,9.569
47,18,Bicycle,Yala,Bicycle Ride,38,5,0.023
18,16,Walking,Hikkaduwa,Jogging,41,3,0.086
26,7,Public Bus,Ella,Vehicle Travel,101,5,6.81
46,13,Public Bus,Galle,Vehicle Travel,132,5,20.643
43,4,Public Transport,Mirissa,Sightseeing,86,3,0.528
68,10,Cruise,Mirissa,Cruise,223,5,66.654
43,16,N/A,Yala,Meal,66,2,28.781
72,11,Jeep,Galle,Wildlife Safari,209,4,46.708
29,4,Public Transport,Bentota,Spa / Ayurveda,199,5,5.937
42,4,Flight,Nuwara Eliya,Flight,457,5,146.623
65,3,Walking,Hikkaduwa,Walking,115,3,0.003
25,3,Train,Bentota,Vehicle Travel,135,3,3.194
38,11,Public Bus,Anuradhapura,Vehicle Travel,66,3,7.458
65,9,Train,Sigiriya,Vehicle Travel,161,5,13.531
55,2,N/A,Ella,Resting,171,3,0.201
67,9,Private Vehicle,Polonnaruwa,Vehicle Travel,226,4,29.781
50,4,Walking,Arugam Bay,Hiking,288,3,0.168
72,6,Private Vehicle,Jaffna,Shopping,102,3,3.147
73,3,Bicycle,Sigiriya,Vehicle Travel,73,3,1.919
79,5,Tuk-Tuk,Kandy,Vehicle Travel,108,3,5.884
25,9,Bicycle,Negombo,Vehicle Travel,203,4,12.626
55,9,Public Transport,Negombo,Spa / Ayurveda,107,3,5.224
25,10,N/A,Colombo,Resting,194,3,0.993
32,4,Public Transport,Kalpitiya,Public Transport,73,4,0.411
36,8,Private Vehicle,Kalpitiya,Spa / Ayurveda,143,3,8.386
58,2,Flight,Polonnaruwa,Flight,118,4,16.215
45,5,Private Vehicle,Arugam Bay,Private / Hired Vehicle,126,4,6.626
72,6,Private Vehicle,Hikkaduwa,Cultural / Temple Visit,42,4,0.51
36,8,Walking,Colombo,Other,176,2,0.682
56,14,Water,Jaffna,Surfing,98,1,0.853
66,3,N/A,Galle,Resting,54,5,0.102
79,12,Train,Haputale,Vehicle Travel,60,5,8.802
33,3,Flight,Haputale,Flight,223,3,47.573
64,6,Walking,Ella,Walking,82,3,0.005
23,11,Ferry,Trincomalee,Ferry,191,3,10.795
52,9,Private Vehicle,Jaffna,Vehicle Travel,83,4,11.257
44,12,Walking,Dambulla,Walking,45,2,0.005
78,11,Public Transport,Arugam Bay,Public Transport,41,5,0.605
66,2,Private Vehicle,Kalpitiya,Vehicle Travel,80,1,1.949
76,20,N/A,Bentota,Other,58,5,2.93
71,15,Bicycle,Bentota,Vehicle Travel,146,1,14.316
43,4,Private Vehicle,Negombo,Vehicle Travel,68,3,3.746
64,1,Private Vehicle,Trincomalee,Shopping,82,3,0.439
19,3,Private Vehicle,Kandy,Sightseeing,170,3,0.756
53,12,Water,Hikkaduwa,Swimming / Snorkeling,115,5,1.459
20,16,Water,Sigiriya,Swimming / Snorkeling,143,3,1.82
63,11,N/A,Polonnaruwa,Resting,153,2,0.874
78,4,Tuk-Tuk,Polonnaruwa,Vehicle Travel,146,5,8.893
60,1,Flight,Yala,Flight,61,3,3.759
70,5,Tuk-Tuk,Kalpitiya,Vehicle Travel,135,1,6.122
32,4,Private Vehicle,Badulla,Other,105,1,0.573
80,1,Private Vehicle,Negombo,Medical / Hospital Visit,78,3,0.796
52,1,Flight,Mirissa,Flight,255,5,18.035
60,1,N/A,Haputale,Resting,190,1,0.09
66,2,Private Vehicle,Kalpitiya,Private / Hired Vehicle,171,4,3.838
58,10,Flight,Arugam Bay,Flight,287,3,177.551
37,4,Boat,Kandy,Boat Ride,61,2,0.955
56,4,Bicycle,Mirissa,Bicycle Ride,140,4,0.017
59,7,Water,Arugam Bay,Surfing,46,4,0.309
72,16,Private Vehicle,Anuradhapura,Vehicle Travel,154,4,34.573
48,10,Public Transport,Ella,Airport Transfer,85,2,6.699
49,7,Flight,Negombo,Flight,157,1,67.148
49,9,Public Transport,Haputale,Public Transport,30,4,0.38
25,9,Private Vehicle,Jaffna,Medical / Hospital Visit,72,4,6.001
23,8,Boat,Nuwara Eliya,Boat Ride,51,3,1.4
19,5,Cruise,Colombo,Cruise,280,2,30.381
59,6,Public Bus,Negombo,Vehicle Travel,112,4,7.054
44,5,Bicycle,Ella,Vehicle Travel,100,1,3.16
72,4,Private Vehicle,Kandy,Vehicle Travel,238,4,13.529
62,2,Private Vehicle,Ella,Sightseeing,71,4,0.267
26,3,Walking,Nuwara Eliya,Jogging,32,3,0.013
24,4,N/A,Bentota,Meal,67,3,7.565
41,6,Private Vehicle,Bentota,Airport Transfer,46,4,2.755
76,5,Walking,Ella,Vehicle Travel,159,4,3.647
21,1,Train,Dambulla,Vehicle Travel,87,5,0.842
29,3,Tuk-Tuk,Polonnaruwa,Vehicle Travel,59,4,2.11
19,4,Public Transport,Sigiriya,Sightseeing,44,1,0.189
44,9,Private Vehicle,Anuradhapura,Cultural / Temple Visit,80,3,1.282
80,3,Private Vehicle,Polonnaruwa,Private / Hired Vehicle,128,4,4.299
61,1,Public Bus,Badulla,Vehicle Travel,85,3,1.032
49,1,Private Vehicle,Dambulla,Shopping,174,4,0.855
27,5,Jeep,Jaffna,Wildlife Safari,232,2,19.0
40,2,Flight,Badulla,Flight,111,2,11.331
51,5,Private Vehicle,Negombo,Shopping,65,3,1.543
35,6,Water,Hikkaduwa,Swimming / Snorkeling,56,5,0.283
62,15,Public Transport,Colombo,Cultural / Temple Visit,68,4,1.685
79,8,Public Bus,Mirissa,Vehicle Travel,51,4,4.94
30,1,Walking,Sigiriya,Jogging,24,3,0.003
33,4,Private Vehicle,Mirissa,Private / Hired Vehicle,228,5,8.416
25,10,Tuk-Tuk,Jaffna,Vehicle Travel,226,5,29.4
63,2,Cruise,Galle,Cruise,451,3,22.411
47,14,Private Vehicle,Arugam Bay,Spa / Ayurveda,115,4,11.205
35,5,Private Vehicle,Trincomalee,Vehicle Travel,197,5,14.837
31,1,Walking,Colombo,Walking,66,3,0.001
22,2,Walking,Kalpitiya,Walking,61,3,0.001
47,14,Walking,Haputale,Vehicle Travel,136,4,7.27
61,20,Public Transport,Colombo,Spa / Ayurveda,147,3,17.413
32,12,Private Vehicle,Galle,Vehicle Travel,72,4,13.469
18,3,N/A,Galle,Beach Leisure,216,4,0.618
47,10,Flight,Yala,Flight,101,2,53.453
60,2,Public Transport,Mirissa,Shopping,77,3,0.762
39,4,Private Vehicle,Nuwara Eliya,Medical / Hospital Visit,82,4,2.93
33,8,Tuk-Tuk,Polonnaruwa,Vehicle Travel,86,1,6.391
27,17,Private Vehicle,Bentota,Medical / Hospital Visit,47,3,5.972
65,4,Public Bus,Bentota,Vehicle Travel,146,1,5.271
72,5,Private Vehicle,Jaffna,Vehicle Travel,82,5,5.609
66,2,N/A,Kalpitiya,Resting,218,2,0.2
50,4,Tuk-Tuk,Nuwara Eliya,Vehicle Travel,128,1,5.235
63,1,N/A,Bentota,Meal,59,4,1.99
43,12,Train,Bentota,Vehicle Travel,94,2,8.863
19,1,Public Transport,Arugam Bay,Public Transport,156,4,0.191
41,8,Train,Yala,Vehicle Travel,106,3,7.849
62,2,Public Transport,Badulla,Public Transport,46,5,0.138
58,5,N/A,Galle,Meal,68,2,10.228
80,3,Private Vehicle,Yala,Other,122,2,0.572
80,4,Private Vehicle,Sigiriya,Sightseeing,125,3,0.857
33,6,Tuk-Tuk,Jaffna,Vehicle Travel,184,5,17.323
18,7,Water,Dambulla,Swimming / Snorkeling,57,5,0.393
35,15,Private Vehicle,Haputale,Vehicle Travel,54,3,9.655
73,3,Water,Yala,Swimming / Snorkeling,145,2,0.374
69,6,Train,Sigiriya,Vehicle Travel,123,2,6.601
24,14,Walking,Badulla,Vehicle Travel,207,3,9.9
28,3,Public Transport,Kandy,Public Transport,90,2,0.233
53,12,Public Transport,Galle,Airport Transfer,70,5,8.059
59,16,N/A,Badulla,Beach Leisure,162,1,1.921
79,12,Private Vehicle,Kalpitiya,Medical / Hospital Visit,59,5,6.723
65,6,Private Vehicle,Jaffna,Private / Hired Vehicle,96,1,4.859
31,9,Walking,Bentota,Vehicle Travel,126,5,5.274
20,5,Train,Badulla,Vehicle Travel,132,3,6.162
57,6,Public Transport,Badulla,Cultural / Temple Visit,69,1,0.475
52,18,N/A,Kalpitiya,Beach Leisure,200,4,3.512
76,2,Public Transport,Dambulla,Shopping,103,3,0.989
54,10,Private Vehicle,Jaffna,Medical / Hospital Visit,78,5,9.204
49,5,Private Vehicle,Anuradhapura,Spa / Ayurveda,208,4,8.374
37,2,Private Vehicle,Arugam Bay,Vehicle Travel,141,5,4.636
23,7,Walking,Trincomalee,Hiking,305,5,0.395
73,10,Private Vehicle,Arugam Bay,Medical / Hospital Visit,66,3,5.704
70,6,Walking,Kalpitiya,Other,129,3,0.456
28,12,Private Vehicle,Ella,Vehicle Travel,77,4,11.301
62,3,N/A,Kandy,Beach Leisure,231,3,0.683
40,14,Water,Arugam Bay,Surfing,176,4,2.426
45,7,Walking,Nuwara Eliya,Shopping,192,3,2.001
71,11,Public Transport,Polonnaruwa,Cultural / Temple Visit,81,4,1.299
71,2,N/A,Polonnaruwa,Resting,98,3,0.104
30,4,Public Transport,Badulla,Public Transport,54,1,0.198
37,14,N/A,Anuradhapura,Meal,61,5,26.266
69,1,Walking,Badulla,Sightseeing,73,5,0.045
75,4,Private Vehicle,Galle,Shopping,175,3,4.053
22,10,Flight,Badulla,Flight,147,2,86.34
70,9,Public Transport,Nuwara Eliya,Airport Transfer,98,4,7.932
48,12,Jeep,Colombo,Wildlife Safari,260,3,44.792
55,9,Public Bus,Polonnaruwa,Vehicle Travel,151,4,15.167
22,16,Public Transport,Trincomalee,Public Transport,89,4,1.999
60,5,Private Vehicle,Yala,Airport Transfer,84,3,4.055
60,7,Public Bus,Nuwara Eliya,Vehicle Travel,122,3,8.621
59,12,Private Vehicle,Yala,Private / Hired Vehicle,148,1,15.37
67,9,N/A,Mirissa,Meal,36,3,10.915
77,1,Public Bus,Galle,Vehicle Travel,120,4,1.573
71,3,Private Vehicle,Haputale,Vehicle Travel,57,2,2.214
64,6,Public Bus,Negombo,Vehicle Travel,186,5,12.388
79,10,Walking,Kalpitiya,Hiking,190,4,0.368
60,6,Private Vehicle,Colombo,Spa / Ayurveda,208,2,8.039
60,10,Ferry,Kalpitiya,Ferry,132,4,6.9
52,12,Private Vehicle,Kalpitiya,Vehicle Travel,178,3,25.202
66,2,Public Transport,Anuradhapura,Airport Transfer,59,3,1.019
22,7,Public Transport,Jaffna,Public Transport,51,4,0.479
49,6,Public Bus,Trincomalee,Vehicle Travel,214,2,11.751
44,2,Private Vehicle,Polonnaruwa,Vehicle Travel,177,2,4.454
75,5,Public Bus,Sigiriya,Vehicle Travel,87,2,4.807
22,6,Walking,Haputale,Walking,96,2,0.006
58,11,Walking,Jaffna,Hiking,212,4,0.402
29,5,Tuk-Tuk,Colombo,Vehicle Travel,76,5,5.1
73,1,N/A,Bentota,Resting,60,4,0.034
71,5,Private Vehicle,Galle,Vehicle Travel,97,5,8.327
32,12,Private Vehicle,Polonnaruwa,Private / Hired Vehicle,189,4,24.954
72,6,Public Transport,Yala,Shopping,92,3,2.546
49,3,Water,Arugam Bay,Swimming / Snorkeling,111,5,0.336
79,14,N/A,Anuradhapura,Other,66,1,1.48
63,1,Private Vehicle,Negombo,Private / Hired Vehicle,135,2,1.152
20,3,Flight,Badulla,Flight,185,5,46.11
30,4,Public Transport,Kalpitiya,Airport Transfer,112,4,4.19
43,9,Public Transport,Badulla,Cultural / Temple Visit,87,5,1.43
31,12,Walking,Sigiriya,Walking,58,2,0.006
26,1,Public Bus,Hikkaduwa,Vehicle Travel,94,4,1.008
79,10,Private Vehicle,Mirissa,Airport Transfer,129,3,11.075
72,9,Bicycle,Bentota,Vehicle Travel,93,3,6.266
45,13,Public Transport,Polonnaruwa,Spa / Ayurveda,99,5,9.609
31,14,Train,Haputale,Vehicle Travel,229,3,26.054
29,10,N/A,Badulla,Meal,60,4,22.599
75,2,Bicycle,Badulla,Bicycle Ride,82,5,0.005
38,3,Private Vehicle,Ella,Spa / Ayurveda,108,5,2.454
18,15,Water,Galle,Surfing,151,1,1.648
43,7,Flight,Hikkaduwa,Flight,115,2,49.545
46,6,Walking,Negombo,Walking,76,5,0.006
57,14,Private Vehicle,Yala,Cultural / Temple Visit,142,4,3.727
39,13,Flight,Ella,Flight,296,3,222.942
76,9,Private Vehicle,Sigiriya,Private / Hired Vehicle,54,1,3.906
58,13,Walking,Galle,Walking,81,1,0.01
80,1,Tuk-Tuk,Ella,Vehicle Travel,283,5,4.742
41,10,Bicycle,Ella,Vehicle Travel,166,3,11.878
59,17,Water,Jaffna,Swimming / Snorkeling,59,4,0.952
41,1,Jeep,Trincomalee,Wildlife Safari,362,3,6.51
62,2,Private Vehicle,Bentota,Vehicle Travel,185,3,5.11
64,10,Bicycle,Trincomalee,Vehicle Travel,211,4,17.375
38,5,N/A,Hikkaduwa,Resting,93,5,0.258
77,1,N/A,Kandy,Meal,86,3,2.535
72,2,Walking,Sigiriya,Cultural / Temple Visit,146,3,0.167
74,3,N/A,Nuwara Eliya,Meal,45,4,4.043
31,3,Flight,Colombo,Flight,226,1,36.162
63,13,Public Transport,Galle,Spa / Ayurveda,107,3,8.062
24,8,N/A,Dambulla,Meal,66,4,15.684
24,9,Water,Kalpitiya,Swimming / Snorkeling,106,1,0.648
79,1,Flight,Ella,Flight,225,4,17.792
27,4,Private Vehicle,Dambulla,Cultural / Temple Visit,97,1,0.572
72,3,Cruise,Sigiriya,Cruise,456,4,40.671
45,12,Private Vehicle,Galle,Spa / Ayurveda,134,5,12.443
37,16,Public Transport,Nuwara Eliya,Sightseeing,150,5,3.596
22,4,Private Vehicle,Haputale,Sightseeing,158,4,1.173
60,18,Private Vehicle,Bentota,Cultural / Temple Visit,138,4,4.766
63,1,N/A,Negombo,Meal,77,3,2.241
47,3,Public Transport,Arugam Bay,Public Transport,141,3,0.412
69,10,N/A,Yala,Resting,75,2,0.406
38,3,Private Vehicle,Polonnaruwa,Vehicle Travel,45,4,1.442
52,14,Bicycle,Badulla,Bicycle Ride,56,1,0.018
36,2,Public Transport,Hikkaduwa,Sightseeing,123,3,0.367
54,11,Walking,Polonnaruwa,Walking,69,4,0.009
26,2,Public Transport,Galle,Public Transport,45,4,0.111
47,2,Walking,Haputale,Walking,68,3,0.001
52,4,N/A,Ella,Beach Leisure,278,3,0.833
53,16,Walking,Ella,Shopping,70,4,1.782
46,6,Boat,Polonnaruwa,Boat Ride,111,5,4.186
58,7,N/A,Arugam Bay,Beach Leisure,125,4,0.901
50,1,Public Transport,Nuwara Eliya,Public Transport,53,3,0.061
35,1,Private Vehicle,Colombo,Vehicle Travel,103,5,1.475
31,1,Bicycle,Nuwara Eliya,Bicycle Ride,124,1,0.003
58,11,Private Vehicle,Polonnaruwa,Vehicle Travel,69,3,10.467
77,2,Tuk-Tuk,Colombo,Vehicle Travel,172,2,4.031
65,3,Walking,Haputale,Sightseeing,73,3,0.103
58,7,Bicycle,Dambulla,Vehicle Travel,254,4,16.898
76,6,Walking,Nuwara Eliya,Jogging,42,4,0.039
74,4,Private Vehicle,Negombo,Vehicle Travel,306,5,19.067
49,1,Walking,Trincomalee,Walking,56,4,0.001
24,4,Private Vehicle,Bentota,Spa / Ayurveda,217,3,6.335
57,9,Public Transport,Trincomalee,Sightseeing,186,4,2.801
57,2,Tuk-Tuk,Colombo,Vehicle Travel,139,4,3.673
35,9,Private Vehicle,Kalpitiya,Medical / Hospital Visit,66,4,6.1
71,1,Private Vehicle,Dambulla,Shopping,98,3,0.498
72,14,Public Transport,Ella,Cultural / Temple Visit,53,4,1.144
38,16,Private Vehicle,Kandy,Private / Hired Vehicle,123,4,19.213
48,1,Bicycle,Yala,Vehicle Travel,77,3,0.626
30,4,Private Vehicle,Arugam Bay,Cultural / Temple Visit,80,5,0.701
29,4,Public Transport,Dambulla,Sightseeing,79,2,0.431
34,12,Private Vehicle,Polonnaruwa,Vehicle Travel,181,1,21.299
41,6,Water,Kandy,Swimming / Snorkeling,166,4,1.056
35,7,N/A,Nuwara Eliya,Other,189,5,2.44
27,2,Private Vehicle,Jaffna,Other,187,4,0.661
46,1,Private Vehicle,Anuradhapura,Vehicle Travel,163,3,1.945
57,8,Flight,Badulla,Flight,212,5,145.007
38,7,Walking,Hikkaduwa,Other,187,3,0.649
51,12,Cruise,Bentota,Cruise,294,3,95.947
35,12,Public Transport,Hikkaduwa,Cultural / Temple Visit,64,4,1.273
62,7,Private Vehicle,Yala,Vehicle Travel,173,3,14.619
58,6,Private Vehicle,Arugam Bay,Vehicle Travel,81,4,6.745
78,14,Flight,Negombo,Flight,187,5,205.455
21,11,Tuk-Tuk,Yala,Vehicle Travel,91,3,12.383
71,13,Private Vehicle,Hikkaduwa,Spa / Ayurveda,193,2,18.187
39,20,Private Vehicle,Yala,Private / Hired Vehicle,74,3,11.94
22,4,Private Vehicle,Jaffna,Sightseeing,215,4,1.643
61,9,Walking,Arugam Bay,Shopping,83,4,1.29
28,8,Bicycle,Jaffna,Bicycle Ride,146,5,0.032
29,2,Private Vehicle,Bentota,Private / Hired Vehicle,58,4,1.092
79,7,Flight,Galle,Flight,169,5,95.481
31,4,Private Vehicle,Sigiriya,Vehicle Travel,157,3,6.395
52,4,Public Transport,Anuradhapura,Sightseeing,105,2,0.595
30,2,Bicycle,Bentota,Vehicle Travel,43,3,0.643
25,9,Boat,Yala,Boat Ride,138,4,5.889
18,8,Flight,Arugam Bay,Flight,370,2,174.495
19,5,N/A,Sigiriya,Other,49,2,0.381
47,1,Walking,Anuradhapura,Hiking,71,3,0.01
45,6,Walking,Sigiriya,Other,46,3,0.134
20,1,Tuk-Tuk,Jaffna,Vehicle Travel,86,4,0.988
40,3,Flight,Arugam Bay,Flight,61,5,14.655
35,3,Public Transport,Mirissa,Spa / Ayurveda,133,2,1.965
53,13,Walking,Yala,Sightseeing,157,4,1.112
80,4,Private Vehicle,Badulla,Sightseeing,101,2,0.699
61,7,Private Vehicle,Arugam Bay,Other,135,3,1.455
75,13,Jeep,Mirissa,Wildlife Safari,217,3,46.97
30,4,Bicycle,Yala,Vehicle Travel,101,4,3.306
31,13,Jeep,Negombo,Wildlife Safari,152,4,35.207
65,1,Cruise,Jaffna,Cruise,270,4,7.53
37,3,Private Vehicle,Kandy,Vehicle Travel,200,5,8.532
71,1,Walking,Negombo,Hiking,156,2,0.022
47,6,Walking,Dambulla,Walking,62,4,0.004
30,16,Walking,Yala,Shopping,114,4,3.054
71,8,Private Vehicle,Trincomalee,Vehicle Travel,27,1,2.377
52,7,Public Bus,Colombo,Vehicle Travel,110,3,7.171
68,2,Walking,Kalpitiya,Walking,97,1,0.002
46,15,Private Vehicle,Dambulla,Other,152,2,3.453
25,5,Public Bus,Badulla,Vehicle Travel,185,3,8.178
60,2,Private Vehicle,Jaffna,Vehicle Travel,151,3,3.703
25,19,Flight,Nuwara Eliya,Flight,262,5,401.73
59,4,N/A,Sigiriya,Other,64,5,0.57
44,3,Flight,Haputale,Flight,108,4,25.654
67,1,N/A,Colombo,Meal,59,4,1.825
72,2,Flight,Hikkaduwa,Flight,219,5,34.651
43,11,Walking,Kandy,Other,71,3,0.429
73,5,Tuk-Tuk,Negombo,Vehicle Travel,74,4,4.468
24,16,Private Vehicle,Jaffna,Vehicle Travel,121,4,28.798
24,1,Walking,Arugam Bay,Walking,138,5,0.002
80,7,Bicycle,Negombo,Bicycle Ride,124,4,0.024
54,9,N/A,Anuradhapura,Beach Leisure,244,1,1.393
46,7,Flight,Jaffna,Flight,44,4,22.32
27,5,Bicycle,Polonnaruwa,Vehicle Travel,206,3,8.551
36,6,Walking,Arugam Bay,Hiking,283,3,0.262
61,8,Public Bus,Colombo,Vehicle Travel,89,4,8.416
69,12,Public Bus,Badulla,Vehicle Travel,275,4,39.19
75,3,Private Vehicle,Trincomalee,Medical / Hospital Visit,60,2,1.653
43,5,Cruise,Yala,Cruise,274,3,35.595
46,7,Train,Kandy,Vehicle Travel,67,4,3.562
28,3,Private Vehicle,Kandy,Vehicle Travel,113,2,3.883
23,2,Private Vehicle,Sigiriya,Private / Hired Vehicle,63,5,1.339
45,17,Ferry,Haputale,Ferry,146,3,12.143
54,2,Walking,Negombo,Other,49,4,0.054
24,2,Walking,Yala,Shopping,114,2,0.336
43,7,Water,Dambulla,Surfing,103,5,0.765
58,1,Walking,Anuradhapura,Jogging,43,5,0.006
69,1,Private Vehicle,Kalpitiya,Private / Hired Vehicle,147,2,1.129
77,1,Walking,Bentota,Shopping,96,4,0.182
39,1,Private Vehicle,Negombo,Medical / Hospital Visit,29,4,0.25
42,4,Walking,Yala,Walking,63,2,0.003
73,11,Walking,Hikkaduwa,Walking,28,4,0.004
61,3,Flight,Ella,Flight,100,5,20.417
35,4,Public Transport,Haputale,Spa / Ayurveda,201,4,4.692
61,7,N/A,Sigiriya,Meal,74,5,19.48
27,3,Walking,Trincomalee,Other,56,1,0.069
46,4,Private Vehicle,Hikkaduwa,Vehicle Travel,124,5,7.547
37,4,Private Vehicle,Hikkaduwa,Cultural / Temple Visit,59,5,0.439
80,3,Private Vehicle,Jaffna,Medical / Hospital Visit,96,2,2.554
20,4,Walking,Kalpitiya,Vehicle Travel,294,3,4.373
71,1,Train,Badulla,Vehicle Travel,108,4,1.17
35,13,Walking,Dambulla,Walking,114,5,0.018
20,18,Public Bus,Ella,Vehicle Travel,38,2,6.109
59,12,N/A,Dambulla,Meal,46,3,16.814
60,1,Public Transport,Trincomalee,Cultural / Temple Visit,66,4,0.111
26,10,Private Vehicle,Trincomalee,Other,147,3,2.45
20,6,Private Vehicle,Haputale,Medical / Hospital Visit,88,4,5.316
25,1,Water,Trincomalee,Surfing,195,4,0.163
43,15,Private Vehicle,Kalpitiya,Cultural / Temple Visit,67,5,2.227
26,10,Public Bus,Mirissa,Vehicle Travel,148,2,12.562
62,1,Walking,Kandy,Sightseeing,105,5,0.071
22,17,N/A,Negombo,Meal,52,4,23.36
67,1,N/A,Arugam Bay,Other,67,5,0.141
73,4,Public Bus,Trincomalee,Vehicle Travel,64,2,2.788
63,1,Public Transport,Bentota,Cultural / Temple Visit,126,4,0.2
77,1,N/A,Ella,Resting,96,5,0.063
77,17,Private Vehicle,Negombo,Sightseeing,134,4,4.622
20,6,Private Vehicle,Nuwara Eliya,Private / Hired Vehicle,71,1,2.699
39,2,Private Vehicle,Kandy,Vehicle Travel,240,3,6.123
65,10,Tuk-Tuk,Arugam Bay,Vehicle Travel,271,2,28.033
39,13,Public Transport,Negombo,Cultural / Temple Visit,127,2,2.405
64,14,Tuk-Tuk,Nuwara Eliya,Vehicle Travel,277,4,49.766
66,15,Public Transport,Anuradhapura,Airport Transfer,60,5,9.262
80,14,N/A,Yala,Meal,75,4,32.658
38,7,Walking,Haputale,Sightseeing,240,2,0.852
39,3,Jeep,Galle,Wildlife Safari,296,3,14.242
19,15,Water,Haputale,Swimming / Snorkeling,68,3,0.744
35,1,Private Vehicle,Galle,Sightseeing,224,2,0.339
35,2,Private Vehicle,Jaffna,Airport Transfer,131,5,3.075
46,4,Bicycle,Polonnaruwa,Bicycle Ride,70,2,0.007
44,3,Bicycle,Haputale,Bicycle Ride,97,2,0.007
71,7,Private Vehicle,Trincomalee,Shopping,87,4,3.471
66,14,Private Vehicle,Arugam Bay,Cultural / Temple Visit,101,2,2.598
63,5,Bicycle,Dambulla,Vehicle Travel,87,3,3.781
18,6,N/A,Haputale,Meal,58,4,9.414
47,4,Walking,Colombo,Sightseeing,151,2,0.306
63,9,Private Vehicle,Sigiriya,Vehicle Travel,130,4,18.782
33,1,Private Vehicle,Sigiriya,Vehicle Travel,124,3,1.587
44,1,Public Transport,Polonnaruwa,Public Transport,28,4,0.035
63,7,N/A,Colombo,Meal,42,2,7.544
68,6,Boat,Galle,Boat Ride,66,3,1.803
71,4,Train,Colombo,Vehicle Travel,185,4,7.218
45,3,Public Bus,Badulla,Vehicle Travel,247,1,6.781
43,1,Walking,Colombo,Walking,54,2,0.001
42,8,Flight,Sigiriya,Flight,472,3,232.735
60,4,Public Bus,Trincomalee,Vehicle Travel,109,2,3.96
44,4,Public Transport,Bentota,Spa / Ayurveda,124,1,2.007
43,13,N/A,Kandy,Beach Leisure,223,5,3.123
28,9,Train,Yala,Vehicle Travel,273,3,22.049
48,2,Flight,Dambulla,Flight,208,4,24.071
32,8,N/A,Sigiriya,Resting,127,3,0.527
51,1,Bicycle,Trincomalee,Bicycle Ride,34,1,0.001
73,2,Water,Arugam Bay,Swimming / Snorkeling,143,4,0.22
66,9,N/A,Nuwara Eliya,Meal,54,4,14.936
48,1,Train,Colombo,Vehicle Travel,116,5,1.503
79,2,Private Vehicle,Polonnaruwa,Vehicle Travel,85,1,1.949
79,14,Walking,Badulla,Other,40,2,0.341
45,9,Jeep,Trincomalee,Wildlife Safari,187,4,30.68
66,15,N/A,Polonnaruwa,Meal,37,3,18.403
39,13,Walking,Anuradhapura,Walking,72,1,0.008
73,3,Private Vehicle,Haputale,Other,72,3,0.366
41,7,Public Transport,Jaffna,Cultural / Temple Visit,133,2,1.104
34,4,Private Vehicle,Polonnaruwa,Private / Hired Vehicle,82,5,3.821
26,8,N/A,Hikkaduwa,Other,89,5,1.347
71,3,Public Transport,Haputale,Sightseeing,207,4,0.956
36,1,Ferry,Jaffna,Ferry,162,3,0.67
69,1,Tuk-Tuk,Polonnaruwa,Vehicle Travel,41,4,0.537
23,10,Walking,Haputale,Sightseeing,117,4,0.682
49,1,Private Vehicle,Dambulla,Other,50,4,0.092
44,7,Public Bus,Anuradhapura,Vehicle Travel,108,4,8.156
45,12,Private Vehicle,Kandy,Sightseeing,135,5,3.769
28,9,Public Transport,Yala,Sightseeing,112,3,1.243
22,4,Walking,Hikkaduwa,Vehicle Travel,170,4,3.178
39,2,Train,Kalpitiya,Vehicle Travel,292,5,5.547
47,14,N/A,Dambulla,Beach Leisure,113,5,1.631
67,6,Flight,Mirissa,Flight,157,5,77.87
47,4,Bicycle,Trincomalee,Vehicle Travel,106,3,3.476
33,15,Tuk-Tuk,Badulla,Vehicle Travel,126,4,20.188
34,2,Private Vehicle,Nuwara Eliya,Shopping,177,3,1.793
56,4,Flight,Dambulla,Flight,215,4,57.982
45,1,Train,Jaffna,Vehicle Travel,100,2,0.906
74,1,Public Transport,Trincomalee,Cultural / Temple Visit,58,3,0.084
45,4,Tuk-Tuk,Anuradhapura,Vehicle Travel,111,5,5.199
53,8,Cruise,Mirissa,Cruise,174,5,42.166
22,3,Private Vehicle,Badulla,Private / Hired Vehicle,67,3,1.838
30,8,Public Transport,Yala,Cultural / Temple Visit,132,2,1.623
71,11,Water,Galle,Swimming / Snorkeling,72,3,0.762
39,13,Bicycle,Galle,Vehicle Travel,107,2,9.194
44,1,Walking,Ella,Vehicle Travel,55,1,0.19
55,10,Public Transport,Yala,Public Transport,105,5,1.521
21,1,Private Vehicle,Colombo,Vehicle Travel,127,3,1.661
49,8,Public Transport,Sigiriya,Sightseeing,177,2,1.84
39,3,Private Vehicle,Hikkaduwa,Medical / Hospital Visit,78,4,2.096
27,9,Walking,Hikkaduwa,Jogging,33,1,0.033
44,2,Public Transport,Hikkaduwa,Sightseeing,103,3,0.314
46,7,N/A,Hikkaduwa,Beach Leisure,253,3,1.254
29,1,Flight,Kandy,Flight,229,2,14.084
52,2,Walking,Haputale,Walking,130,4,0.003
65,7,Bicycle,Sigiriya,Vehicle Travel,190,4,11.731
34,3,Private Vehicle,Kandy,Other,152,3,0.659
78,9,Cruise,Polonnaruwa,Cruise,381,5,113.274
56,8,Public Transport,Arugam Bay,Sightseeing,242,5,3.675
66,7,Bicycle,Bentota,Vehicle Travel,303,5,19.057
22,9,N/A,Anuradhapura,Beach Leisure,123,5,1.162
66,10,Private Vehicle,Jaffna,Private / Hired Vehicle,48,5,5.684
39,14,Public Bus,Trincomalee,Vehicle Travel,162,5,28.948
62,1,Private Vehicle,Colombo,Vehicle Travel,232,3,2.691
68,6,Walking,Galle,Shopping,72,2,0.593
33,10,N/A,Haputale,Meal,58,4,17.269
34,2,Cruise,Arugam Bay,Cruise,313,5,17.712
21,2,Walking,Badulla,Vehicle Travel,92,5,0.942
56,2,Private Vehicle,Hikkaduwa,Vehicle Travel,256,4,7.362
66,6,N/A,Negombo,Resting,167,5,0.698
43,3,N/A,Bentota,Other,89,4,0.462
28,8,N/A,Polonnaruwa,Resting,98,4,0.411
37,7,N/A,Hikkaduwa,Resting,147,1,0.415
43,8,Walking,Dambulla,Sightseeing,201,3,0.804
75,2,Private Vehicle,Sigiriya,Shopping,102,1,0.986
25,10,Walking,Jaffna,Walking,55,2,0.005
39,8,N/A,Anuradhapura,Beach Leisure,261,4,1.883
58,1,N/A,Haputale,Resting,45,1,0.021
32,2,N/A,Haputale,Meal,51,5,3.433
73,3,Train,Anuradhapura,Vehicle Travel,100,3,2.623
75,15,Private Vehicle,Colombo,Shopping,99,4,8.584
41,3,Flight,Nuwara Eliya,Flight,82,2,16.77
64,1,Private Vehicle,Sigiriya,Private / Hired Vehicle,100,5,1.267
65,1,Water,Colombo,Surfing,92,3,0.094
60,1,Flight,Haputale,Flight,189,4,12.1
29,4,Public Transport,Arugam Bay,Airport Transfer,71,4,2.51
21,11,Private Vehicle,Galle,Vehicle Travel,155,4,22.518
39,4,Cruise,Mirissa,Cruise,619,4,62.335
26,12,Public Bus,Anuradhapura,Vehicle Travel,149,4,17.071
36,1,Public Transport,Ella,Sightseeing,89,5,0.17
58,5,Flight,Arugam Bay,Flight,459,3,129.259
55,10,Walking,Jaffna,Walking,76,5,0.01
31,8,Private Vehicle,Hikkaduwa,Shopping,179,3,6.934
19,12,Public Transport,Nuwara Eliya,Airport Transfer,43,3,3.727
32,2,Flight,Mirissa,Flight,202,3,23.087
46,5,Walking,Dambulla,Walking,56,3,0.003
67,8,N/A,Mirissa,Beach Leisure,174,3,1.198
41,2,Private Vehicle,Badulla,Private / Hired Vehicle,88,5,1.993
36,11,Flight,Haputale,Flight,296,4,186.78
52,3,Private Vehicle,Arugam Bay,Sightseeing,81,5,0.427
22,1,Boat,Anuradhapura,Boat Ride,163,2,0.582
32,10,Water,Arugam Bay,Swimming / Snorkeling,60,4,0.585
20,9,Public Transport,Arugam Bay,Public Transport,28,2,0.303
51,13,Bicycle,Ella,Bicycle Ride,38,3,0.012
45,13,N/A,Badulla,Resting,90,3,0.632
54,2,Walking,Jaffna,Hiking,141,4,0.05
56,7,Private Vehicle,Galle,Private / Hired Vehicle,92,4,7.399
42,20,Water,Haputale,Swimming / Snorkeling,135,3,2.501
72,2,Private Vehicle,Haputale,Vehicle Travel,66,2,1.502
75,5,Private Vehicle,Jaffna,Other,66,3,0.603
24,14,Water,Haputale,Surfing,127,3,1.583
75,1,Private Vehicle,Badulla,Cultural / Temple Visit,145,4,0.307
30,15,Private Vehicle,Badulla,Vehicle Travel,136,4,29.473
33,5,Private Vehicle,Badulla,Sightseeing,170,5,1.724
51,13,Walking,Kandy,Walking,33,5,0.006
19,7,N/A,Colombo,Beach Leisure,101,3,0.522
40,8,Private Vehicle,Jaffna,Sightseeing,112,5,1.638
30,10,Walking,Negombo,Vehicle Travel,54,4,2.471
48,1,Flight,Polonnaruwa,Flight,200,2,13.112
69,7,Walking,Mirissa,Cultural / Temple Visit,72,5,0.37
76,14,Walking,Bentota,Jogging,33,3,0.062
31,16,Public Bus,Haputale,Vehicle Travel,41,4,6.585
52,17,Tuk-Tuk,Jaffna,Vehicle Travel,182,4,38.608
47,7,Private Vehicle,Hikkaduwa,Cultural / Temple Visit,105,5,1.768
44,7,Private Vehicle,Sigiriya,Vehicle Travel,152,4,13.755
57,6,Bicycle,Dambulla,Bicycle Ride,140,5,0.026
80,7,Tuk-Tuk,Galle,Vehicle Travel,233,3,21.729
43,7,Public Bus,Kalpitiya,Vehicle Travel,113,5,9.769
22,1,Private Vehicle,Kalpitiya,Private / Hired Vehicle,70,4,0.684
75,1,Train,Hikkaduwa,Vehicle Travel,148,4,1.615
76,7,Private Vehicle,Badulla,Private / Hired Vehicle,53,5,4.318
38,3,Walking,Haputale,Sightseeing,155,2,0.231
49,3,Private Vehicle,Kandy,Private / Hired Vehicle,75,3,1.711
72,2,Public Transport,Nuwara Eliya,Sightseeing,82,5,0.262
49,11,Public Bus,Galle,Vehicle Travel,156,5,20.908
48,17,Walking,Bentota,Walking,116,4,0.025
76,7,Private Vehicle,Jaffna,Private / Hired Vehicle,171,3,11.717
70,16,Private Vehicle,Galle,Shopping,133,3,11.337
49,13,Cruise,Kandy,Cruise,379,4,132.338
28,2,Public Transport,Mirissa,Sightseeing,176,3,0.482
45,1,Walking,Mirissa,Vehicle Travel,210,5,0.845
60,2,Public Bus,Anuradhapura,Vehicle Travel,315,4,7.601
35,1,N/A,Negombo,Meal,52,3,1.527
51,6,Public Bus,Jaffna,Vehicle Travel,167,3,10.518
59,3,N/A,Yala,Meal,52,5,5.223
23,14,Jeep,Kandy,Wildlife Safari,196,4,54.192
53,7,Private Vehicle,Dambulla,Vehicle Travel,189,3,16.379
64,3,Walking,Mirissa,Jogging,41,4,0.02
31,19,Private Vehicle,Galle,Shopping,85,3,6.712
52,16,Water,Ella,Swimming / Snorkeling,121,3,1.611
62,10,Public Transport,Bentota,Airport Transfer,134,4,13.58
20,10,Private Vehicle,Ella,Cultural / Temple Visit,59,3,0.972
58,18,Walking,Polonnaruwa,Hiking,251,3,0.57
34,7,N/A,Haputale,Beach Leisure,258,3,1.389
43,13,Walking,Kandy,Sightseeing,203,3,1.371
58,1,Private Vehicle,Nuwara Eliya,Sightseeing,130,4,0.278
18,6,Public Transport,Sigiriya,Airport Transfer,113,4,5.677
19,5,Tuk-Tuk,Badulla,Vehicle Travel,250,2,14.385
46,1,N/A,Mirissa,Meal,76,3,2.304
77,1,Public Bus,Badulla,Vehicle Travel,301,4,3.436
18,1,Public Bus,Nuwara Eliya,Vehicle Travel,130,5,1.669
67,3,Water,Kandy,Swimming / Snorkeling,134,1,0.326
22,1,Public Transport,Arugam Bay,Airport Transfer,68,1,0.44
48,4,Public Bus,Polonnaruwa,Vehicle Travel,66,5,3.083
45,11,Public Bus,Polonnaruwa,Vehicle Travel,81,2,7.442
47,7,Private Vehicle,Arugam Bay,Vehicle Travel,56,5,6.263
23,8,Private Vehicle,Sigiriya,Airport Transfer,72,5,6.145
65,1,Private Vehicle,Colombo,Vehicle Travel,136,2,1.766
35,12,Bicycle,Yala,Bicycle Ride,130,2,0.038
66,1,Walking,Trincomalee,Walking,105,5,0.001
59,3,Public Bus,Colombo,Vehicle Travel,223,3,6.85
52,5,Walking,Haputale,Shopping,123,4,0.942
37,15,Tuk-Tuk,Negombo,Vehicle Travel,59,3,10.27
59,20,N/A,Bentota,Meal,57,4,40.316
80,10,Private Vehicle,Anuradhapura,Spa / Ayurveda,87,5,9.147
76,9,N/A,Anuradhapura,Resting,65,4,0.332
75,5,Public Transport,Kalpitiya,Sightseeing,94,1,0.56
31,8,Private Vehicle,Negombo,Private / Hired Vehicle,160,4,11.701
54,1,Public Bus,Kandy,Vehicle Travel,103,4,1.16
43,2,Walking,Bentota,Vehicle Travel,168,2,1.281
78,19,Private Vehicle,Dambulla,Vehicle Travel,30,4,9.027
77,18,Private Vehicle,Anuradhapura,Vehicle Travel,49,4,14.648
72,3,Walking,Polonnaruwa,Cultural / Temple Visit,104,1,0.147
28,2,Jeep,Trincomalee,Wildlife Safari,299,5,10.553
38,2,Private Vehicle,Dambulla,Vehicle Travel,218,3,5.532
62,5,Tuk-Tuk,Trincomalee,Vehicle Travel,64,3,3.126
65,2,Public Transport,Negombo,Shopping,62,2,0.516
40,7,N/A,Yala,Meal,54,3,10.603
26,1,Walking,Nuwara Eliya,Jogging,40,3,0.005
26,1,Private Vehicle,Kalpitiya,Airport Transfer,57,3,0.541
61,2,Private Vehicle,Yala,Cultural / Temple Visit,77,4,0.279
46,10,Walking,Colombo,Jogging,43,4,0.057
48,3,N/A,Anuradhapura,Beach Leisure,85,2,0.208
69,5,Private Vehicle,Yala,Vehicle Travel,110,4,8.301
19,8,Private Vehicle,Nuwara Eliya,Shopping,141,4,6.569
65,10,Tuk-Tuk,Kalpitiya,Vehicle Travel,103,4,12.856
35,3,Public Transport,Arugam Bay,Public Transport,129,5,0.533
76,9,Cruise,Anuradhapura,Cruise,316,3,65.688
78,3,Bicycle,Hikkaduwa,Vehicle Travel,258,1,4.868
49,7,Public Bus,Mirissa,Vehicle Travel,284,1,14.538
37,4,Walking,Arugam Bay,Hiking,85,3,0.049
32,15,Walking,Badulla,Jogging,27,3,0.056
29,19,Walking,Badulla,Walking,111,1,0.02
80,10,Walking,Arugam Bay,Walking,80,4,0.01
29,14,Walking,Negombo,Sightseeing,71,5,0.655
46,1,Private Vehicle,Kandy,Sightseeing,166,4,0.331
48,8,N/A,Yala,Meal,73,4,19.212
60,2,Train,Yala,Vehicle Travel,215,4,3.464
71,2,Public Transport,Yala,Shopping,116,4,1.373
53,5,Walking,Polonnaruwa,Hiking,141,3,0.108
65,9,Boat,Jaffna,Boat Ride,112,3,4.621
53,9,Walking,Arugam Bay,Jogging,25,3,0.033
45,13,Private Vehicle,Yala,Vehicle Travel,97,2,15.314
27,6,Private Vehicle,Mirissa,Cultural / Temple Visit,59,4,0.78
31,15,Walking,Nuwara Eliya,Hiking,75,3,0.158
45,13,Walking,Nuwara Eliya,Sightseeing,188,2,1.282
20,12,Private Vehicle,Trincomalee,Vehicle Travel,58,3,8.444
37,2,Flight,Bentota,Flight,237,4,32.651
47,5,Private Vehicle,Hikkaduwa,Shopping,129,3,3.07
47,9,Public Bus,Haputale,Vehicle Travel,66,3,5.718
69,18,Public Transport,Anuradhapura,Sightseeing,233,2,6.651
78,1,Public Bus,Jaffna,Vehicle Travel,75,2,0.798
63,3,Public Transport,Sigiriya,Sightseeing,109,4,0.556
23,3,Private Vehicle,Dambulla,Cultural / Temple Visit,69,1,0.255
43,3,Water,Nuwara Eliya,Swimming / Snorkeling,53,3,0.117
63,11,Private Vehicle,Trincomalee,Vehicle Travel,177,5,28.75
55,1,Water,Anuradhapura,Surfing,204,3,0.171
46,3,Train,Dambulla,Vehicle Travel,149,4,4.317
45,9,Public Bus,Nuwara Eliya,Vehicle Travel,76,4,7.79
43,4,Public Bus,Nuwara Eliya,Vehicle Travel,73,2,3.018
54,1,Tuk-Tuk,Dambulla,Vehicle Travel,208,3,2.687
29,7,N/A,Jaffna,Meal,50,3,10.219
50,5,Bicycle,Mirissa,Bicycle Ride,100,3,0.012
30,19,Private Vehicle,Dambulla,Cultural / Temple Visit,49,3,1.642
60,10,Walking,Sigiriya,Jogging,29,4,0.042
72,19,Flight,Nuwara Eliya,Flight,447,2,556.192
49,2,Water,Badulla,Surfing,117,2,0.209
42,10,Bicycle,Galle,Bicycle Ride,157,4,0.042
77,6,Private Vehicle,Mirissa,Shopping,99,3,3.595
59,9,Public Bus,Anuradhapura,Vehicle Travel,127,4,11.558
44,5,Private Vehicle,Galle,Airport Transfer,90,1,3.777
19,2,Walking,Badulla,Other,47,4,0.049
19,1,Private Vehicle,Polonnaruwa,Cultural / Temple Visit,136,5,0.282
31,12,Private Vehicle,Nuwara Eliya,Medical / Hospital Visit,33,4,3.725
32,11,Private Vehicle,Dambulla,Sightseeing,223,5,4.848
63,1,Walking,Dambulla,Sightseeing,201,3,0.101
49,7,N/A,Trincomalee,Meal,63,1,10.326
80,9,Private Vehicle,Badulla,Sightseeing,207,3,3.462
52,6,Public Transport,Nuwara Eliya,Public Transport,110,3,0.813
74,3,Tuk-Tuk,Kandy,Vehicle Travel,173,5,8.709
52,13,Water,Polonnaruwa,Surfing,137,3,1.503
40,7,Public Bus,Anuradhapura,Vehicle Travel,155,3,9.516
63,9,Walking,Galle,Vehicle Travel,73,5,3.261
46,7,Walking,Badulla,Other,96,3,0.296
35,9,Walking,Yala,Walking,114,4,0.013
47,1,Water,Kalpitiya,Swimming / Snorkeling,63,3,0.057
59,14,Public Bus,Polonnaruwa,Vehicle Travel,144,5,23.459
41,3,Private Vehicle,Bentota,Private / Hired Vehicle,171,2,3.948
62,12,Public Transport,Polonnaruwa,Public Transport,81,4,1.189
79,13,Public Transport,Arugam Bay,Spa / Ayurveda,94,4,8.64
43,7,Walking,Mirissa,Jogging,39,5,0.04
36,7,Walking,Sigiriya,Sightseeing,204,5,0.925
43,1,N/A,Colombo,Meal,37,4,1.278
70,4,Public Transport,Ella,Shopping,36,2,0.594
29,7,Private Vehicle,Bentota,Vehicle Travel,115,3,10.666
79,1,Water,Trincomalee,Swimming / Snorkeling,87,5,0.106
44,1,Tuk-Tuk,Kalpitiya,Vehicle Travel,92,4,1.199
71,20,Walking,Ella,Sightseeing,124,5,1.692
67,3,Jeep,Negombo,Wildlife Safari,124,4,6.653
67,3,Cruise,Negombo,Cruise,156,3,13.48
75,2,Walking,Polonnaruwa,Other,85,2,0.08
29,7,Public Bus,Polonnaruwa,Vehicle Travel,142,3,9.492
55,5,Public Transport,Kandy,Sightseeing,94,4,0.819
24,10,Flight,Nuwara Eliya,Flight,388,3,232.851
36,5,Walking,Haputale,Other,206,1,0.428
20,1,Public Transport,Mirissa,Shopping,92,4,0.383
60,5,Public Transport,Nuwara Eliya,Spa / Ayurveda,101,1,2.458
56,1,Walking,Badulla,Vehicle Travel,227,3,1.048
64,11,N/A,Bentota,Beach Leisure,80,3,0.754
29,1,Boat,Sigiriya,Boat Ride,60,4,0.32
38,2,Walking,Polonnaruwa,Walking,44,2,0.001
60,5,Jeep,Badulla,Wildlife Safari,364,4,30.766
70,2,Walking,Yala,Hiking,114,5,0.042
73,6,N/A,Mirissa,Beach Leisure,262,4,1.64
22,5,Private Vehicle,Mirissa,Vehicle Travel,61,5,3.801
43,16,Bicycle,Nuwara Eliya,Vehicle Travel,231,3,31.684
18,1,Train,Jaffna,Vehicle Travel,110,2,0.94
69,6,Public Transport,Kandy,Spa / Ayurveda,97,1,2.904
25,9,Train,Kalpitiya,Vehicle Travel,63,4,5.06
69,1,Private Vehicle,Polonnaruwa,Vehicle Travel,317,2,3.814
27,7,Walking,Ella,Sightseeing,113,5,0.527
18,12,Private Vehicle,Mirissa,Shopping,139,4,8.016
73,10,Walking,Kandy,Cultural / Temple Visit,75,5,0.49
45,15,Private Vehicle,Kandy,Private / Hired Vehicle,87,3,13.304
44,9,N/A,Mirissa,Resting,115,4,0.486
58,4,Public Bus,Dambulla,Vehicle Travel,64,3,2.518
35,14,Private Vehicle,Polonnaruwa,Airport Transfer,40,4,4.963
61,2,N/A,Bentota,Meal,81,4,4.834
45,6,Private Vehicle,Haputale,Sightseeing,124,3,1.287
35,10,Water,Trincomalee,Swimming / Snorkeling,139,5,1.487
42,13,Private Vehicle,Anuradhapura,Private / Hired Vehicle,146,4,18.77
18,14,Private Vehicle,Bentota,Private / Hired Vehicle,165,4,20.499
36,1,N/A,Negombo,Meal,71,3,1.904
55,9,Public Transport,Anuradhapura,Spa / Ayurveda,69,2,3.587
26,2,Water,Anuradhapura,Surfing,128,1,0.181
25,10,Train,Anuradhapura,Vehicle Travel,117,4,10.096
59,8,Private Vehicle,Bentota,Vehicle Travel,169,2,16.007
44,2,N/A,Anuradhapura,Meal,55,5,4.173
26,12,Private Vehicle,Colombo,Vehicle Travel,31,5,5.707
65,5,Public Transport,Kalpitiya,Public Transport,49,1,0.229
66,6,Cruise,Sigiriya,Cruise,617,4,102.768
20,17,Boat,Yala,Boat Ride,164,3,11.716
30,8,Train,Ella,Vehicle Travel,95,3,6.243
41,6,Walking,Trincomalee,Cultural / Temple Visit,70,3,0.215
64,1,Cruise,Sigiriya,Cruise,314,5,8.609
22,2,Bicycle,Ella,Bicycle Ride,46,5,0.003
68,1,Walking,Sigiriya,Hiking,281,1,0.041
38,3,Tuk-Tuk,Haputale,Vehicle Travel,119,3,4.79
25,3,Tuk-Tuk,Kalpitiya,Vehicle Travel,72,3,2.076
72,5,N/A,Dambulla,Other,69,4,0.632
23,8,Train,Nuwara Eliya,Vehicle Travel,302,2,21.68
26,2,Water,Mirissa,Swimming / Snorkeling,61,5,0.112
77,7,Private Vehicle,Polonnaruwa,Vehicle Travel,229,5,25.966
50,14,N/A,Mirissa,Meal,70,3,33.192
47,2,Walking,Kalpitiya,Other,106,5,0.125
61,8,Train,Nuwara Eliya,Vehicle Travel,244,4,19.174
57,1,Private Vehicle,Arugam Bay,Medical / Hospital Visit,73,4,0.627
56,5,N/A,Bentota,Beach Leisure,192,5,1.073
19,9,Private Vehicle,Negombo,Vehicle Travel,191,3,18.228
52,1,Private Vehicle,Galle,Vehicle Travel,190,4,2.526
35,3,Bicycle,Bentota,Vehicle Travel,150,3,2.994
68,13,Walking,Negombo,Vehicle Travel,160,4,8.822
49,2,Flight,Colombo,Flight,255,2,35.393
25,9,Walking,Sigiriya,Walking,164,3,0.015
73,7,Public Transport,Negombo,Sightseeing,91,3,0.99
35,1,Public Bus,Nuwara Eliya,Vehicle Travel,147,3,1.49
35,9,N/A,Mirissa,Beach Leisure,237,3,1.774
76,5,Private Vehicle,Yala,Private / Hired Vehicle,49,2,2.546
66,1,Walking,Arugam Bay,Vehicle Travel,152,5,0.776
72,16,N/A,Anuradhapura,Resting,101,4,0.855
59,5,Private Vehicle,Kalpitiya,Sightseeing,215,3,2.024
75,9,Private Vehicle,Negombo,Vehicle Travel,251,5,37.527
25,2,Walking,Negombo,Hiking,253,5,0.096
55,1,Public Transport,Dambulla,Public Transport,109,2,0.102
36,9,N/A,Yala,Meal,55,4,15.687
43,8,Public Bus,Galle,Vehicle Travel,98,3,7.798
32,2,Private Vehicle,Kandy,Cultural / Temple Visit,54,4,0.187
30,9,Private Vehicle,Arugam Bay,Other,187,4,3.35
45,5,Public Transport,Kalpitiya,Shopping,125,1,2.002
75,3,Private Vehicle,Arugam Bay,Vehicle Travel,110,4,6.026
58,10,Tuk-Tuk,Badulla,Vehicle Travel,118,3,12.518
40,7,Boat,Trincomalee,Boat Ride,76,4,2.698
45,5,Private Vehicle,Mirissa,Sightseeing,271,2,2.226
51,10,Private Vehicle,Kandy,Shopping,174,5,11.977
33,6,Flight,Dambulla,Flight,133,4,61.575
50,15,N/A,Kalpitiya,Other,33,2,0.779
61,11,Private Vehicle,Trincomalee,Sightseeing,150,4,3.227
33,3,Private Vehicle,Haputale,Other,128,1,0.525
54,5,Bicycle,Nuwara Eliya,Bicycle Ride,50,4,0.007
62,16,Train,Arugam Bay,Vehicle Travel,99,4,15.952
50,13,Public Transport,Haputale,Public Transport,20,1,0.257
36,2,Walking,Mirissa,Hiking,189,3,0.057
52,2,Train,Hikkaduwa,Vehicle Travel,177,1,2.614
67,3,Ferry,Yala,Ferry,107,4,1.824
31,13,Public Transport,Trincomalee,Spa / Ayurveda,154,4,13.26
54,15,Public Transport,Anuradhapura,Shopping,120,2,6.816
60,11,Jeep,Hikkaduwa,Wildlife Safari,313,2,57.662
38,2,N/A,Kandy,Resting,113,5,0.156
42,13,Public Transport,Trincomalee,Sightseeing,127,2,2.023
73,1,Flight,Haputale,Flight,72,3,4.853
40,4,Cruise,Kandy,Cruise,273,4,29.28
55,4,Private Vehicle,Arugam Bay,Vehicle Travel,112,1,5.208
27,6,Walking,Hikkaduwa,Vehicle Travel,158,5,4.602
76,6,Cruise,Kandy,Cruise,474,1,66.78
55,2,Private Vehicle,Colombo,Vehicle Travel,190,5,6.031
65,2,Public Transport,Ella,Public Transport,75,3,0.166
55,11,Tuk-Tuk,Nuwara Eliya,Vehicle Travel,118,2,13.874
40,1,Walking,Kalpitiya,Walking,111,3,0.001
39,5,Walking,Ella,Jogging,32,5,0.023
62,2,Public Transport,Mirissa,Shopping,136,4,1.396
72,3,N/A,Bentota,Meal,63,1,5.296
26,2,Flight,Trincomalee,Flight,348,5,55.112
71,9,Tuk-Tuk,Haputale,Vehicle Travel,183,2,20.07
70,4,Walking,Kalpitiya,Hiking,129,1,0.07
24,3,Ferry,Kandy,Ferry,139,1,1.661
24,11,Private Vehicle,Kandy,Other,168,5,4.303
61,1,N/A,Anuradhapura,Resting,223,2,0.129
71,10,Water,Polonnaruwa,Swimming / Snorkeling,76,2,0.72
42,2,Flight,Dambulla,Flight,154,5,24.611
58,14,Train,Mirissa,Vehicle Travel,88,4,11.714
80,1,Public Bus,Kalpitiya,Vehicle Travel,198,3,2.16
38,6,Water,Ella,Surfing,186,4,1.018
32,7,Public Bus,Negombo,Vehicle Travel,86,3,6.485
80,6,Cruise,Badulla,Cruise,167,3,26.229
35,11,N/A,Badulla,Resting,75,3,0.432
47,1,Private Vehicle,Negombo,Shopping,86,4,0.483
45,4,Public Transport,Hikkaduwa,Airport Transfer,133,4,3.723
50,12,Tuk-Tuk,Nuwara Eliya,Vehicle Travel,250,3,38.028
34,13,N/A,Negombo,Meal,58,2,20.487
60,5,Public Transport,Nuwara Eliya,Public Transport,149,3,0.955
61,6,Walking,Yala,Walking,47,4,0.003
30,10,Tuk-Tuk,Galle,Vehicle Travel,116,4,16.056
48,10,Walking,Bentota,Vehicle Travel,213,4,8.543
21,13,Flight,Kandy,Flight,409,5,399.085
31,12,Boat,Arugam Bay,Boat Ride,54,5,3.483
80,4,N/A,Kandy,Meal,53,5,7.127
49,7,Public Bus,Dambulla,Vehicle Travel,117,4,9.47
57,5,Walking,Hikkaduwa,Vehicle Travel,70,3,1.446
73,1,Walking,Hikkaduwa,Walking,91,4,0.001
62,11,Cruise,Negombo,Cruise,113,2,34.358
67,7,Tuk-Tuk,Dambulla,Vehicle Travel,135,2,9.88
62,1,Walking,Hikkaduwa,Vehicle Travel,177,3,0.597
49,8,Cruise,Mirissa,Cruise,419,3,72.598
57,3,Walking,Ella,Walking,55,4,0.002
36,1,Private Vehicle,Negombo,Sightseeing,169,3,0.309
74,7,Flight,Arugam Bay,Flight,119,1,47.887
29,9,Public Transport,Ella,Spa / Ayurveda,114,5,6.813
73,5,Flight,Arugam Bay,Flight,352,4,144.332
73,1,Boat,Bentota,Boat Ride,88,2,0.392
26,6,Public Transport,Ella,Public Transport,69,3,0.418
62,1,Walking,Jaffna,Shopping,161,2,0.261
80,15,Public Transport,Kalpitiya,Public Transport,86,5,2.045
54,2,Walking,Colombo,Jogging,43,3,0.011
39,13,Public Bus,Galle,Vehicle Travel,211,5,37.727
73,1,Walking,Haputale,Sightseeing,182,3,0.097
50,1,N/A,Hikkaduwa,Resting,58,4,0.034
25,4,Cruise,Nuwara Eliya,Cruise,427,1,31.17
33,10,Public Transport,Anuradhapura,Airport Transfer,114,3,8.382
60,15,Flight,Kandy,Flight,209,3,195.956
46,5,Train,Polonnaruwa,Vehicle Travel,164,3,7.662
31,3,Public Bus,Hikkaduwa,Vehicle Travel,32,5,1.097
68,1,Private Vehicle,Nuwara Eliya,Private / Hired Vehicle,66,4,0.704
25,6,Private Vehicle,Ella,Sightseeing,199,3,1.955
31,4,Tuk-Tuk,Hikkaduwa,Vehicle Travel,262,4,12.785
47,14,Bicycle,Jaffna,Vehicle Travel,248,2,23.545
20,5,Private Vehicle,Negombo,Vehicle Travel,33,5,2.45
42,10,N/A,Nuwara Eliya,Meal,78,3,20.642
75,12,Public Bus,Badulla,Vehicle Travel,201,2,24.422
77,1,Cruise,Ella,Cruise,205,3,5.163
72,4,N/A,Ella,Meal,68,2,8.025
38,13,Public Transport,Negombo,Public Transport,93,5,1.757
22,4,Public Bus,Jaffna,Vehicle Travel,162,3,7.344
69,6,Walking,Anuradhapura,Jogging,29,2,0.019
41,13,Flight,Negombo,Flight,106,5,102.146
65,2,Public Transport,Jaffna,Sightseeing,151,2,0.399
25,13,Private Vehicle,Yala,Other,159,2,3.354
60,4,Walking,Nuwara Eliya,Sightseeing,270,4,0.659
54,6,Private Vehicle,Negombo,Vehicle Travel,50,1,2.958
75,3,Private Vehicle,Jaffna,Other,85,5,0.574
24,5,Walking,Kalpitiya,Other,165,4,0.485
43,1,Walking,Yala,Jogging,24,3,0.003
80,1,Private Vehicle,Sigiriya,Vehicle Travel,186,3,2.441
42,4,Private Vehicle,Kandy,Private / Hired Vehicle,44,3,1.724
59,3,Ferry,Sigiriya,Ferry,231,4,3.698
28,7,Private Vehicle,Negombo,Medical / Hospital Visit,39,4,2.684
63,1,Walking,Sigiriya,Jogging,28,4,0.004
35,1,Private Vehicle,Jaffna,Private / Hired Vehicle,90,3,0.813
54,2,Cruise,Nuwara Eliya,Cruise,244,4,11.67
73,4,Public Transport,Haputale,Public Transport,36,1,0.149
59,2,N/A,Haputale,Resting,147,5,0.172
47,1,Bicycle,Polonnaruwa,Bicycle Ride,102,2,0.002
29,6,Public Transport,Negombo,Sightseeing,212,5,2.137
39,9,Private Vehicle,Jaffna,Spa / Ayurveda,128,3,7.694
71,8,Public Bus,Colombo,Vehicle Travel,274,2,19.988
31,2,Ferry,Colombo,Ferry,82,3,0.765
59,12,Water,Yala,Swimming / Snorkeling,138,5,1.731
48,7,Walking,Dambulla,Hiking,108,5,0.135
38,7,Public Transport,Galle,Airport Transfer,78,4,4.611
63,2,Private Vehicle,Trincomalee,Cultural / Temple Visit,63,3,0.233
40,2,Private Vehicle,Badulla,Private / Hired Vehicle,130,4,2.566
36,5,Private Vehicle,Polonnaruwa,Vehicle Travel,274,3,17.778
51,2,Cruise,Jaffna,Cruise,269,4,14.132
65,8,Public Transport,Jaffna,Spa / Ayurveda,158,3,8.211
72,3,Walking,Kandy,Hiking,114,5,0.072
57,1,Boat,Colombo,Boat Ride,107,4,0.531
59,1,Walking,Bentota,Hiking,69,3,0.01
67,1,Water,Polonnaruwa,Swimming / Snorkeling,52,4,0.053
34,4,Boat,Colombo,Boat Ride,58,3,0.978
33,1,Walking,Dambulla,Vehicle Travel,198,2,0.611
48,6,Tuk-Tuk,Sigiriya,Vehicle Travel,151,3,10.962
57,3,Public Transport,Kandy,Airport Transfer,30,3,0.696
58,6,Jeep,Kandy,Wildlife Safari,128,3,10.725
27,15,Walking,Hikkaduwa,Other,68,4,0.558
67,12,Train,Colombo,Vehicle Travel,102,4,13.339
40,6,N/A,Trincomalee,Other,223,3,2.146
73,4,N/A,Haputale,Beach Leisure,144,5,0.613
63,8,Flight,Jaffna,Flight,275,5,182.369
79,14,Walking,Bentota,Jogging,42,2,0.073
57,5,Boat,Kalpitiya,Boat Ride,53,3,1.207
51,1,Public Transport,Kandy,Airport Transfer,162,5,1.703
29,10,Public Bus,Nuwara Eliya,Vehicle Travel,113,3,11.793
43,1,Tuk-Tuk,Ella,Vehicle Travel,156,3,1.797
72,10,Water,Colombo,Swimming / Snorkeling,85,5,0.804
42,1,Public Bus,Badulla,Vehicle Travel,313,4,3.618
21,1,Private Vehicle,Nuwara Eliya,Airport Transfer,106,5,1.148
33,10,N/A,Kandy,Meal,58,5,21.14
55,8,Flight,Haputale,Flight,239,2,102.702
57,6,N/A,Badulla,Meal,54,4,11.5
79,11,Walking,Nuwara Eliya,Jogging,53,5,0.09
76,12,Private Vehicle,Yala,Sightseeing,199,3,4.455
51,4,Private Vehicle,Hikkaduwa,Private / Hired Vehicle,107,1,3.698
52,20,Private Vehicle,Yala,Sightseeing,221,2,7.462
68,3,Walking,Dambulla,Vehicle Travel,207,4,2.787
21,2,Walking,Nuwara Eliya,Hiking,244,4,0.081
55,12,Private Vehicle,Polonnaruwa,Sightseeing,135,5,3.091
47,4,Public Bus,Jaffna,Vehicle Travel,238,3,10.674
67,13,Bicycle,Colombo,Vehicle Travel,215,4,26.418
68,1,Private Vehicle,Mirissa,Shopping,149,1,0.654
59,1,Jeep,Colombo,Wildlife Safari,344,5,5.489
59,1,N/A,Polonnaruwa,Meal,35,4,1.253
61,7,Ferry,Badulla,Ferry,203,4,6.638
54,12,Walking,Ella,Vehicle Travel,156,3,7.521
32,4,Walking,Trincomalee,Walking,38,2,0.001
35,1,Walking,Bentota,Vehicle Travel,217,1,0.711
64,3,Water,Kandy,Surfing,176,5,0.522
56,3,Jeep,Hikkaduwa,Wildlife Safari,191,2,9.079
32,7,Walking,Colombo,Walking,63,5,0.005
73,7,Private Vehicle,Colombo,Shopping,98,3,3.695
79,1,Walking,Polonnaruwa,Jogging,27,4,0.004
57,4,Water,Sigiriya,Swimming / Snorkeling,96,3,0.353
32,7,Private Vehicle,Haputale,Other,155,1,1.478
77,2,N/A,Jaffna,Beach Leisure,139,4,0.282
32,4,Public Bus,Trincomalee,Vehicle Travel,73,3,2.799
45,7,Private Vehicle,Yala,Vehicle Travel,273,3,24.997
72,4,Walking,Anuradhapura,Vehicle Travel,226,4,4.089
50,1,Private Vehicle,Nuwara Eliya,Airport Transfer,39,3,0.394
33,2,Water,Negombo,Surfing,68,4,0.113
23,10,N/A,Mirissa,Meal,50,4,15.697
40,2,Walking,Colombo,Jogging,22,2,0.005
60,11,Bicycle,Bentota,Bicycle Ride,140,3,0.046
63,5,Bicycle,Kalpitiya,Vehicle Travel,60,2,2.589
32,5,Private Vehicle,Arugam Bay,Private / Hired Vehicle,52,1,1.806
28,10,N/A,Sigiriya,Resting,192,1,0.776
62,4,Water,Nuwara Eliya,Swimming / Snorkeling,153,4,0.473
28,2,Private Vehicle,Ella,Vehicle Travel,38,2,1.05
22,1,Private Vehicle,Kalpitiya,Vehicle Travel,148,5,2.291
48,8,Private Vehicle,Bentota,Private / Hired Vehicle,86,4,7.448
53,5,Public Transport,Sigiriya,Airport Transfer,68,1,2.274
33,11,Cruise,Kandy,Cruise,317,4,89.296
31,4,Cruise,Kalpitiya,Cruise,402,1,34.705
32,4,Bicycle,Anuradhapura,Bicycle Ride,159,2,0.014
39,3,Walking,Negombo,Shopping,107,5,0.539
18,2,Public Transport,Negombo,Sightseeing,180,3,0.5
18,11,Jeep,Anuradhapura,Wildlife Safari,255,1,38.178
41,1,Public Transport,Arugam Bay,Public Transport,101,5,0.148
19,14,Private Vehicle,Galle,Other,35,5,0.998
38,1,Private Vehicle,Hikkaduwa,Shopping,78,4,0.402
54,5,N/A,Hikkaduwa,Beach Leisure,296,4,1.365
19,1,Ferry,Nuwara Eliya,Ferry,139,4,0.733
56,10,Public Transport,Ella,Sightseeing,185,4,3.163
57,2,Walking,Anuradhapura,Vehicle Travel,261,3,2.185
54,6,Private Vehicle,Hikkaduwa,Private / Hired Vehicle,147,5,10.014
57,14,Public Transport,Trincomalee,Public Transport,36,4,0.619
68,7,N/A,Kandy,Meal,48,3,9.558
22,2,Private Vehicle,Jaffna,Medical / Hospital Visit,26,1,0.403
28,11,Jeep,Negombo,Wildlife Safari,336,3,57.072
37,4,Private Vehicle,Ella,Sightseeing,122,2,0.728
61,1,Private Vehicle,Yala,Shopping,113,1,0.512
72,5,N/A,Polonnaruwa,Meal,50,3,8.716
75,11,Flight,Bentota,Flight,393,5,326.377
54,4,Public Bus,Kandy,Vehicle Travel,155,2,6.339
43,10,Jeep,Haputale,Wildlife Safari,290,3,45.427
43,9,Train,Kandy,Vehicle Travel,65,5,6.337
21,4,Water,Kandy,Swimming / Snorkeling,40,3,0.142
47,3,Water,Nuwara Eliya,Swimming / Snorkeling,105,4,0.324
50,9,Private Vehicle,Dambulla,Shopping,173,4,8.447
31,3,Walking,Hikkaduwa,Vehicle Travel,127,4,1.649
66,2,Private Vehicle,Nuwara Eliya,Spa / Ayurveda,154,2,2.111
69,3,Private Vehicle,Kandy,Private / Hired Vehicle,59,3,1.789
37,13,Walking,Badulla,Jogging,23,4,0.045
75,3,Private Vehicle,Colombo,Sightseeing,214,1,0.926
24,2,Public Bus,Haputale,Vehicle Travel,175,2,3.496
75,1,Cruise,Arugam Bay,Cruise,145,3,3.693
66,1,Private Vehicle,Ella,Private / Hired Vehicle,152,4,1.782
32,18,N/A,Bentota,Meal,42,4,24.693
58,6,N/A,Bentota,Other,163,4,1.853
37,9,N/A,Ella,Other,48,4,0.851
68,10,Bicycle,Yala,Vehicle Travel,274,1,17.597
28,3,Flight,Hikkaduwa,Flight,353,5,77.381
33,11,Jeep,Arugam Bay,Wildlife Safari,362,5,73.058
37,16,Private Vehicle,Mirissa,Other,96,3,2.441
30,9,N/A,Badulla,Meal,75,3,15.16
38,9,Tuk-Tuk,Galle,Vehicle Travel,42,3,4.062
55,4,Bicycle,Negombo,Bicycle Ride,41,5,0.005
57,12,Tuk-Tuk,Nuwara Eliya,Vehicle Travel,124,3,18.354
52,1,Tuk-Tuk,Colombo,Vehicle Travel,91,3,0.971
29,10,Walking,Anuradhapura,Shopping,58,5,1.019
30,3,Bicycle,Anuradhapura,Vehicle Travel,156,4,3.768
75,6,Jeep,Badulla,Wildlife Safari,232,2,24.25
33,13,Walking,Bentota,Walking,64,4,0.009
24,7,Walking,Dambulla,Hiking,96,4,0.114
46,1,Flight,Haputale,Flight,509,3,34.459
18,9,N/A,Bentota,Other,117,4,2.008
39,15,N/A,Ella,Resting,130,4,1.029
71,7,Public Transport,Badulla,Public Transport,119,4,1.266
34,12,Walking,Arugam Bay,Vehicle Travel,205,5,9.447
62,11,Bicycle,Arugam Bay,Vehicle Travel,80,4,8.12
48,12,Private Vehicle,Negombo,Vehicle Travel,301,4,52.223
40,3,Flight,Anuradhapura,Flight,291,4,65.986
59,5,Private Vehicle,Trincomalee,Vehicle Travel,153,2,9.249
55,12,Cruise,Haputale,Cruise,458,1,108.649
38,14,Private Vehicle,Colombo,Vehicle Travel,230,5,44.594
32,1,Public Transport,Negombo,Cultural / Temple Visit,78,4,0.111
75,2,Private Vehicle,Anuradhapura,Airport Transfer,134,3,2.618
28,3,Bicycle,Trincomalee,Vehicle Travel,149,1,2.631
78,10,Private Vehicle,Haputale,Vehicle Travel,83,2,9.994
47,13,Private Vehicle,Mirissa,Spa / Ayurveda,173,1,11.943
80,6,Public Bus,Yala,Vehicle Travel,115,3,8.062
40,1,Public Bus,Badulla,Vehicle Travel,104,4,1.078
53,3,Public Transport,Mirissa,Spa / Ayurveda,188,2,3.247
56,12,Train,Ella,Vehicle Travel,136,4,16.04
